2026-01-16 18:33:13.312 [Test worker] INFO  n.f.d.b.e2e.AuthenticationE2ETest - Starting AuthenticationE2ETest using Java 21.0.9 with PID 50960 (started by Oscar in C:\Users\Oscar\source\repos\individual-project-s3\backend)
2026-01-16 18:33:13.315 [Test worker] INFO  n.f.d.b.e2e.AuthenticationE2ETest - The following 1 profile is active: "test"
2026-01-16 18:33:15.637 [Test worker] INFO  o.s.d.r.c.RepositoryConfigurationDelegate - Bootstrapping Spring Data JPA repositories in DEFAULT mode.
2026-01-16 18:33:15.800 [Test worker] INFO  o.s.d.r.c.RepositoryConfigurationDelegate - Finished Spring Data repository scanning in 144 ms. Found 14 JPA repository interfaces.
2026-01-16 18:33:17.131 [Test worker] INFO  com.zaxxer.hikari.HikariDataSource - HikariPool-1 - Starting...
2026-01-16 18:33:17.474 [Test worker] INFO  com.zaxxer.hikari.pool.HikariPool - HikariPool-1 - Added connection org.postgresql.jdbc.PgConnection@22457838
2026-01-16 18:33:17.478 [Test worker] INFO  com.zaxxer.hikari.HikariDataSource - HikariPool-1 - Start completed.
2026-01-16 18:33:17.547 [Test worker] INFO  org.flywaydb.core.FlywayExecutor - Database: jdbc:postgresql://localhost:5432/testdb (PostgreSQL 16.11)
2026-01-16 18:33:17.679 [Test worker] INFO  o.f.core.internal.command.DbValidate - Successfully validated 3 migrations (execution time 00:00.065s)
2026-01-16 18:33:17.714 [Test worker] INFO  o.f.core.internal.command.DbMigrate - Current version of schema "public": 3
2026-01-16 18:33:17.722 [Test worker] INFO  o.f.core.internal.command.DbMigrate - Schema "public" is up to date. No migration necessary.
2026-01-16 18:33:19.086 [Test worker] INFO  o.s.o.j.p.SpringPersistenceUnitInfo - No LoadTimeWeaver setup: ignoring JPA class transformer
2026-01-16 18:33:21.355 [Test worker] INFO  o.s.o.j.LocalContainerEntityManagerFactoryBean - Initialized JPA EntityManagerFactory for persistence unit 'default'
2026-01-16 18:33:22.049 [Test worker] INFO  o.s.d.j.r.query.QueryEnhancerFactory - Hibernate is in classpath; If applicable, HQL parser will be used.
2026-01-16 18:33:24.153 [Test worker] WARN  o.s.b.a.o.j.JpaBaseConfiguration$JpaWebConfiguration - spring.jpa.open-in-view is enabled by default. Therefore, database queries may be performed during view rendering. Explicitly configure spring.jpa.open-in-view to disable this warning
2026-01-16 18:33:24.944 [Test worker] INFO  o.s.b.a.e.web.EndpointLinksResolver - Exposing 1 endpoint beneath base path '/actuator'
2026-01-16 18:33:25.695 [Test worker] INFO  o.s.b.t.m.w.SpringBootMockServletContext - Initializing Spring TestDispatcherServlet ''
2026-01-16 18:33:25.695 [Test worker] INFO  o.s.t.w.s.TestDispatcherServlet - Initializing Servlet ''
2026-01-16 18:33:25.698 [Test worker] INFO  o.s.t.w.s.TestDispatcherServlet - Completed initialization in 3 ms
2026-01-16 18:33:25.768 [Test worker] INFO  o.s.m.s.b.SimpleBrokerMessageHandler - Starting...
2026-01-16 18:33:25.769 [Test worker] INFO  o.s.m.s.b.SimpleBrokerMessageHandler - BrokerAvailabilityEvent[available=true, SimpleBrokerMessageHandler [org.springframework.messaging.simp.broker.DefaultSubscriptionRegistry@20c1cbe7]]
2026-01-16 18:33:25.770 [Test worker] INFO  o.s.m.s.b.SimpleBrokerMessageHandler - Started.
2026-01-16 18:33:25.783 [Test worker] INFO  n.f.d.b.e2e.AuthenticationE2ETest - Started AuthenticationE2ETest in 13.643 seconds (process running for 17.161)
2026-01-16 18:33:26.373 [Test worker] DEBUG org.hibernate.SQL - select r1_0.id,r1_0.name from role r1_0 where r1_0.name=?
2026-01-16 18:33:26.461 [Test worker] DEBUG org.hibernate.SQL - insert into role (name) values (?)
2026-01-16 18:33:26.496 [Test worker] DEBUG org.hibernate.SQL - select hc1_0.id,hc1_0.active,hc1_0.icon_path,hc1_0.name from hazard_category hc1_0
2026-01-16 18:33:26.503 [Test worker] DEBUG org.hibernate.SQL - insert into hazard_category (active,icon_path,name) values (?,?,?)
2026-01-16 18:33:26.627 [Test worker] INFO  n.f.d.b.controller.UserController - User registration attempt - username: authuser, email: authuser@test.com
2026-01-16 18:33:26.632 [Test worker] DEBUG org.hibernate.SQL - select u1_0.id from app_user u1_0 where u1_0.username=? fetch first ? rows only
2026-01-16 18:33:26.639 [Test worker] DEBUG org.hibernate.SQL - select u1_0.id from app_user u1_0 where u1_0.email=? fetch first ? rows only
2026-01-16 18:33:26.644 [Test worker] DEBUG org.hibernate.SQL - select r1_0.id,r1_0.name from role r1_0 where r1_0.name=?
2026-01-16 18:33:26.740 [Test worker] DEBUG org.hibernate.SQL - insert into app_user (avatar_id,background_id,created_at,email,name,password,role_id,username) values (?,?,?,?,?,?,?,?)
2026-01-16 18:33:26.753 [Test worker] INFO  n.f.db3.backend.service.UserService - User created successfully - userId: 8074, username: authuser, email: authuser@test.com
2026-01-16 18:33:26.754 [Test worker] INFO  n.f.d.b.controller.UserController - User registered successfully - userId: 8074, username: authuser, email: authuser@test.com
2026-01-16 18:33:26.848 [Test worker] WARN  n.f.d.b.controller.UserController - Get current user failed - no authentication
2026-01-16 18:33:26.930 [Test worker] DEBUG org.hibernate.SQL - select u1_0.id,u1_0.avatar_id,u1_0.background_id,u1_0.created_at,u1_0.email,u1_0.name,u1_0.password,u1_0.role_id,u1_0.username from app_user u1_0 where u1_0.email=?
2026-01-16 18:33:27.111 [Test worker] DEBUG org.hibernate.SQL - select u1_0.id,u1_0.avatar_id,u1_0.background_id,u1_0.created_at,u1_0.email,u1_0.name,u1_0.password,u1_0.role_id,u1_0.username from app_user u1_0 where u1_0.email=?
2026-01-16 18:33:27.114 [Test worker] INFO  n.f.d.b.controller.UserController - User logged in successfully - userId: 8074, username: authuser, email: authuser@test.com
2026-01-16 18:33:27.165 [Test worker] DEBUG org.hibernate.SQL - select u1_0.id,u1_0.avatar_id,u1_0.background_id,u1_0.created_at,u1_0.email,u1_0.name,u1_0.password,u1_0.role_id,u1_0.username from app_user u1_0 where u1_0.email=?
2026-01-16 18:33:27.174 [Test worker] DEBUG org.hibernate.SQL - select u1_0.id,u1_0.avatar_id,u1_0.background_id,u1_0.created_at,u1_0.email,u1_0.name,u1_0.password,u1_0.role_id,u1_0.username from app_user u1_0 where u1_0.email=?
2026-01-16 18:33:27.202 [Test worker] DEBUG org.hibernate.SQL - select r1_0.id,r1_0.name from role r1_0 where r1_0.name=?
2026-01-16 18:33:27.205 [Test worker] DEBUG org.hibernate.SQL - insert into role (name) values (?)
2026-01-16 18:33:27.208 [Test worker] DEBUG org.hibernate.SQL - select hc1_0.id,hc1_0.active,hc1_0.icon_path,hc1_0.name from hazard_category hc1_0
2026-01-16 18:33:27.210 [Test worker] DEBUG org.hibernate.SQL - insert into hazard_category (active,icon_path,name) values (?,?,?)
2026-01-16 18:33:27.216 [Test worker] INFO  n.f.d.b.controller.UserController - User registration attempt - username: invaliduser, email: invaliduser@test.com
2026-01-16 18:33:27.218 [Test worker] DEBUG org.hibernate.SQL - select u1_0.id from app_user u1_0 where u1_0.username=? fetch first ? rows only
2026-01-16 18:33:27.221 [Test worker] DEBUG org.hibernate.SQL - select u1_0.id from app_user u1_0 where u1_0.email=? fetch first ? rows only
2026-01-16 18:33:27.225 [Test worker] DEBUG org.hibernate.SQL - select r1_0.id,r1_0.name from role r1_0 where r1_0.name=?
2026-01-16 18:33:27.288 [Test worker] DEBUG org.hibernate.SQL - insert into app_user (avatar_id,background_id,created_at,email,name,password,role_id,username) values (?,?,?,?,?,?,?,?)
2026-01-16 18:33:27.291 [Test worker] INFO  n.f.db3.backend.service.UserService - User created successfully - userId: 8075, username: invaliduser, email: invaliduser@test.com
2026-01-16 18:33:27.291 [Test worker] INFO  n.f.d.b.controller.UserController - User registered successfully - userId: 8075, username: invaliduser, email: invaliduser@test.com
2026-01-16 18:33:27.301 [Test worker] DEBUG org.hibernate.SQL - select u1_0.id,u1_0.avatar_id,u1_0.background_id,u1_0.created_at,u1_0.email,u1_0.name,u1_0.password,u1_0.role_id,u1_0.username from app_user u1_0 where u1_0.email=?
2026-01-16 18:33:27.366 [Test worker] WARN  n.f.d.b.controller.UserController - Login failed - email: invaliduser@test.com, reason: Bad credentials
2026-01-16 18:33:27.370 [Test worker] WARN  n.f.d.b.e.GlobalExceptionHandler - Bad credentials - message: Bad credentials
2026-01-16 18:33:27.385 [Test worker] INFO  o.s.t.c.s.AnnotationConfigContextLoaderUtils - Could not detect default configuration classes for test class [nl.fontys.db3.backend.e2e.DeviceOwnershipE2ETest]: DeviceOwnershipE2ETest does not declare any static, non-private, non-final, nested classes annotated with @Configuration.
2026-01-16 18:33:27.388 [Test worker] INFO  o.s.b.t.c.SpringBootTestContextBootstrapper - Found @SpringBootConfiguration nl.fontys.db3.backend.BackendApplication for test class nl.fontys.db3.backend.e2e.DeviceOwnershipE2ETest
2026-01-16 18:33:27.397 [Test worker] DEBUG org.hibernate.SQL - select r1_0.id,r1_0.name from role r1_0 where r1_0.name=?
2026-01-16 18:33:27.400 [Test worker] DEBUG org.hibernate.SQL - insert into role (name) values (?)
2026-01-16 18:33:27.404 [Test worker] DEBUG org.hibernate.SQL - select hc1_0.id,hc1_0.active,hc1_0.icon_path,hc1_0.name from hazard_category hc1_0
2026-01-16 18:33:27.406 [Test worker] DEBUG org.hibernate.SQL - insert into hazard_category (active,icon_path,name) values (?,?,?)
2026-01-16 18:33:27.412 [Test worker] INFO  n.f.d.b.controller.UserController - User registration attempt - username: deviceowner, email: deviceowner@test.com
2026-01-16 18:33:27.414 [Test worker] DEBUG org.hibernate.SQL - select u1_0.id from app_user u1_0 where u1_0.username=? fetch first ? rows only
2026-01-16 18:33:27.417 [Test worker] DEBUG org.hibernate.SQL - select u1_0.id from app_user u1_0 where u1_0.email=? fetch first ? rows only
2026-01-16 18:33:27.420 [Test worker] DEBUG org.hibernate.SQL - select r1_0.id,r1_0.name from role r1_0 where r1_0.name=?
2026-01-16 18:33:27.483 [Test worker] DEBUG org.hibernate.SQL - insert into app_user (avatar_id,background_id,created_at,email,name,password,role_id,username) values (?,?,?,?,?,?,?,?)
2026-01-16 18:33:27.486 [Test worker] INFO  n.f.db3.backend.service.UserService - User created successfully - userId: 8076, username: deviceowner, email: deviceowner@test.com
2026-01-16 18:33:27.487 [Test worker] INFO  n.f.d.b.controller.UserController - User registered successfully - userId: 8076, username: deviceowner, email: deviceowner@test.com
2026-01-16 18:33:27.496 [Test worker] DEBUG org.hibernate.SQL - select u1_0.id,u1_0.avatar_id,u1_0.background_id,u1_0.created_at,u1_0.email,u1_0.name,u1_0.password,u1_0.role_id,u1_0.username from app_user u1_0 where u1_0.email=?
2026-01-16 18:33:27.562 [Test worker] DEBUG org.hibernate.SQL - select u1_0.id,u1_0.avatar_id,u1_0.background_id,u1_0.created_at,u1_0.email,u1_0.name,u1_0.password,u1_0.role_id,u1_0.username from app_user u1_0 where u1_0.email=?
2026-01-16 18:33:27.569 [Test worker] INFO  n.f.d.b.controller.UserController - User logged in successfully - userId: 8076, username: deviceowner, email: deviceowner@test.com
2026-01-16 18:33:27.577 [Test worker] DEBUG org.hibernate.SQL - select u1_0.id,u1_0.avatar_id,u1_0.background_id,u1_0.created_at,u1_0.email,u1_0.name,u1_0.password,u1_0.role_id,u1_0.username from app_user u1_0 where u1_0.email=?
2026-01-16 18:33:27.633 [Test worker] INFO  n.f.d.b.controller.DeviceController - Device registration request - deviceId: ESP32-OWNERSHIP-TEST, username: deviceowner@test.com
2026-01-16 18:33:27.636 [Test worker] DEBUG org.hibernate.SQL - select d1_0.id,d1_0.active,d1_0.api_key_hash,d1_0.created_at,d1_0.description,d1_0.device_id,d1_0.device_type,d1_0.firmware_version,d1_0.last_seen_at from device d1_0 where d1_0.device_id=?
2026-01-16 18:33:27.645 [Test worker] DEBUG org.hibernate.SQL - insert into device (active,api_key_hash,created_at,description,device_id,device_type,firmware_version,last_seen_at) values (?,?,?,?,?,?,?,?)
2026-01-16 18:33:27.649 [Test worker] INFO  n.f.d.backend.service.DeviceService - Device registered successfully - deviceId: ESP32-OWNERSHIP-TEST, deviceDbId: 369
2026-01-16 18:33:27.651 [Test worker] DEBUG org.hibernate.SQL - select u1_0.id,u1_0.avatar_id,u1_0.background_id,u1_0.created_at,u1_0.email,u1_0.name,u1_0.password,u1_0.role_id,u1_0.username from app_user u1_0 where u1_0.email=?
2026-01-16 18:33:27.659 [Test worker] DEBUG org.hibernate.SQL - select do1_0.id,do1_0.active,do1_0.created_at,do1_0.device_id,do1_0.notes,do1_0.transferred_at,do1_0.user_id from device_ownership do1_0 left join app_user u1_0 on u1_0.id=do1_0.user_id where u1_0.id=? and do1_0.active
2026-01-16 18:33:27.670 [Test worker] DEBUG org.hibernate.SQL - select d1_0.id,d1_0.active,d1_0.api_key_hash,d1_0.created_at,d1_0.description,d1_0.device_id,d1_0.device_type,d1_0.firmware_version,d1_0.last_seen_at from device d1_0 where d1_0.device_id=?
2026-01-16 18:33:27.685 [Test worker] DEBUG org.hibernate.SQL - select do1_0.id,do1_0.active,do1_0.created_at,do1_0.device_id,do1_0.notes,do1_0.transferred_at,do1_0.user_id from device_ownership do1_0 left join app_user u1_0 on u1_0.id=do1_0.user_id where u1_0.id=? and do1_0.active
2026-01-16 18:33:27.690 [Test worker] DEBUG org.hibernate.SQL - select do1_0.id,do1_0.active,do1_0.created_at,do1_0.device_id,do1_0.notes,do1_0.transferred_at,do1_0.user_id from device_ownership do1_0 where do1_0.device_id=? and do1_0.active
2026-01-16 18:33:27.694 [Test worker] DEBUG org.hibernate.SQL - insert into device_ownership (active,created_at,device_id,notes,transferred_at,user_id) values (?,?,?,?,?,?)
2026-01-16 18:33:27.698 [Test worker] INFO  n.f.d.b.controller.DeviceController - Device assigned to user - deviceId: ESP32-OWNERSHIP-TEST, userId: 8076
2026-01-16 18:33:27.699 [Test worker] INFO  n.f.d.b.controller.DeviceController - Device registered successfully - deviceId: ESP32-OWNERSHIP-TEST, deviceDbId: 369
2026-01-16 18:33:27.709 [Test worker] DEBUG org.hibernate.SQL - select u1_0.id,u1_0.avatar_id,u1_0.background_id,u1_0.created_at,u1_0.email,u1_0.name,u1_0.password,u1_0.role_id,u1_0.username from app_user u1_0 where u1_0.email=?
2026-01-16 18:33:27.718 [Test worker] DEBUG org.hibernate.SQL - select u1_0.id,u1_0.avatar_id,u1_0.background_id,u1_0.created_at,u1_0.email,u1_0.name,u1_0.password,u1_0.role_id,u1_0.username from app_user u1_0 where u1_0.email=?
2026-01-16 18:33:27.723 [Test worker] DEBUG org.hibernate.SQL - select do1_0.id,do1_0.active,do1_0.created_at,do1_0.device_id,do1_0.notes,do1_0.transferred_at,do1_0.user_id from device_ownership do1_0 left join app_user u1_0 on u1_0.id=do1_0.user_id where u1_0.id=? and do1_0.active
2026-01-16 18:33:27.749 [Test worker] DEBUG org.hibernate.SQL - select u1_0.id,u1_0.avatar_id,u1_0.background_id,u1_0.created_at,u1_0.email,u1_0.name,u1_0.password,u1_0.role_id,u1_0.username from app_user u1_0 where u1_0.email=?
2026-01-16 18:33:27.763 [Test worker] DEBUG org.hibernate.SQL - select u1_0.id,u1_0.avatar_id,u1_0.background_id,u1_0.created_at,u1_0.email,u1_0.name,u1_0.password,u1_0.role_id,u1_0.username from app_user u1_0 where u1_0.email=?
2026-01-16 18:33:27.768 [Test worker] DEBUG org.hibernate.SQL - select do1_0.id,do1_0.active,do1_0.created_at,do1_0.device_id,do1_0.notes,do1_0.transferred_at,do1_0.user_id from device_ownership do1_0 where do1_0.device_id=? and do1_0.active
2026-01-16 18:33:27.773 [Test worker] DEBUG org.hibernate.SQL - select do1_0.id,do1_0.active,do1_0.created_at,do1_0.device_id,do1_0.notes,do1_0.transferred_at,do1_0.user_id from device_ownership do1_0 where do1_0.device_id=? and do1_0.active
2026-01-16 18:33:27.787 [Test worker] DEBUG org.hibernate.SQL - select u1_0.id,u1_0.avatar_id,u1_0.background_id,u1_0.created_at,u1_0.email,u1_0.name,u1_0.password,u1_0.role_id,u1_0.username from app_user u1_0 where u1_0.email=?
2026-01-16 18:33:27.795 [Test worker] DEBUG org.hibernate.SQL - select u1_0.id,u1_0.avatar_id,u1_0.background_id,u1_0.created_at,u1_0.email,u1_0.name,u1_0.password,u1_0.role_id,u1_0.username from app_user u1_0 where u1_0.email=?
2026-01-16 18:33:27.804 [Test worker] DEBUG org.hibernate.SQL - update device_ownership set active=?,created_at=?,device_id=?,notes=?,transferred_at=?,user_id=? where id=?
2026-01-16 18:33:27.812 [Test worker] DEBUG org.hibernate.SQL - select do1_0.id,do1_0.active,do1_0.created_at,do1_0.device_id,do1_0.notes,do1_0.transferred_at,do1_0.user_id from device_ownership do1_0 left join app_user u1_0 on u1_0.id=do1_0.user_id where u1_0.id=? and do1_0.active
2026-01-16 18:33:27.826 [Test worker] INFO  o.s.t.c.s.AnnotationConfigContextLoaderUtils - Could not detect default configuration classes for test class [nl.fontys.db3.backend.e2e.DeviceTelemetryE2ETest]: DeviceTelemetryE2ETest does not declare any static, non-private, non-final, nested classes annotated with @Configuration.
2026-01-16 18:33:27.829 [Test worker] INFO  o.s.b.t.c.SpringBootTestContextBootstrapper - Found @SpringBootConfiguration nl.fontys.db3.backend.BackendApplication for test class nl.fontys.db3.backend.e2e.DeviceTelemetryE2ETest
2026-01-16 18:33:27.837 [Test worker] DEBUG org.hibernate.SQL - select r1_0.id,r1_0.name from role r1_0 where r1_0.name=?
2026-01-16 18:33:27.840 [Test worker] DEBUG org.hibernate.SQL - insert into role (name) values (?)
2026-01-16 18:33:27.845 [Test worker] DEBUG org.hibernate.SQL - select hc1_0.id,hc1_0.active,hc1_0.icon_path,hc1_0.name from hazard_category hc1_0
2026-01-16 18:33:27.848 [Test worker] DEBUG org.hibernate.SQL - insert into hazard_category (active,icon_path,name) values (?,?,?)
2026-01-16 18:33:27.855 [Test worker] INFO  n.f.d.b.controller.UserController - User registration attempt - username: telemetryuser, email: telemetryuser@test.com
2026-01-16 18:33:27.857 [Test worker] DEBUG org.hibernate.SQL - select u1_0.id from app_user u1_0 where u1_0.username=? fetch first ? rows only
2026-01-16 18:33:27.862 [Test worker] DEBUG org.hibernate.SQL - select u1_0.id from app_user u1_0 where u1_0.email=? fetch first ? rows only
2026-01-16 18:33:27.866 [Test worker] DEBUG org.hibernate.SQL - select r1_0.id,r1_0.name from role r1_0 where r1_0.name=?
2026-01-16 18:33:27.935 [Test worker] DEBUG org.hibernate.SQL - insert into app_user (avatar_id,background_id,created_at,email,name,password,role_id,username) values (?,?,?,?,?,?,?,?)
2026-01-16 18:33:27.939 [Test worker] INFO  n.f.db3.backend.service.UserService - User created successfully - userId: 8077, username: telemetryuser, email: telemetryuser@test.com
2026-01-16 18:33:27.939 [Test worker] INFO  n.f.d.b.controller.UserController - User registered successfully - userId: 8077, username: telemetryuser, email: telemetryuser@test.com
2026-01-16 18:33:27.947 [Test worker] DEBUG org.hibernate.SQL - select u1_0.id,u1_0.avatar_id,u1_0.background_id,u1_0.created_at,u1_0.email,u1_0.name,u1_0.password,u1_0.role_id,u1_0.username from app_user u1_0 where u1_0.email=?
2026-01-16 18:33:28.016 [Test worker] DEBUG org.hibernate.SQL - select u1_0.id,u1_0.avatar_id,u1_0.background_id,u1_0.created_at,u1_0.email,u1_0.name,u1_0.password,u1_0.role_id,u1_0.username from app_user u1_0 where u1_0.email=?
2026-01-16 18:33:28.020 [Test worker] INFO  n.f.d.b.controller.UserController - User logged in successfully - userId: 8077, username: telemetryuser, email: telemetryuser@test.com
2026-01-16 18:33:28.027 [Test worker] DEBUG org.hibernate.SQL - select u1_0.id,u1_0.avatar_id,u1_0.background_id,u1_0.created_at,u1_0.email,u1_0.name,u1_0.password,u1_0.role_id,u1_0.username from app_user u1_0 where u1_0.email=?
2026-01-16 18:33:28.033 [Test worker] INFO  n.f.d.b.controller.DeviceController - Device registration request - deviceId: ESP32-HISTORY-TEST, username: telemetryuser@test.com
2026-01-16 18:33:28.036 [Test worker] DEBUG org.hibernate.SQL - select d1_0.id,d1_0.active,d1_0.api_key_hash,d1_0.created_at,d1_0.description,d1_0.device_id,d1_0.device_type,d1_0.firmware_version,d1_0.last_seen_at from device d1_0 where d1_0.device_id=?
2026-01-16 18:33:28.039 [Test worker] DEBUG org.hibernate.SQL - insert into device (active,api_key_hash,created_at,description,device_id,device_type,firmware_version,last_seen_at) values (?,?,?,?,?,?,?,?)
2026-01-16 18:33:28.042 [Test worker] INFO  n.f.d.backend.service.DeviceService - Device registered successfully - deviceId: ESP32-HISTORY-TEST, deviceDbId: 370
2026-01-16 18:33:28.045 [Test worker] DEBUG org.hibernate.SQL - select u1_0.id,u1_0.avatar_id,u1_0.background_id,u1_0.created_at,u1_0.email,u1_0.name,u1_0.password,u1_0.role_id,u1_0.username from app_user u1_0 where u1_0.email=?
2026-01-16 18:33:28.048 [Test worker] DEBUG org.hibernate.SQL - select do1_0.id,do1_0.active,do1_0.created_at,do1_0.device_id,do1_0.notes,do1_0.transferred_at,do1_0.user_id from device_ownership do1_0 left join app_user u1_0 on u1_0.id=do1_0.user_id where u1_0.id=? and do1_0.active
2026-01-16 18:33:28.052 [Test worker] DEBUG org.hibernate.SQL - select d1_0.id,d1_0.active,d1_0.api_key_hash,d1_0.created_at,d1_0.description,d1_0.device_id,d1_0.device_type,d1_0.firmware_version,d1_0.last_seen_at from device d1_0 where d1_0.device_id=?
2026-01-16 18:33:28.056 [Test worker] DEBUG org.hibernate.SQL - select do1_0.id,do1_0.active,do1_0.created_at,do1_0.device_id,do1_0.notes,do1_0.transferred_at,do1_0.user_id from device_ownership do1_0 left join app_user u1_0 on u1_0.id=do1_0.user_id where u1_0.id=? and do1_0.active
2026-01-16 18:33:28.060 [Test worker] DEBUG org.hibernate.SQL - select do1_0.id,do1_0.active,do1_0.created_at,do1_0.device_id,do1_0.notes,do1_0.transferred_at,do1_0.user_id from device_ownership do1_0 where do1_0.device_id=? and do1_0.active
2026-01-16 18:33:28.063 [Test worker] DEBUG org.hibernate.SQL - insert into device_ownership (active,created_at,device_id,notes,transferred_at,user_id) values (?,?,?,?,?,?)
2026-01-16 18:33:28.065 [Test worker] INFO  n.f.d.b.controller.DeviceController - Device assigned to user - deviceId: ESP32-HISTORY-TEST, userId: 8077
2026-01-16 18:33:28.065 [Test worker] INFO  n.f.d.b.controller.DeviceController - Device registered successfully - deviceId: ESP32-HISTORY-TEST, deviceDbId: 370
2026-01-16 18:33:28.076 [Test worker] DEBUG org.hibernate.SQL - select d1_0.id,d1_0.active,d1_0.api_key_hash,d1_0.created_at,d1_0.description,d1_0.device_id,d1_0.device_type,d1_0.firmware_version,d1_0.last_seen_at from device d1_0 where d1_0.api_key_hash=? and d1_0.active
2026-01-16 18:33:28.081 [Test worker] DEBUG org.hibernate.SQL - select d1_0.id,d1_0.active,d1_0.api_key_hash,d1_0.created_at,d1_0.description,d1_0.device_id,d1_0.device_type,d1_0.firmware_version,d1_0.last_seen_at from device d1_0 where d1_0.device_id=?
2026-01-16 18:33:28.095 [Test worker] DEBUG org.hibernate.SQL - insert into telemetry_history (battery_voltage_v,coolant_temp_c,device_id,diagnostic_codes,engine_load_pct,fuel_level_pct,intake_air_temp_c,maf_air_flow,map_pressure,oil_temp_c,rpm,speed_kph,throttle_pct,timestamp,timing_advance) values (?,?,?,?,?,?,?,?,?,?,?,?,?,?,?)
2026-01-16 18:33:28.130 [Test worker] DEBUG org.hibernate.SQL - update device set active=?,api_key_hash=?,created_at=?,description=?,device_id=?,device_type=?,firmware_version=?,last_seen_at=? where id=?
2026-01-16 18:33:28.133 [Test worker] DEBUG org.hibernate.SQL - select d1_0.id,d1_0.active,d1_0.api_key_hash,d1_0.created_at,d1_0.description,d1_0.device_id,d1_0.device_type,d1_0.firmware_version,d1_0.last_seen_at from device d1_0 where d1_0.api_key_hash=? and d1_0.active
2026-01-16 18:33:28.137 [Test worker] DEBUG org.hibernate.SQL - select d1_0.id,d1_0.active,d1_0.api_key_hash,d1_0.created_at,d1_0.description,d1_0.device_id,d1_0.device_type,d1_0.firmware_version,d1_0.last_seen_at from device d1_0 where d1_0.device_id=?
2026-01-16 18:33:28.143 [Test worker] DEBUG org.hibernate.SQL - insert into telemetry_history (battery_voltage_v,coolant_temp_c,device_id,diagnostic_codes,engine_load_pct,fuel_level_pct,intake_air_temp_c,maf_air_flow,map_pressure,oil_temp_c,rpm,speed_kph,throttle_pct,timestamp,timing_advance) values (?,?,?,?,?,?,?,?,?,?,?,?,?,?,?)
2026-01-16 18:33:28.151 [Test worker] DEBUG org.hibernate.SQL - update device set active=?,api_key_hash=?,created_at=?,description=?,device_id=?,device_type=?,firmware_version=?,last_seen_at=? where id=?
2026-01-16 18:33:28.154 [Test worker] DEBUG org.hibernate.SQL - select d1_0.id,d1_0.active,d1_0.api_key_hash,d1_0.created_at,d1_0.description,d1_0.device_id,d1_0.device_type,d1_0.firmware_version,d1_0.last_seen_at from device d1_0 where d1_0.api_key_hash=? and d1_0.active
2026-01-16 18:33:28.158 [Test worker] DEBUG org.hibernate.SQL - select d1_0.id,d1_0.active,d1_0.api_key_hash,d1_0.created_at,d1_0.description,d1_0.device_id,d1_0.device_type,d1_0.firmware_version,d1_0.last_seen_at from device d1_0 where d1_0.device_id=?
2026-01-16 18:33:28.163 [Test worker] DEBUG org.hibernate.SQL - insert into telemetry_history (battery_voltage_v,coolant_temp_c,device_id,diagnostic_codes,engine_load_pct,fuel_level_pct,intake_air_temp_c,maf_air_flow,map_pressure,oil_temp_c,rpm,speed_kph,throttle_pct,timestamp,timing_advance) values (?,?,?,?,?,?,?,?,?,?,?,?,?,?,?)
2026-01-16 18:33:28.172 [Test worker] DEBUG org.hibernate.SQL - select u1_0.id,u1_0.avatar_id,u1_0.background_id,u1_0.created_at,u1_0.email,u1_0.name,u1_0.password,u1_0.role_id,u1_0.username from app_user u1_0 where u1_0.email=?
2026-01-16 18:33:28.186 [Test worker] DEBUG org.hibernate.SQL - select th1_0.id,th1_0.battery_voltage_v,th1_0.coolant_temp_c,th1_0.device_id,th1_0.diagnostic_codes,th1_0.engine_load_pct,th1_0.fuel_level_pct,th1_0.intake_air_temp_c,th1_0.maf_air_flow,th1_0.map_pressure,th1_0.oil_temp_c,th1_0.rpm,th1_0.speed_kph,th1_0.throttle_pct,th1_0.timestamp,th1_0.timing_advance from telemetry_history th1_0 where th1_0.device_id=? order by th1_0.timestamp desc fetch first ? rows only
2026-01-16 18:33:28.204 [Test worker] DEBUG org.hibernate.SQL - select r1_0.id,r1_0.name from role r1_0 where r1_0.name=?
2026-01-16 18:33:28.207 [Test worker] DEBUG org.hibernate.SQL - insert into role (name) values (?)
2026-01-16 18:33:28.209 [Test worker] DEBUG org.hibernate.SQL - select hc1_0.id,hc1_0.active,hc1_0.icon_path,hc1_0.name from hazard_category hc1_0
2026-01-16 18:33:28.212 [Test worker] DEBUG org.hibernate.SQL - insert into hazard_category (active,icon_path,name) values (?,?,?)
2026-01-16 18:33:28.217 [Test worker] INFO  n.f.d.b.controller.UserController - User registration attempt - username: devicetest, email: devicetest@test.com
2026-01-16 18:33:28.220 [Test worker] DEBUG org.hibernate.SQL - select u1_0.id from app_user u1_0 where u1_0.username=? fetch first ? rows only
2026-01-16 18:33:28.222 [Test worker] DEBUG org.hibernate.SQL - select u1_0.id from app_user u1_0 where u1_0.email=? fetch first ? rows only
2026-01-16 18:33:28.224 [Test worker] DEBUG org.hibernate.SQL - select r1_0.id,r1_0.name from role r1_0 where r1_0.name=?
2026-01-16 18:33:28.291 [Test worker] DEBUG org.hibernate.SQL - insert into app_user (avatar_id,background_id,created_at,email,name,password,role_id,username) values (?,?,?,?,?,?,?,?)
2026-01-16 18:33:28.295 [Test worker] INFO  n.f.db3.backend.service.UserService - User created successfully - userId: 8078, username: devicetest, email: devicetest@test.com
2026-01-16 18:33:28.295 [Test worker] INFO  n.f.d.b.controller.UserController - User registered successfully - userId: 8078, username: devicetest, email: devicetest@test.com
2026-01-16 18:33:28.301 [Test worker] DEBUG org.hibernate.SQL - select u1_0.id,u1_0.avatar_id,u1_0.background_id,u1_0.created_at,u1_0.email,u1_0.name,u1_0.password,u1_0.role_id,u1_0.username from app_user u1_0 where u1_0.email=?
2026-01-16 18:33:28.371 [Test worker] DEBUG org.hibernate.SQL - select u1_0.id,u1_0.avatar_id,u1_0.background_id,u1_0.created_at,u1_0.email,u1_0.name,u1_0.password,u1_0.role_id,u1_0.username from app_user u1_0 where u1_0.email=?
2026-01-16 18:33:28.374 [Test worker] INFO  n.f.d.b.controller.UserController - User logged in successfully - userId: 8078, username: devicetest, email: devicetest@test.com
2026-01-16 18:33:28.383 [Test worker] DEBUG org.hibernate.SQL - select u1_0.id,u1_0.avatar_id,u1_0.background_id,u1_0.created_at,u1_0.email,u1_0.name,u1_0.password,u1_0.role_id,u1_0.username from app_user u1_0 where u1_0.email=?
2026-01-16 18:33:28.390 [Test worker] INFO  n.f.d.b.controller.DeviceController - Device registration request - deviceId: ESP32-E2E-TEST-001, username: devicetest@test.com
2026-01-16 18:33:28.393 [Test worker] DEBUG org.hibernate.SQL - select d1_0.id,d1_0.active,d1_0.api_key_hash,d1_0.created_at,d1_0.description,d1_0.device_id,d1_0.device_type,d1_0.firmware_version,d1_0.last_seen_at from device d1_0 where d1_0.device_id=?
2026-01-16 18:33:28.397 [Test worker] DEBUG org.hibernate.SQL - insert into device (active,api_key_hash,created_at,description,device_id,device_type,firmware_version,last_seen_at) values (?,?,?,?,?,?,?,?)
2026-01-16 18:33:28.401 [Test worker] INFO  n.f.d.backend.service.DeviceService - Device registered successfully - deviceId: ESP32-E2E-TEST-001, deviceDbId: 371
2026-01-16 18:33:28.404 [Test worker] DEBUG org.hibernate.SQL - select u1_0.id,u1_0.avatar_id,u1_0.background_id,u1_0.created_at,u1_0.email,u1_0.name,u1_0.password,u1_0.role_id,u1_0.username from app_user u1_0 where u1_0.email=?
2026-01-16 18:33:28.409 [Test worker] DEBUG org.hibernate.SQL - select do1_0.id,do1_0.active,do1_0.created_at,do1_0.device_id,do1_0.notes,do1_0.transferred_at,do1_0.user_id from device_ownership do1_0 left join app_user u1_0 on u1_0.id=do1_0.user_id where u1_0.id=? and do1_0.active
2026-01-16 18:33:28.413 [Test worker] DEBUG org.hibernate.SQL - select d1_0.id,d1_0.active,d1_0.api_key_hash,d1_0.created_at,d1_0.description,d1_0.device_id,d1_0.device_type,d1_0.firmware_version,d1_0.last_seen_at from device d1_0 where d1_0.device_id=?
2026-01-16 18:33:28.419 [Test worker] DEBUG org.hibernate.SQL - select do1_0.id,do1_0.active,do1_0.created_at,do1_0.device_id,do1_0.notes,do1_0.transferred_at,do1_0.user_id from device_ownership do1_0 left join app_user u1_0 on u1_0.id=do1_0.user_id where u1_0.id=? and do1_0.active
2026-01-16 18:33:28.424 [Test worker] DEBUG org.hibernate.SQL - select do1_0.id,do1_0.active,do1_0.created_at,do1_0.device_id,do1_0.notes,do1_0.transferred_at,do1_0.user_id from device_ownership do1_0 where do1_0.device_id=? and do1_0.active
2026-01-16 18:33:28.427 [Test worker] DEBUG org.hibernate.SQL - insert into device_ownership (active,created_at,device_id,notes,transferred_at,user_id) values (?,?,?,?,?,?)
2026-01-16 18:33:28.430 [Test worker] INFO  n.f.d.b.controller.DeviceController - Device assigned to user - deviceId: ESP32-E2E-TEST-001, userId: 8078
2026-01-16 18:33:28.430 [Test worker] INFO  n.f.d.b.controller.DeviceController - Device registered successfully - deviceId: ESP32-E2E-TEST-001, deviceDbId: 371
2026-01-16 18:33:28.437 [Test worker] DEBUG org.hibernate.SQL - select d1_0.id,d1_0.active,d1_0.api_key_hash,d1_0.created_at,d1_0.description,d1_0.device_id,d1_0.device_type,d1_0.firmware_version,d1_0.last_seen_at from device d1_0 where d1_0.api_key_hash=? and d1_0.active
2026-01-16 18:33:28.441 [Test worker] DEBUG org.hibernate.SQL - select d1_0.id,d1_0.active,d1_0.api_key_hash,d1_0.created_at,d1_0.description,d1_0.device_id,d1_0.device_type,d1_0.firmware_version,d1_0.last_seen_at from device d1_0 where d1_0.device_id=?
2026-01-16 18:33:28.446 [Test worker] DEBUG org.hibernate.SQL - insert into telemetry_history (battery_voltage_v,coolant_temp_c,device_id,diagnostic_codes,engine_load_pct,fuel_level_pct,intake_air_temp_c,maf_air_flow,map_pressure,oil_temp_c,rpm,speed_kph,throttle_pct,timestamp,timing_advance) values (?,?,?,?,?,?,?,?,?,?,?,?,?,?,?)
2026-01-16 18:33:28.456 [Test worker] DEBUG org.hibernate.SQL - select u1_0.id,u1_0.avatar_id,u1_0.background_id,u1_0.created_at,u1_0.email,u1_0.name,u1_0.password,u1_0.role_id,u1_0.username from app_user u1_0 where u1_0.email=?
2026-01-16 18:33:28.462 [Test worker] DEBUG org.hibernate.SQL - select th1_0.id,th1_0.battery_voltage_v,th1_0.coolant_temp_c,th1_0.device_id,th1_0.diagnostic_codes,th1_0.engine_load_pct,th1_0.fuel_level_pct,th1_0.intake_air_temp_c,th1_0.maf_air_flow,th1_0.map_pressure,th1_0.oil_temp_c,th1_0.rpm,th1_0.speed_kph,th1_0.throttle_pct,th1_0.timestamp,th1_0.timing_advance from telemetry_history th1_0 where th1_0.device_id=? order by th1_0.timestamp desc fetch first ? rows only
2026-01-16 18:33:28.478 [Test worker] INFO  o.s.t.c.s.AnnotationConfigContextLoaderUtils - Could not detect default configuration classes for test class [nl.fontys.db3.backend.e2e.FriendshipE2ETest]: FriendshipE2ETest does not declare any static, non-private, non-final, nested classes annotated with @Configuration.
2026-01-16 18:33:28.481 [Test worker] INFO  o.s.b.t.c.SpringBootTestContextBootstrapper - Found @SpringBootConfiguration nl.fontys.db3.backend.BackendApplication for test class nl.fontys.db3.backend.e2e.FriendshipE2ETest
2026-01-16 18:33:28.490 [Test worker] DEBUG org.hibernate.SQL - select r1_0.id,r1_0.name from role r1_0 where r1_0.name=?
2026-01-16 18:33:28.493 [Test worker] DEBUG org.hibernate.SQL - insert into role (name) values (?)
2026-01-16 18:33:28.496 [Test worker] DEBUG org.hibernate.SQL - select hc1_0.id,hc1_0.active,hc1_0.icon_path,hc1_0.name from hazard_category hc1_0
2026-01-16 18:33:28.498 [Test worker] DEBUG org.hibernate.SQL - insert into hazard_category (active,icon_path,name) values (?,?,?)
2026-01-16 18:33:28.503 [Test worker] INFO  n.f.d.b.controller.UserController - User registration attempt - username: declineuser1, email: declineuser1@test.com
2026-01-16 18:33:28.505 [Test worker] DEBUG org.hibernate.SQL - select u1_0.id from app_user u1_0 where u1_0.username=? fetch first ? rows only
2026-01-16 18:33:28.508 [Test worker] DEBUG org.hibernate.SQL - select u1_0.id from app_user u1_0 where u1_0.email=? fetch first ? rows only
2026-01-16 18:33:28.510 [Test worker] DEBUG org.hibernate.SQL - select r1_0.id,r1_0.name from role r1_0 where r1_0.name=?
2026-01-16 18:33:28.577 [Test worker] DEBUG org.hibernate.SQL - insert into app_user (avatar_id,background_id,created_at,email,name,password,role_id,username) values (?,?,?,?,?,?,?,?)
2026-01-16 18:33:28.581 [Test worker] INFO  n.f.db3.backend.service.UserService - User created successfully - userId: 8079, username: declineuser1, email: declineuser1@test.com
2026-01-16 18:33:28.582 [Test worker] INFO  n.f.d.b.controller.UserController - User registered successfully - userId: 8079, username: declineuser1, email: declineuser1@test.com
2026-01-16 18:33:28.587 [Test worker] INFO  n.f.d.b.controller.UserController - User registration attempt - username: declineuser2, email: declineuser2@test.com
2026-01-16 18:33:28.589 [Test worker] DEBUG org.hibernate.SQL - select u1_0.id from app_user u1_0 where u1_0.username=? fetch first ? rows only
2026-01-16 18:33:28.593 [Test worker] DEBUG org.hibernate.SQL - select u1_0.id from app_user u1_0 where u1_0.email=? fetch first ? rows only
2026-01-16 18:33:28.596 [Test worker] DEBUG org.hibernate.SQL - select r1_0.id,r1_0.name from role r1_0 where r1_0.name=?
2026-01-16 18:33:28.664 [Test worker] DEBUG org.hibernate.SQL - insert into app_user (avatar_id,background_id,created_at,email,name,password,role_id,username) values (?,?,?,?,?,?,?,?)
2026-01-16 18:33:28.668 [Test worker] INFO  n.f.db3.backend.service.UserService - User created successfully - userId: 8080, username: declineuser2, email: declineuser2@test.com
2026-01-16 18:33:28.669 [Test worker] INFO  n.f.d.b.controller.UserController - User registered successfully - userId: 8080, username: declineuser2, email: declineuser2@test.com
2026-01-16 18:33:28.676 [Test worker] DEBUG org.hibernate.SQL - select u1_0.id,u1_0.avatar_id,u1_0.background_id,u1_0.created_at,u1_0.email,u1_0.name,u1_0.password,u1_0.role_id,u1_0.username from app_user u1_0 where u1_0.email=?
2026-01-16 18:33:28.743 [Test worker] DEBUG org.hibernate.SQL - select u1_0.id,u1_0.avatar_id,u1_0.background_id,u1_0.created_at,u1_0.email,u1_0.name,u1_0.password,u1_0.role_id,u1_0.username from app_user u1_0 where u1_0.email=?
2026-01-16 18:33:28.745 [Test worker] INFO  n.f.d.b.controller.UserController - User logged in successfully - userId: 8079, username: declineuser1, email: declineuser1@test.com
2026-01-16 18:33:28.751 [Test worker] DEBUG org.hibernate.SQL - select u1_0.id,u1_0.avatar_id,u1_0.background_id,u1_0.created_at,u1_0.email,u1_0.name,u1_0.password,u1_0.role_id,u1_0.username from app_user u1_0 where u1_0.email=?
2026-01-16 18:33:28.815 [Test worker] DEBUG org.hibernate.SQL - select u1_0.id,u1_0.avatar_id,u1_0.background_id,u1_0.created_at,u1_0.email,u1_0.name,u1_0.password,u1_0.role_id,u1_0.username from app_user u1_0 where u1_0.email=?
2026-01-16 18:33:28.818 [Test worker] INFO  n.f.d.b.controller.UserController - User logged in successfully - userId: 8080, username: declineuser2, email: declineuser2@test.com
2026-01-16 18:33:28.826 [Test worker] DEBUG org.hibernate.SQL - select u1_0.id,u1_0.avatar_id,u1_0.background_id,u1_0.created_at,u1_0.email,u1_0.name,u1_0.password,u1_0.role_id,u1_0.username from app_user u1_0 where u1_0.email=?
2026-01-16 18:33:28.833 [Test worker] DEBUG org.hibernate.SQL - select u1_0.id,u1_0.avatar_id,u1_0.background_id,u1_0.created_at,u1_0.email,u1_0.name,u1_0.password,u1_0.role_id,u1_0.username from app_user u1_0 where u1_0.email=?
2026-01-16 18:33:28.838 [Test worker] DEBUG org.hibernate.SQL - select u1_0.id,u1_0.avatar_id,u1_0.background_id,u1_0.created_at,u1_0.email,u1_0.name,u1_0.password,u1_0.role_id,u1_0.username from app_user u1_0 where u1_0.username=?
2026-01-16 18:33:28.851 [Test worker] DEBUG org.hibernate.SQL - select f1_0.id,f1_0.addressee_id,f1_0.created_at,f1_0.requester_id,f1_0.status from friendship f1_0 where (f1_0.requester_id=? and f1_0.addressee_id=?) or (f1_0.requester_id=? and f1_0.addressee_id=?)
2026-01-16 18:33:28.868 [Test worker] DEBUG org.hibernate.SQL - insert into friendship (addressee_id,created_at,requester_id,status) values (?,?,?,?)
2026-01-16 18:33:28.882 [Test worker] DEBUG org.hibernate.SQL - select u1_0.id,u1_0.avatar_id,u1_0.background_id,u1_0.created_at,u1_0.email,u1_0.name,u1_0.password,u1_0.role_id,u1_0.username from app_user u1_0 where u1_0.email=?
2026-01-16 18:33:28.889 [Test worker] DEBUG org.hibernate.SQL - select u1_0.id,u1_0.avatar_id,u1_0.background_id,u1_0.created_at,u1_0.email,u1_0.name,u1_0.password,u1_0.role_id,u1_0.username from app_user u1_0 where u1_0.email=?
2026-01-16 18:33:28.892 [Test worker] DEBUG org.hibernate.SQL - select u1_0.id,u1_0.avatar_id,u1_0.background_id,u1_0.created_at,u1_0.email,u1_0.name,u1_0.password,u1_0.role_id,u1_0.username from app_user u1_0 where u1_0.username=?
2026-01-16 18:33:28.896 [Test worker] DEBUG org.hibernate.SQL - select f1_0.id,f1_0.addressee_id,f1_0.created_at,f1_0.requester_id,f1_0.status from friendship f1_0 where (f1_0.requester_id=? and f1_0.addressee_id=?) or (f1_0.requester_id=? and f1_0.addressee_id=?)
2026-01-16 18:33:28.906 [Test worker] DEBUG org.hibernate.SQL - select u1_0.id,u1_0.avatar_id,u1_0.background_id,u1_0.created_at,u1_0.email,u1_0.name,u1_0.password,u1_0.role_id,u1_0.username from app_user u1_0 where u1_0.email=?
2026-01-16 18:33:28.911 [Test worker] DEBUG org.hibernate.SQL - select u1_0.id,u1_0.avatar_id,u1_0.background_id,u1_0.created_at,u1_0.email,u1_0.name,u1_0.password,u1_0.role_id,u1_0.username from app_user u1_0 where u1_0.email=?
2026-01-16 18:33:28.919 [Test worker] DEBUG org.hibernate.SQL - delete from friendship where id=?
2026-01-16 18:33:28.924 [Test worker] DEBUG org.hibernate.SQL - select f1_0.id,f1_0.addressee_id,f1_0.created_at,f1_0.requester_id,f1_0.status from friendship f1_0 join app_user r1_0 on r1_0.id=f1_0.requester_id join app_user a1_0 on a1_0.id=f1_0.addressee_id where f1_0.status=? and r1_0.id=? or f1_0.status=? and a1_0.id=?
2026-01-16 18:33:28.937 [Test worker] DEBUG org.hibernate.SQL - select r1_0.id,r1_0.name from role r1_0 where r1_0.name=?
2026-01-16 18:33:28.939 [Test worker] DEBUG org.hibernate.SQL - insert into role (name) values (?)
2026-01-16 18:33:28.942 [Test worker] DEBUG org.hibernate.SQL - select hc1_0.id,hc1_0.active,hc1_0.icon_path,hc1_0.name from hazard_category hc1_0
2026-01-16 18:33:28.944 [Test worker] DEBUG org.hibernate.SQL - insert into hazard_category (active,icon_path,name) values (?,?,?)
2026-01-16 18:33:28.949 [Test worker] INFO  n.f.d.b.controller.UserController - User registration attempt - username: frienduser1, email: frienduser1@test.com
2026-01-16 18:33:28.950 [Test worker] DEBUG org.hibernate.SQL - select u1_0.id from app_user u1_0 where u1_0.username=? fetch first ? rows only
2026-01-16 18:33:28.952 [Test worker] DEBUG org.hibernate.SQL - select u1_0.id from app_user u1_0 where u1_0.email=? fetch first ? rows only
2026-01-16 18:33:28.955 [Test worker] DEBUG org.hibernate.SQL - select r1_0.id,r1_0.name from role r1_0 where r1_0.name=?
2026-01-16 18:33:29.015 [Test worker] DEBUG org.hibernate.SQL - insert into app_user (avatar_id,background_id,created_at,email,name,password,role_id,username) values (?,?,?,?,?,?,?,?)
2026-01-16 18:33:29.019 [Test worker] INFO  n.f.db3.backend.service.UserService - User created successfully - userId: 8081, username: frienduser1, email: frienduser1@test.com
2026-01-16 18:33:29.020 [Test worker] INFO  n.f.d.b.controller.UserController - User registered successfully - userId: 8081, username: frienduser1, email: frienduser1@test.com
2026-01-16 18:33:29.024 [Test worker] INFO  n.f.d.b.controller.UserController - User registration attempt - username: frienduser2, email: frienduser2@test.com
2026-01-16 18:33:29.026 [Test worker] DEBUG org.hibernate.SQL - select u1_0.id from app_user u1_0 where u1_0.username=? fetch first ? rows only
2026-01-16 18:33:29.029 [Test worker] DEBUG org.hibernate.SQL - select u1_0.id from app_user u1_0 where u1_0.email=? fetch first ? rows only
2026-01-16 18:33:29.031 [Test worker] DEBUG org.hibernate.SQL - select r1_0.id,r1_0.name from role r1_0 where r1_0.name=?
2026-01-16 18:33:29.090 [Test worker] DEBUG org.hibernate.SQL - insert into app_user (avatar_id,background_id,created_at,email,name,password,role_id,username) values (?,?,?,?,?,?,?,?)
2026-01-16 18:33:29.094 [Test worker] INFO  n.f.db3.backend.service.UserService - User created successfully - userId: 8082, username: frienduser2, email: frienduser2@test.com
2026-01-16 18:33:29.095 [Test worker] INFO  n.f.d.b.controller.UserController - User registered successfully - userId: 8082, username: frienduser2, email: frienduser2@test.com
2026-01-16 18:33:29.100 [Test worker] DEBUG org.hibernate.SQL - select u1_0.id,u1_0.avatar_id,u1_0.background_id,u1_0.created_at,u1_0.email,u1_0.name,u1_0.password,u1_0.role_id,u1_0.username from app_user u1_0 where u1_0.email=?
2026-01-16 18:33:29.161 [Test worker] DEBUG org.hibernate.SQL - select u1_0.id,u1_0.avatar_id,u1_0.background_id,u1_0.created_at,u1_0.email,u1_0.name,u1_0.password,u1_0.role_id,u1_0.username from app_user u1_0 where u1_0.email=?
2026-01-16 18:33:29.164 [Test worker] INFO  n.f.d.b.controller.UserController - User logged in successfully - userId: 8081, username: frienduser1, email: frienduser1@test.com
2026-01-16 18:33:29.168 [Test worker] DEBUG org.hibernate.SQL - select u1_0.id,u1_0.avatar_id,u1_0.background_id,u1_0.created_at,u1_0.email,u1_0.name,u1_0.password,u1_0.role_id,u1_0.username from app_user u1_0 where u1_0.email=?
2026-01-16 18:33:29.227 [Test worker] DEBUG org.hibernate.SQL - select u1_0.id,u1_0.avatar_id,u1_0.background_id,u1_0.created_at,u1_0.email,u1_0.name,u1_0.password,u1_0.role_id,u1_0.username from app_user u1_0 where u1_0.email=?
2026-01-16 18:33:29.230 [Test worker] INFO  n.f.d.b.controller.UserController - User logged in successfully - userId: 8082, username: frienduser2, email: frienduser2@test.com
2026-01-16 18:33:29.236 [Test worker] DEBUG org.hibernate.SQL - select u1_0.id,u1_0.avatar_id,u1_0.background_id,u1_0.created_at,u1_0.email,u1_0.name,u1_0.password,u1_0.role_id,u1_0.username from app_user u1_0 where u1_0.email=?
2026-01-16 18:33:29.241 [Test worker] DEBUG org.hibernate.SQL - select u1_0.id,u1_0.avatar_id,u1_0.background_id,u1_0.created_at,u1_0.email,u1_0.name,u1_0.password,u1_0.role_id,u1_0.username from app_user u1_0 where u1_0.email=?
2026-01-16 18:33:29.244 [Test worker] DEBUG org.hibernate.SQL - select u1_0.id,u1_0.avatar_id,u1_0.background_id,u1_0.created_at,u1_0.email,u1_0.name,u1_0.password,u1_0.role_id,u1_0.username from app_user u1_0 where u1_0.username=?
2026-01-16 18:33:29.247 [Test worker] DEBUG org.hibernate.SQL - select f1_0.id,f1_0.addressee_id,f1_0.created_at,f1_0.requester_id,f1_0.status from friendship f1_0 where (f1_0.requester_id=? and f1_0.addressee_id=?) or (f1_0.requester_id=? and f1_0.addressee_id=?)
2026-01-16 18:33:29.249 [Test worker] DEBUG org.hibernate.SQL - insert into friendship (addressee_id,created_at,requester_id,status) values (?,?,?,?)
2026-01-16 18:33:29.257 [Test worker] DEBUG org.hibernate.SQL - select u1_0.id,u1_0.avatar_id,u1_0.background_id,u1_0.created_at,u1_0.email,u1_0.name,u1_0.password,u1_0.role_id,u1_0.username from app_user u1_0 where u1_0.email=?
2026-01-16 18:33:29.263 [Test worker] DEBUG org.hibernate.SQL - select u1_0.id,u1_0.avatar_id,u1_0.background_id,u1_0.created_at,u1_0.email,u1_0.name,u1_0.password,u1_0.role_id,u1_0.username from app_user u1_0 where u1_0.email=?
2026-01-16 18:33:29.268 [Test worker] DEBUG org.hibernate.SQL - select f1_0.id,f1_0.addressee_id,f1_0.created_at,f1_0.requester_id,f1_0.status from friendship f1_0 join app_user a1_0 on a1_0.id=f1_0.addressee_id where a1_0.id=? and f1_0.status=?
2026-01-16 18:33:29.276 [Test worker] DEBUG org.hibernate.SQL - select u1_0.id,u1_0.avatar_id,u1_0.background_id,u1_0.created_at,u1_0.email,u1_0.name,u1_0.password,u1_0.role_id,u1_0.username from app_user u1_0 where u1_0.email=?
2026-01-16 18:33:29.282 [Test worker] DEBUG org.hibernate.SQL - select u1_0.id,u1_0.avatar_id,u1_0.background_id,u1_0.created_at,u1_0.email,u1_0.name,u1_0.password,u1_0.role_id,u1_0.username from app_user u1_0 where u1_0.email=?
2026-01-16 18:33:29.285 [Test worker] DEBUG org.hibernate.SQL - select u1_0.id,u1_0.avatar_id,u1_0.background_id,u1_0.created_at,u1_0.email,u1_0.name,u1_0.password,u1_0.role_id,u1_0.username from app_user u1_0 where u1_0.username=?
2026-01-16 18:33:29.288 [Test worker] DEBUG org.hibernate.SQL - select f1_0.id,f1_0.addressee_id,f1_0.created_at,f1_0.requester_id,f1_0.status from friendship f1_0 where (f1_0.requester_id=? and f1_0.addressee_id=?) or (f1_0.requester_id=? and f1_0.addressee_id=?)
2026-01-16 18:33:29.295 [Test worker] DEBUG org.hibernate.SQL - select u1_0.id,u1_0.avatar_id,u1_0.background_id,u1_0.created_at,u1_0.email,u1_0.name,u1_0.password,u1_0.role_id,u1_0.username from app_user u1_0 where u1_0.email=?
2026-01-16 18:33:29.299 [Test worker] DEBUG org.hibernate.SQL - select u1_0.id,u1_0.avatar_id,u1_0.background_id,u1_0.created_at,u1_0.email,u1_0.name,u1_0.password,u1_0.role_id,u1_0.username from app_user u1_0 where u1_0.email=?
2026-01-16 18:33:29.304 [Test worker] DEBUG org.hibernate.SQL - update friendship set addressee_id=?,created_at=?,requester_id=?,status=? where id=?
2026-01-16 18:33:29.306 [Test worker] DEBUG org.hibernate.SQL - select f1_0.id,f1_0.addressee_id,f1_0.created_at,f1_0.requester_id,f1_0.status from friendship f1_0 join app_user r1_0 on r1_0.id=f1_0.requester_id join app_user a1_0 on a1_0.id=f1_0.addressee_id where f1_0.status=? and r1_0.id=? or f1_0.status=? and a1_0.id=?
2026-01-16 18:33:29.315 [Test worker] DEBUG org.hibernate.SQL - select u1_0.id,u1_0.avatar_id,u1_0.background_id,u1_0.created_at,u1_0.email,u1_0.name,u1_0.password,u1_0.role_id,u1_0.username from app_user u1_0 where u1_0.email=?
2026-01-16 18:33:29.320 [Test worker] DEBUG org.hibernate.SQL - select u1_0.id,u1_0.avatar_id,u1_0.background_id,u1_0.created_at,u1_0.email,u1_0.name,u1_0.password,u1_0.role_id,u1_0.username from app_user u1_0 where u1_0.email=?
2026-01-16 18:33:29.325 [Test worker] DEBUG org.hibernate.SQL - select f1_0.id,f1_0.addressee_id,f1_0.created_at,f1_0.requester_id,f1_0.status from friendship f1_0 join app_user r1_0 on r1_0.id=f1_0.requester_id join app_user a1_0 on a1_0.id=f1_0.addressee_id where f1_0.status=? and r1_0.id=? or f1_0.status=? and a1_0.id=?
2026-01-16 18:33:29.339 [Test worker] DEBUG org.hibernate.SQL - select r1_0.id,r1_0.name from role r1_0 where r1_0.name=?
2026-01-16 18:33:29.341 [Test worker] DEBUG org.hibernate.SQL - insert into role (name) values (?)
2026-01-16 18:33:29.344 [Test worker] DEBUG org.hibernate.SQL - select hc1_0.id,hc1_0.active,hc1_0.icon_path,hc1_0.name from hazard_category hc1_0
2026-01-16 18:33:29.347 [Test worker] DEBUG org.hibernate.SQL - insert into hazard_category (active,icon_path,name) values (?,?,?)
2026-01-16 18:33:29.351 [Test worker] INFO  n.f.d.b.controller.UserController - User registration attempt - username: unfrienduser1, email: unfrienduser1@test.com
2026-01-16 18:33:29.353 [Test worker] DEBUG org.hibernate.SQL - select u1_0.id from app_user u1_0 where u1_0.username=? fetch first ? rows only
2026-01-16 18:33:29.356 [Test worker] DEBUG org.hibernate.SQL - select u1_0.id from app_user u1_0 where u1_0.email=? fetch first ? rows only
2026-01-16 18:33:29.359 [Test worker] DEBUG org.hibernate.SQL - select r1_0.id,r1_0.name from role r1_0 where r1_0.name=?
2026-01-16 18:33:29.421 [Test worker] DEBUG org.hibernate.SQL - insert into app_user (avatar_id,background_id,created_at,email,name,password,role_id,username) values (?,?,?,?,?,?,?,?)
2026-01-16 18:33:29.425 [Test worker] INFO  n.f.db3.backend.service.UserService - User created successfully - userId: 8083, username: unfrienduser1, email: unfrienduser1@test.com
2026-01-16 18:33:29.425 [Test worker] INFO  n.f.d.b.controller.UserController - User registered successfully - userId: 8083, username: unfrienduser1, email: unfrienduser1@test.com
2026-01-16 18:33:29.430 [Test worker] INFO  n.f.d.b.controller.UserController - User registration attempt - username: unfrienduser2, email: unfrienduser2@test.com
2026-01-16 18:33:29.432 [Test worker] DEBUG org.hibernate.SQL - select u1_0.id from app_user u1_0 where u1_0.username=? fetch first ? rows only
2026-01-16 18:33:29.435 [Test worker] DEBUG org.hibernate.SQL - select u1_0.id from app_user u1_0 where u1_0.email=? fetch first ? rows only
2026-01-16 18:33:29.438 [Test worker] DEBUG org.hibernate.SQL - select r1_0.id,r1_0.name from role r1_0 where r1_0.name=?
2026-01-16 18:33:29.505 [Test worker] DEBUG org.hibernate.SQL - insert into app_user (avatar_id,background_id,created_at,email,name,password,role_id,username) values (?,?,?,?,?,?,?,?)
2026-01-16 18:33:29.509 [Test worker] INFO  n.f.db3.backend.service.UserService - User created successfully - userId: 8084, username: unfrienduser2, email: unfrienduser2@test.com
2026-01-16 18:33:29.510 [Test worker] INFO  n.f.d.b.controller.UserController - User registered successfully - userId: 8084, username: unfrienduser2, email: unfrienduser2@test.com
2026-01-16 18:33:29.518 [Test worker] DEBUG org.hibernate.SQL - select u1_0.id,u1_0.avatar_id,u1_0.background_id,u1_0.created_at,u1_0.email,u1_0.name,u1_0.password,u1_0.role_id,u1_0.username from app_user u1_0 where u1_0.email=?
2026-01-16 18:33:29.589 [Test worker] DEBUG org.hibernate.SQL - select u1_0.id,u1_0.avatar_id,u1_0.background_id,u1_0.created_at,u1_0.email,u1_0.name,u1_0.password,u1_0.role_id,u1_0.username from app_user u1_0 where u1_0.email=?
2026-01-16 18:33:29.592 [Test worker] INFO  n.f.d.b.controller.UserController - User logged in successfully - userId: 8083, username: unfrienduser1, email: unfrienduser1@test.com
2026-01-16 18:33:29.597 [Test worker] DEBUG org.hibernate.SQL - select u1_0.id,u1_0.avatar_id,u1_0.background_id,u1_0.created_at,u1_0.email,u1_0.name,u1_0.password,u1_0.role_id,u1_0.username from app_user u1_0 where u1_0.email=?
2026-01-16 18:33:29.663 [Test worker] DEBUG org.hibernate.SQL - select u1_0.id,u1_0.avatar_id,u1_0.background_id,u1_0.created_at,u1_0.email,u1_0.name,u1_0.password,u1_0.role_id,u1_0.username from app_user u1_0 where u1_0.email=?
2026-01-16 18:33:29.666 [Test worker] INFO  n.f.d.b.controller.UserController - User logged in successfully - userId: 8084, username: unfrienduser2, email: unfrienduser2@test.com
2026-01-16 18:33:29.672 [Test worker] DEBUG org.hibernate.SQL - select u1_0.id,u1_0.avatar_id,u1_0.background_id,u1_0.created_at,u1_0.email,u1_0.name,u1_0.password,u1_0.role_id,u1_0.username from app_user u1_0 where u1_0.email=?
2026-01-16 18:33:29.678 [Test worker] DEBUG org.hibernate.SQL - select u1_0.id,u1_0.avatar_id,u1_0.background_id,u1_0.created_at,u1_0.email,u1_0.name,u1_0.password,u1_0.role_id,u1_0.username from app_user u1_0 where u1_0.email=?
2026-01-16 18:33:29.681 [Test worker] DEBUG org.hibernate.SQL - select u1_0.id,u1_0.avatar_id,u1_0.background_id,u1_0.created_at,u1_0.email,u1_0.name,u1_0.password,u1_0.role_id,u1_0.username from app_user u1_0 where u1_0.username=?
2026-01-16 18:33:29.684 [Test worker] DEBUG org.hibernate.SQL - select f1_0.id,f1_0.addressee_id,f1_0.created_at,f1_0.requester_id,f1_0.status from friendship f1_0 where (f1_0.requester_id=? and f1_0.addressee_id=?) or (f1_0.requester_id=? and f1_0.addressee_id=?)
2026-01-16 18:33:29.686 [Test worker] DEBUG org.hibernate.SQL - insert into friendship (addressee_id,created_at,requester_id,status) values (?,?,?,?)
2026-01-16 18:33:29.693 [Test worker] DEBUG org.hibernate.SQL - select u1_0.id,u1_0.avatar_id,u1_0.background_id,u1_0.created_at,u1_0.email,u1_0.name,u1_0.password,u1_0.role_id,u1_0.username from app_user u1_0 where u1_0.email=?
2026-01-16 18:33:29.698 [Test worker] DEBUG org.hibernate.SQL - select u1_0.id,u1_0.avatar_id,u1_0.background_id,u1_0.created_at,u1_0.email,u1_0.name,u1_0.password,u1_0.role_id,u1_0.username from app_user u1_0 where u1_0.email=?
2026-01-16 18:33:29.700 [Test worker] DEBUG org.hibernate.SQL - select u1_0.id,u1_0.avatar_id,u1_0.background_id,u1_0.created_at,u1_0.email,u1_0.name,u1_0.password,u1_0.role_id,u1_0.username from app_user u1_0 where u1_0.username=?
2026-01-16 18:33:29.704 [Test worker] DEBUG org.hibernate.SQL - select f1_0.id,f1_0.addressee_id,f1_0.created_at,f1_0.requester_id,f1_0.status from friendship f1_0 where (f1_0.requester_id=? and f1_0.addressee_id=?) or (f1_0.requester_id=? and f1_0.addressee_id=?)
2026-01-16 18:33:29.711 [Test worker] DEBUG org.hibernate.SQL - select u1_0.id,u1_0.avatar_id,u1_0.background_id,u1_0.created_at,u1_0.email,u1_0.name,u1_0.password,u1_0.role_id,u1_0.username from app_user u1_0 where u1_0.email=?
2026-01-16 18:33:29.718 [Test worker] DEBUG org.hibernate.SQL - select u1_0.id,u1_0.avatar_id,u1_0.background_id,u1_0.created_at,u1_0.email,u1_0.name,u1_0.password,u1_0.role_id,u1_0.username from app_user u1_0 where u1_0.email=?
2026-01-16 18:33:29.722 [Test worker] DEBUG org.hibernate.SQL - select u1_0.id,u1_0.avatar_id,u1_0.background_id,u1_0.created_at,u1_0.email,u1_0.name,u1_0.password,u1_0.role_id,u1_0.username from app_user u1_0 where u1_0.username=?
2026-01-16 18:33:29.724 [Test worker] DEBUG org.hibernate.SQL - update friendship set addressee_id=?,created_at=?,requester_id=?,status=? where id=?
2026-01-16 18:33:29.726 [Test worker] DEBUG org.hibernate.SQL - select f1_0.id,f1_0.addressee_id,f1_0.created_at,f1_0.requester_id,f1_0.status from friendship f1_0 where (f1_0.requester_id=? and f1_0.addressee_id=?) or (f1_0.requester_id=? and f1_0.addressee_id=?)
2026-01-16 18:33:29.732 [Test worker] DEBUG org.hibernate.SQL - select u1_0.id,u1_0.avatar_id,u1_0.background_id,u1_0.created_at,u1_0.email,u1_0.name,u1_0.password,u1_0.role_id,u1_0.username from app_user u1_0 where u1_0.email=?
2026-01-16 18:33:29.738 [Test worker] DEBUG org.hibernate.SQL - select u1_0.id,u1_0.avatar_id,u1_0.background_id,u1_0.created_at,u1_0.email,u1_0.name,u1_0.password,u1_0.role_id,u1_0.username from app_user u1_0 where u1_0.email=?
2026-01-16 18:33:29.741 [Test worker] DEBUG org.hibernate.SQL - delete from friendship where id=?
2026-01-16 18:33:29.743 [Test worker] DEBUG org.hibernate.SQL - select f1_0.id,f1_0.addressee_id,f1_0.created_at,f1_0.requester_id,f1_0.status from friendship f1_0 join app_user r1_0 on r1_0.id=f1_0.requester_id join app_user a1_0 on a1_0.id=f1_0.addressee_id where f1_0.status=? and r1_0.id=? or f1_0.status=? and a1_0.id=?
2026-01-16 18:33:29.754 [Test worker] DEBUG org.hibernate.SQL - select r1_0.id,r1_0.name from role r1_0 where r1_0.name=?
2026-01-16 18:33:29.756 [Test worker] DEBUG org.hibernate.SQL - insert into role (name) values (?)
2026-01-16 18:33:29.759 [Test worker] DEBUG org.hibernate.SQL - select hc1_0.id,hc1_0.active,hc1_0.icon_path,hc1_0.name from hazard_category hc1_0
2026-01-16 18:33:29.760 [Test worker] DEBUG org.hibernate.SQL - insert into hazard_category (active,icon_path,name) values (?,?,?)
2026-01-16 18:33:29.765 [Test worker] INFO  n.f.d.b.controller.UserController - User registration attempt - username: canceluser1, email: canceluser1@test.com
2026-01-16 18:33:29.766 [Test worker] DEBUG org.hibernate.SQL - select u1_0.id from app_user u1_0 where u1_0.username=? fetch first ? rows only
2026-01-16 18:33:29.768 [Test worker] DEBUG org.hibernate.SQL - select u1_0.id from app_user u1_0 where u1_0.email=? fetch first ? rows only
2026-01-16 18:33:29.770 [Test worker] DEBUG org.hibernate.SQL - select r1_0.id,r1_0.name from role r1_0 where r1_0.name=?
2026-01-16 18:33:29.832 [Test worker] DEBUG org.hibernate.SQL - insert into app_user (avatar_id,background_id,created_at,email,name,password,role_id,username) values (?,?,?,?,?,?,?,?)
2026-01-16 18:33:29.836 [Test worker] INFO  n.f.db3.backend.service.UserService - User created successfully - userId: 8085, username: canceluser1, email: canceluser1@test.com
2026-01-16 18:33:29.836 [Test worker] INFO  n.f.d.b.controller.UserController - User registered successfully - userId: 8085, username: canceluser1, email: canceluser1@test.com
2026-01-16 18:33:29.839 [Test worker] INFO  n.f.d.b.controller.UserController - User registration attempt - username: canceluser2, email: canceluser2@test.com
2026-01-16 18:33:29.840 [Test worker] DEBUG org.hibernate.SQL - select u1_0.id from app_user u1_0 where u1_0.username=? fetch first ? rows only
2026-01-16 18:33:29.843 [Test worker] DEBUG org.hibernate.SQL - select u1_0.id from app_user u1_0 where u1_0.email=? fetch first ? rows only
2026-01-16 18:33:29.845 [Test worker] DEBUG org.hibernate.SQL - select r1_0.id,r1_0.name from role r1_0 where r1_0.name=?
2026-01-16 18:33:29.906 [Test worker] DEBUG org.hibernate.SQL - insert into app_user (avatar_id,background_id,created_at,email,name,password,role_id,username) values (?,?,?,?,?,?,?,?)
2026-01-16 18:33:29.909 [Test worker] INFO  n.f.db3.backend.service.UserService - User created successfully - userId: 8086, username: canceluser2, email: canceluser2@test.com
2026-01-16 18:33:29.909 [Test worker] INFO  n.f.d.b.controller.UserController - User registered successfully - userId: 8086, username: canceluser2, email: canceluser2@test.com
2026-01-16 18:33:29.914 [Test worker] DEBUG org.hibernate.SQL - select u1_0.id,u1_0.avatar_id,u1_0.background_id,u1_0.created_at,u1_0.email,u1_0.name,u1_0.password,u1_0.role_id,u1_0.username from app_user u1_0 where u1_0.email=?
2026-01-16 18:33:29.975 [Test worker] DEBUG org.hibernate.SQL - select u1_0.id,u1_0.avatar_id,u1_0.background_id,u1_0.created_at,u1_0.email,u1_0.name,u1_0.password,u1_0.role_id,u1_0.username from app_user u1_0 where u1_0.email=?
2026-01-16 18:33:29.977 [Test worker] INFO  n.f.d.b.controller.UserController - User logged in successfully - userId: 8085, username: canceluser1, email: canceluser1@test.com
2026-01-16 18:33:29.985 [Test worker] DEBUG org.hibernate.SQL - select u1_0.id,u1_0.avatar_id,u1_0.background_id,u1_0.created_at,u1_0.email,u1_0.name,u1_0.password,u1_0.role_id,u1_0.username from app_user u1_0 where u1_0.email=?
2026-01-16 18:33:29.990 [Test worker] DEBUG org.hibernate.SQL - select u1_0.id,u1_0.avatar_id,u1_0.background_id,u1_0.created_at,u1_0.email,u1_0.name,u1_0.password,u1_0.role_id,u1_0.username from app_user u1_0 where u1_0.email=?
2026-01-16 18:33:29.993 [Test worker] DEBUG org.hibernate.SQL - select u1_0.id,u1_0.avatar_id,u1_0.background_id,u1_0.created_at,u1_0.email,u1_0.name,u1_0.password,u1_0.role_id,u1_0.username from app_user u1_0 where u1_0.username=?
2026-01-16 18:33:29.997 [Test worker] DEBUG org.hibernate.SQL - select f1_0.id,f1_0.addressee_id,f1_0.created_at,f1_0.requester_id,f1_0.status from friendship f1_0 where (f1_0.requester_id=? and f1_0.addressee_id=?) or (f1_0.requester_id=? and f1_0.addressee_id=?)
2026-01-16 18:33:29.998 [Test worker] DEBUG org.hibernate.SQL - insert into friendship (addressee_id,created_at,requester_id,status) values (?,?,?,?)
2026-01-16 18:33:30.004 [Test worker] DEBUG org.hibernate.SQL - select u1_0.id,u1_0.avatar_id,u1_0.background_id,u1_0.created_at,u1_0.email,u1_0.name,u1_0.password,u1_0.role_id,u1_0.username from app_user u1_0 where u1_0.email=?
2026-01-16 18:33:30.009 [Test worker] DEBUG org.hibernate.SQL - select u1_0.id,u1_0.avatar_id,u1_0.background_id,u1_0.created_at,u1_0.email,u1_0.name,u1_0.password,u1_0.role_id,u1_0.username from app_user u1_0 where u1_0.email=?
2026-01-16 18:33:30.012 [Test worker] DEBUG org.hibernate.SQL - select u1_0.id,u1_0.avatar_id,u1_0.background_id,u1_0.created_at,u1_0.email,u1_0.name,u1_0.password,u1_0.role_id,u1_0.username from app_user u1_0 where u1_0.username=?
2026-01-16 18:33:30.014 [Test worker] DEBUG org.hibernate.SQL - select f1_0.id,f1_0.addressee_id,f1_0.created_at,f1_0.requester_id,f1_0.status from friendship f1_0 where (f1_0.requester_id=? and f1_0.addressee_id=?) or (f1_0.requester_id=? and f1_0.addressee_id=?)
2026-01-16 18:33:30.021 [Test worker] DEBUG org.hibernate.SQL - select u1_0.id,u1_0.avatar_id,u1_0.background_id,u1_0.created_at,u1_0.email,u1_0.name,u1_0.password,u1_0.role_id,u1_0.username from app_user u1_0 where u1_0.email=?
2026-01-16 18:33:30.026 [Test worker] DEBUG org.hibernate.SQL - select u1_0.id,u1_0.avatar_id,u1_0.background_id,u1_0.created_at,u1_0.email,u1_0.name,u1_0.password,u1_0.role_id,u1_0.username from app_user u1_0 where u1_0.email=?
2026-01-16 18:33:30.030 [Test worker] DEBUG org.hibernate.SQL - delete from friendship where id=?
2026-01-16 18:33:30.031 [Test worker] DEBUG org.hibernate.SQL - select f1_0.id,f1_0.addressee_id,f1_0.created_at,f1_0.requester_id,f1_0.status from friendship f1_0 join app_user r1_0 on r1_0.id=f1_0.requester_id where r1_0.id=? and f1_0.status=?
2026-01-16 18:33:30.039 [Test worker] INFO  o.s.t.c.s.AnnotationConfigContextLoaderUtils - Could not detect default configuration classes for test class [nl.fontys.db3.backend.e2e.HazardReportingE2ETest]: HazardReportingE2ETest does not declare any static, non-private, non-final, nested classes annotated with @Configuration.
2026-01-16 18:33:30.041 [Test worker] INFO  o.s.b.t.c.SpringBootTestContextBootstrapper - Found @SpringBootConfiguration nl.fontys.db3.backend.BackendApplication for test class nl.fontys.db3.backend.e2e.HazardReportingE2ETest
2026-01-16 18:33:30.046 [Test worker] DEBUG org.hibernate.SQL - select r1_0.id,r1_0.name from role r1_0 where r1_0.name=?
2026-01-16 18:33:30.049 [Test worker] DEBUG org.hibernate.SQL - insert into role (name) values (?)
2026-01-16 18:33:30.051 [Test worker] DEBUG org.hibernate.SQL - select hc1_0.id,hc1_0.active,hc1_0.icon_path,hc1_0.name from hazard_category hc1_0
2026-01-16 18:33:30.053 [Test worker] DEBUG org.hibernate.SQL - insert into hazard_category (active,icon_path,name) values (?,?,?)
2026-01-16 18:33:30.057 [Test worker] INFO  n.f.d.b.controller.UserController - User registration attempt - username: e2euser, email: e2euser@test.com
2026-01-16 18:33:30.058 [Test worker] DEBUG org.hibernate.SQL - select u1_0.id from app_user u1_0 where u1_0.username=? fetch first ? rows only
2026-01-16 18:33:30.061 [Test worker] DEBUG org.hibernate.SQL - select u1_0.id from app_user u1_0 where u1_0.email=? fetch first ? rows only
2026-01-16 18:33:30.063 [Test worker] DEBUG org.hibernate.SQL - select r1_0.id,r1_0.name from role r1_0 where r1_0.name=?
2026-01-16 18:33:30.121 [Test worker] DEBUG org.hibernate.SQL - insert into app_user (avatar_id,background_id,created_at,email,name,password,role_id,username) values (?,?,?,?,?,?,?,?)
2026-01-16 18:33:30.124 [Test worker] INFO  n.f.db3.backend.service.UserService - User created successfully - userId: 8087, username: e2euser, email: e2euser@test.com
2026-01-16 18:33:30.124 [Test worker] INFO  n.f.d.b.controller.UserController - User registered successfully - userId: 8087, username: e2euser, email: e2euser@test.com
2026-01-16 18:33:30.130 [Test worker] DEBUG org.hibernate.SQL - select u1_0.id,u1_0.avatar_id,u1_0.background_id,u1_0.created_at,u1_0.email,u1_0.name,u1_0.password,u1_0.role_id,u1_0.username from app_user u1_0 where u1_0.email=?
2026-01-16 18:33:30.188 [Test worker] DEBUG org.hibernate.SQL - select u1_0.id,u1_0.avatar_id,u1_0.background_id,u1_0.created_at,u1_0.email,u1_0.name,u1_0.password,u1_0.role_id,u1_0.username from app_user u1_0 where u1_0.email=?
2026-01-16 18:33:30.191 [Test worker] INFO  n.f.d.b.controller.UserController - User logged in successfully - userId: 8087, username: e2euser, email: e2euser@test.com
2026-01-16 18:33:30.197 [Test worker] DEBUG org.hibernate.SQL - select u1_0.id,u1_0.avatar_id,u1_0.background_id,u1_0.created_at,u1_0.email,u1_0.name,u1_0.password,u1_0.role_id,u1_0.username from app_user u1_0 where u1_0.email=?
2026-01-16 18:33:30.203 [Test worker] INFO  n.f.d.b.c.HazardReportController - Creating hazard - email: e2euser@test.com, categoryId: 1799, lat: 51.4416, lng: 5.4697
2026-01-16 18:33:30.203 [Test worker] INFO  n.f.d.backend.service.HazardService - Creating hazard - creatorEmail: e2euser@test.com, categoryId: 1799, lat: 51.4416, lng: 5.4697
2026-01-16 18:33:30.206 [Test worker] DEBUG org.hibernate.SQL - select u1_0.id,u1_0.avatar_id,u1_0.background_id,u1_0.created_at,u1_0.email,u1_0.name,u1_0.password,u1_0.role_id,u1_0.username from app_user u1_0 where u1_0.email=?
2026-01-16 18:33:30.209 [Test worker] DEBUG org.hibernate.SQL - insert into hazard_report (category_id,created_at,created_by_id,latitude,longitude,status) values (?,?,?,?,?,?)
2026-01-16 18:33:30.218 [Test worker] DEBUG org.hibernate.SQL - select s1_0.id from "statistics" s1_0 join app_user u1_0 on u1_0.id=s1_0.user_id where u1_0.id=? fetch first ? rows only
2026-01-16 18:33:30.224 [Test worker] DEBUG org.hibernate.SQL - insert into "statistics" (total_distance_km,total_hazards_reported,total_trips,total_votes,user_id) values (?,?,?,?,?)
2026-01-16 18:33:30.253 [Test worker] DEBUG org.hibernate.SQL - update "statistics" s1_0 set total_hazards_reported=(s1_0.total_hazards_reported+1) where s1_0.user_id=?
2026-01-16 18:33:30.264 [Test worker] INFO  n.f.d.backend.service.HazardService - Hazard created successfully - hazardId: 1627, userId: 8087, category: Pothole
2026-01-16 18:33:30.265 [Test worker] INFO  n.f.d.b.c.HazardReportController - Hazard created successfully - hazardId: 1627, email: e2euser@test.com
2026-01-16 18:33:30.281 [Test worker] INFO  n.f.d.b.controller.UserController - User registration attempt - username: e2evoter, email: e2evoter@test.com
2026-01-16 18:33:30.283 [Test worker] DEBUG org.hibernate.SQL - select u1_0.id from app_user u1_0 where u1_0.username=? fetch first ? rows only
2026-01-16 18:33:30.287 [Test worker] DEBUG org.hibernate.SQL - select u1_0.id from app_user u1_0 where u1_0.email=? fetch first ? rows only
2026-01-16 18:33:30.289 [Test worker] DEBUG org.hibernate.SQL - select r1_0.id,r1_0.name from role r1_0 where r1_0.name=?
2026-01-16 18:33:30.351 [Test worker] DEBUG org.hibernate.SQL - insert into app_user (avatar_id,background_id,created_at,email,name,password,role_id,username) values (?,?,?,?,?,?,?,?)
2026-01-16 18:33:30.354 [Test worker] INFO  n.f.db3.backend.service.UserService - User created successfully - userId: 8088, username: e2evoter, email: e2evoter@test.com
2026-01-16 18:33:30.354 [Test worker] INFO  n.f.d.b.controller.UserController - User registered successfully - userId: 8088, username: e2evoter, email: e2evoter@test.com
2026-01-16 18:33:30.360 [Test worker] DEBUG org.hibernate.SQL - select u1_0.id,u1_0.avatar_id,u1_0.background_id,u1_0.created_at,u1_0.email,u1_0.name,u1_0.password,u1_0.role_id,u1_0.username from app_user u1_0 where u1_0.email=?
2026-01-16 18:33:30.420 [Test worker] DEBUG org.hibernate.SQL - select u1_0.id,u1_0.avatar_id,u1_0.background_id,u1_0.created_at,u1_0.email,u1_0.name,u1_0.password,u1_0.role_id,u1_0.username from app_user u1_0 where u1_0.email=?
2026-01-16 18:33:30.423 [Test worker] INFO  n.f.d.b.controller.UserController - User logged in successfully - userId: 8088, username: e2evoter, email: e2evoter@test.com
2026-01-16 18:33:30.428 [Test worker] DEBUG org.hibernate.SQL - select u1_0.id,u1_0.avatar_id,u1_0.background_id,u1_0.created_at,u1_0.email,u1_0.name,u1_0.password,u1_0.role_id,u1_0.username from app_user u1_0 where u1_0.email=?
2026-01-16 18:33:30.433 [Test worker] INFO  n.f.d.b.controller.VoteController - Vote request - email: e2evoter@test.com, hazardId: 1627, voteType: UPVOTE
2026-01-16 18:33:30.435 [Test worker] DEBUG org.hibernate.SQL - select u1_0.id,u1_0.avatar_id,u1_0.background_id,u1_0.created_at,u1_0.email,u1_0.name,u1_0.password,u1_0.role_id,u1_0.username from app_user u1_0 where u1_0.email=?
2026-01-16 18:33:30.440 [Test worker] DEBUG org.hibernate.SQL - select hr1_0.id,c1_0.id,c1_0.active,c1_0.icon_path,c1_0.name,hr1_0.created_at,cb1_0.id,a1_0.id,a1_0.active,a1_0.image_path,a1_0.name,b1_0.id,b1_0.active,b1_0.image_path,b1_0.name,cb1_0.created_at,cb1_0.email,cb1_0.name,cb1_0.password,cb1_0.role_id,r1_0.id,r1_0.name,cb1_0.username,hr1_0.latitude,hr1_0.longitude,hr1_0.status from hazard_report hr1_0 left join hazard_category c1_0 on c1_0.id=hr1_0.category_id left join app_user cb1_0 on cb1_0.id=hr1_0.created_by_id left join avatar a1_0 on a1_0.id=cb1_0.avatar_id left join background b1_0 on b1_0.id=cb1_0.background_id left join role r1_0 on r1_0.id=cb1_0.role_id where hr1_0.id=?
2026-01-16 18:33:30.451 [Test worker] DEBUG org.hibernate.SQL - select v1_0.id from vote v1_0 join hazard_report hr1_0 on hr1_0.id=v1_0.hazard_report_id join app_user u1_0 on u1_0.id=v1_0.user_id where hr1_0.id=? and u1_0.id=? fetch first ? rows only
2026-01-16 18:33:30.455 [Test worker] DEBUG org.hibernate.SQL - insert into vote (created_at,hazard_report_id,user_id,vote_type) values (?,?,?,?)
2026-01-16 18:33:30.460 [Test worker] DEBUG org.hibernate.SQL - select s1_0.id from "statistics" s1_0 join app_user u1_0 on u1_0.id=s1_0.user_id where u1_0.id=? fetch first ? rows only
2026-01-16 18:33:30.462 [Test worker] DEBUG org.hibernate.SQL - insert into "statistics" (total_distance_km,total_hazards_reported,total_trips,total_votes,user_id) values (?,?,?,?,?)
2026-01-16 18:33:30.466 [Test worker] DEBUG org.hibernate.SQL - update "statistics" s1_0 set total_votes=(s1_0.total_votes+1) where s1_0.user_id=?
2026-01-16 18:33:30.469 [Test worker] INFO  n.f.db3.backend.service.VoteService - Vote saved successfully - voteId: 687, userId: 8088, hazardId: 1627, voteType: UPVOTE
2026-01-16 18:33:30.470 [Test worker] INFO  n.f.d.b.controller.VoteController - Vote saved successfully - voteId: 687, email: e2evoter@test.com, hazardId: 1627, voteType: UPVOTE
2026-01-16 18:33:30.478 [Test worker] DEBUG org.hibernate.SQL - select u1_0.id,u1_0.avatar_id,u1_0.background_id,u1_0.created_at,u1_0.email,u1_0.name,u1_0.password,u1_0.role_id,u1_0.username from app_user u1_0 where u1_0.email=?
2026-01-16 18:33:30.482 [Test worker] DEBUG org.hibernate.SQL - select r1_0.id,r1_0.name from role r1_0 where r1_0.id=?
2026-01-16 18:33:30.492 [Test worker] DEBUG org.hibernate.SQL - select count(v1_0.id) from vote v1_0 join hazard_report hr1_0 on hr1_0.id=v1_0.hazard_report_id where hr1_0.id=? and v1_0.vote_type=?
2026-01-16 18:33:30.497 [Test worker] DEBUG org.hibernate.SQL - select count(v1_0.id) from vote v1_0 join hazard_report hr1_0 on hr1_0.id=v1_0.hazard_report_id where hr1_0.id=? and v1_0.vote_type=?
2026-01-16 18:33:30.504 [Test worker] DEBUG org.hibernate.SQL - select u1_0.id,u1_0.avatar_id,u1_0.background_id,u1_0.created_at,u1_0.email,u1_0.name,u1_0.password,u1_0.role_id,u1_0.username from app_user u1_0 where u1_0.email=?
2026-01-16 18:33:30.508 [Test worker] DEBUG org.hibernate.SQL - select u1_0.id,u1_0.avatar_id,u1_0.background_id,u1_0.created_at,u1_0.email,u1_0.name,u1_0.password,u1_0.role_id,u1_0.username from app_user u1_0 where u1_0.username=?
2026-01-16 18:33:30.512 [Test worker] DEBUG org.hibernate.SQL - select s1_0.id,s1_0.total_distance_km,s1_0.total_hazards_reported,s1_0.total_trips,s1_0.total_votes,s1_0.user_id from "statistics" s1_0 join app_user u1_0 on u1_0.id=s1_0.user_id where u1_0.id=?
2026-01-16 18:33:30.523 [Test worker] DEBUG org.hibernate.SQL - select u1_0.id,u1_0.avatar_id,u1_0.background_id,u1_0.created_at,u1_0.email,u1_0.name,u1_0.password,u1_0.role_id,u1_0.username from app_user u1_0 where u1_0.email=?
2026-01-16 18:33:30.529 [Test worker] DEBUG org.hibernate.SQL - select u1_0.id,u1_0.avatar_id,u1_0.background_id,u1_0.created_at,u1_0.email,u1_0.name,u1_0.password,u1_0.role_id,u1_0.username from app_user u1_0 where u1_0.username=?
2026-01-16 18:33:30.532 [Test worker] DEBUG org.hibernate.SQL - select s1_0.id,s1_0.total_distance_km,s1_0.total_hazards_reported,s1_0.total_trips,s1_0.total_votes,s1_0.user_id from "statistics" s1_0 join app_user u1_0 on u1_0.id=s1_0.user_id where u1_0.id=?
2026-01-16 18:33:30.543 [Test worker] DEBUG org.hibernate.SQL - select r1_0.id,r1_0.name from role r1_0 where r1_0.name=?
2026-01-16 18:33:30.545 [Test worker] DEBUG org.hibernate.SQL - insert into role (name) values (?)
2026-01-16 18:33:30.547 [Test worker] DEBUG org.hibernate.SQL - select hc1_0.id,hc1_0.active,hc1_0.icon_path,hc1_0.name from hazard_category hc1_0
2026-01-16 18:33:30.549 [Test worker] DEBUG org.hibernate.SQL - insert into hazard_category (active,icon_path,name) values (?,?,?)
2026-01-16 18:33:30.554 [Test worker] INFO  n.f.d.b.controller.UserController - User registration attempt - username: hazardhistory, email: hazardhistory@test.com
2026-01-16 18:33:30.555 [Test worker] DEBUG org.hibernate.SQL - select u1_0.id from app_user u1_0 where u1_0.username=? fetch first ? rows only
2026-01-16 18:33:30.557 [Test worker] DEBUG org.hibernate.SQL - select u1_0.id from app_user u1_0 where u1_0.email=? fetch first ? rows only
2026-01-16 18:33:30.559 [Test worker] DEBUG org.hibernate.SQL - select r1_0.id,r1_0.name from role r1_0 where r1_0.name=?
2026-01-16 18:33:30.618 [Test worker] DEBUG org.hibernate.SQL - insert into app_user (avatar_id,background_id,created_at,email,name,password,role_id,username) values (?,?,?,?,?,?,?,?)
2026-01-16 18:33:30.622 [Test worker] INFO  n.f.db3.backend.service.UserService - User created successfully - userId: 8089, username: hazardhistory, email: hazardhistory@test.com
2026-01-16 18:33:30.622 [Test worker] INFO  n.f.d.b.controller.UserController - User registered successfully - userId: 8089, username: hazardhistory, email: hazardhistory@test.com
2026-01-16 18:33:30.626 [Test worker] DEBUG org.hibernate.SQL - select u1_0.id,u1_0.avatar_id,u1_0.background_id,u1_0.created_at,u1_0.email,u1_0.name,u1_0.password,u1_0.role_id,u1_0.username from app_user u1_0 where u1_0.email=?
2026-01-16 18:33:30.688 [Test worker] DEBUG org.hibernate.SQL - select u1_0.id,u1_0.avatar_id,u1_0.background_id,u1_0.created_at,u1_0.email,u1_0.name,u1_0.password,u1_0.role_id,u1_0.username from app_user u1_0 where u1_0.email=?
2026-01-16 18:33:30.690 [Test worker] INFO  n.f.d.b.controller.UserController - User logged in successfully - userId: 8089, username: hazardhistory, email: hazardhistory@test.com
2026-01-16 18:33:30.695 [Test worker] DEBUG org.hibernate.SQL - select u1_0.id,u1_0.avatar_id,u1_0.background_id,u1_0.created_at,u1_0.email,u1_0.name,u1_0.password,u1_0.role_id,u1_0.username from app_user u1_0 where u1_0.email=?
2026-01-16 18:33:30.699 [Test worker] INFO  n.f.d.b.c.HazardReportController - Creating hazard - email: hazardhistory@test.com, categoryId: 1800, lat: 51.4416, lng: 5.4697
2026-01-16 18:33:30.699 [Test worker] INFO  n.f.d.backend.service.HazardService - Creating hazard - creatorEmail: hazardhistory@test.com, categoryId: 1800, lat: 51.4416, lng: 5.4697
2026-01-16 18:33:30.700 [Test worker] DEBUG org.hibernate.SQL - select u1_0.id,u1_0.avatar_id,u1_0.background_id,u1_0.created_at,u1_0.email,u1_0.name,u1_0.password,u1_0.role_id,u1_0.username from app_user u1_0 where u1_0.email=?
2026-01-16 18:33:30.703 [Test worker] DEBUG org.hibernate.SQL - insert into hazard_report (category_id,created_at,created_by_id,latitude,longitude,status) values (?,?,?,?,?,?)
2026-01-16 18:33:30.706 [Test worker] DEBUG org.hibernate.SQL - select s1_0.id from "statistics" s1_0 join app_user u1_0 on u1_0.id=s1_0.user_id where u1_0.id=? fetch first ? rows only
2026-01-16 18:33:30.708 [Test worker] DEBUG org.hibernate.SQL - insert into "statistics" (total_distance_km,total_hazards_reported,total_trips,total_votes,user_id) values (?,?,?,?,?)
2026-01-16 18:33:30.710 [Test worker] DEBUG org.hibernate.SQL - update "statistics" s1_0 set total_hazards_reported=(s1_0.total_hazards_reported+1) where s1_0.user_id=?
2026-01-16 18:33:30.712 [Test worker] INFO  n.f.d.backend.service.HazardService - Hazard created successfully - hazardId: 1628, userId: 8089, category: Pothole
2026-01-16 18:33:30.712 [Test worker] INFO  n.f.d.b.c.HazardReportController - Hazard created successfully - hazardId: 1628, email: hazardhistory@test.com
2026-01-16 18:33:30.716 [Test worker] DEBUG org.hibernate.SQL - select u1_0.id,u1_0.avatar_id,u1_0.background_id,u1_0.created_at,u1_0.email,u1_0.name,u1_0.password,u1_0.role_id,u1_0.username from app_user u1_0 where u1_0.email=?
2026-01-16 18:33:30.718 [Test worker] DEBUG org.hibernate.SQL - select r1_0.id,r1_0.name from role r1_0 where r1_0.id=?
2026-01-16 18:33:30.725 [Test worker] INFO  n.f.d.b.c.HazardReportController - Creating hazard - email: hazardhistory@test.com, categoryId: 1800, lat: 51.4516, lng: 5.479699999999999
2026-01-16 18:33:30.725 [Test worker] INFO  n.f.d.backend.service.HazardService - Creating hazard - creatorEmail: hazardhistory@test.com, categoryId: 1800, lat: 51.4516, lng: 5.479699999999999
2026-01-16 18:33:30.725 [Test worker] DEBUG org.hibernate.SQL - select hc1_0.id,hc1_0.active,hc1_0.icon_path,hc1_0.name from hazard_category hc1_0 where hc1_0.id=?
2026-01-16 18:33:30.729 [Test worker] DEBUG org.hibernate.SQL - select u1_0.id,u1_0.avatar_id,u1_0.background_id,u1_0.created_at,u1_0.email,u1_0.name,u1_0.password,u1_0.role_id,u1_0.username from app_user u1_0 where u1_0.email=?
2026-01-16 18:33:30.731 [Test worker] DEBUG org.hibernate.SQL - insert into hazard_report (category_id,created_at,created_by_id,latitude,longitude,status) values (?,?,?,?,?,?)
2026-01-16 18:33:30.733 [Test worker] DEBUG org.hibernate.SQL - select s1_0.id from "statistics" s1_0 join app_user u1_0 on u1_0.id=s1_0.user_id where u1_0.id=? fetch first ? rows only
2026-01-16 18:33:30.737 [Test worker] DEBUG org.hibernate.SQL - update "statistics" s1_0 set total_hazards_reported=(s1_0.total_hazards_reported+1) where s1_0.user_id=?
2026-01-16 18:33:30.739 [Test worker] INFO  n.f.d.backend.service.HazardService - Hazard created successfully - hazardId: 1629, userId: 8089, category: Pothole
2026-01-16 18:33:30.739 [Test worker] INFO  n.f.d.b.c.HazardReportController - Hazard created successfully - hazardId: 1629, email: hazardhistory@test.com
2026-01-16 18:33:30.743 [Test worker] DEBUG org.hibernate.SQL - select u1_0.id,u1_0.avatar_id,u1_0.background_id,u1_0.created_at,u1_0.email,u1_0.name,u1_0.password,u1_0.role_id,u1_0.username from app_user u1_0 where u1_0.email=?
2026-01-16 18:33:30.744 [Test worker] DEBUG org.hibernate.SQL - select r1_0.id,r1_0.name from role r1_0 where r1_0.id=?
2026-01-16 18:33:30.748 [Test worker] INFO  n.f.d.b.c.HazardReportController - Creating hazard - email: hazardhistory@test.com, categoryId: 1800, lat: 51.461600000000004, lng: 5.489699999999999
2026-01-16 18:33:30.748 [Test worker] INFO  n.f.d.backend.service.HazardService - Creating hazard - creatorEmail: hazardhistory@test.com, categoryId: 1800, lat: 51.461600000000004, lng: 5.489699999999999
2026-01-16 18:33:30.748 [Test worker] DEBUG org.hibernate.SQL - select hc1_0.id,hc1_0.active,hc1_0.icon_path,hc1_0.name from hazard_category hc1_0 where hc1_0.id=?
2026-01-16 18:33:30.751 [Test worker] DEBUG org.hibernate.SQL - select u1_0.id,u1_0.avatar_id,u1_0.background_id,u1_0.created_at,u1_0.email,u1_0.name,u1_0.password,u1_0.role_id,u1_0.username from app_user u1_0 where u1_0.email=?
2026-01-16 18:33:30.753 [Test worker] DEBUG org.hibernate.SQL - insert into hazard_report (category_id,created_at,created_by_id,latitude,longitude,status) values (?,?,?,?,?,?)
2026-01-16 18:33:30.755 [Test worker] DEBUG org.hibernate.SQL - select s1_0.id from "statistics" s1_0 join app_user u1_0 on u1_0.id=s1_0.user_id where u1_0.id=? fetch first ? rows only
2026-01-16 18:33:30.757 [Test worker] DEBUG org.hibernate.SQL - update "statistics" s1_0 set total_hazards_reported=(s1_0.total_hazards_reported+1) where s1_0.user_id=?
2026-01-16 18:33:30.759 [Test worker] INFO  n.f.d.backend.service.HazardService - Hazard created successfully - hazardId: 1630, userId: 8089, category: Pothole
2026-01-16 18:33:30.759 [Test worker] INFO  n.f.d.b.c.HazardReportController - Hazard created successfully - hazardId: 1630, email: hazardhistory@test.com
2026-01-16 18:33:30.763 [Test worker] DEBUG org.hibernate.SQL - select u1_0.id,u1_0.avatar_id,u1_0.background_id,u1_0.created_at,u1_0.email,u1_0.name,u1_0.password,u1_0.role_id,u1_0.username from app_user u1_0 where u1_0.email=?
2026-01-16 18:33:30.765 [Test worker] DEBUG org.hibernate.SQL - select r1_0.id,r1_0.name from role r1_0 where r1_0.id=?
2026-01-16 18:33:30.770 [Test worker] DEBUG org.hibernate.SQL - select hr1_0.id,hr1_0.category_id,hr1_0.created_at,hr1_0.created_by_id,hr1_0.latitude,hr1_0.longitude,hr1_0.status from hazard_report hr1_0 where hr1_0.status=?
2026-01-16 18:33:30.772 [Test worker] DEBUG org.hibernate.SQL - select hc1_0.id,hc1_0.active,hc1_0.icon_path,hc1_0.name from hazard_category hc1_0 where hc1_0.id=?
2026-01-16 18:33:30.777 [Test worker] DEBUG org.hibernate.SQL - select v1_0.hazard_report_id,v1_0.id,v1_0.created_at,v1_0.user_id,u1_0.id,a1_0.id,a1_0.active,a1_0.image_path,a1_0.name,b1_0.id,b1_0.active,b1_0.image_path,b1_0.name,u1_0.created_at,u1_0.email,u1_0.name,u1_0.password,u1_0.role_id,r1_0.id,r1_0.name,u1_0.username,v1_0.vote_type from vote v1_0 left join app_user u1_0 on u1_0.id=v1_0.user_id left join avatar a1_0 on a1_0.id=u1_0.avatar_id left join background b1_0 on b1_0.id=u1_0.background_id left join role r1_0 on r1_0.id=u1_0.role_id where v1_0.hazard_report_id=?
2026-01-16 18:33:30.782 [Test worker] DEBUG org.hibernate.SQL - select v1_0.hazard_report_id,v1_0.id,v1_0.created_at,v1_0.user_id,u1_0.id,a1_0.id,a1_0.active,a1_0.image_path,a1_0.name,b1_0.id,b1_0.active,b1_0.image_path,b1_0.name,u1_0.created_at,u1_0.email,u1_0.name,u1_0.password,u1_0.role_id,r1_0.id,r1_0.name,u1_0.username,v1_0.vote_type from vote v1_0 left join app_user u1_0 on u1_0.id=v1_0.user_id left join avatar a1_0 on a1_0.id=u1_0.avatar_id left join background b1_0 on b1_0.id=u1_0.background_id left join role r1_0 on r1_0.id=u1_0.role_id where v1_0.hazard_report_id=?
2026-01-16 18:33:30.784 [Test worker] DEBUG org.hibernate.SQL - select v1_0.hazard_report_id,v1_0.id,v1_0.created_at,v1_0.user_id,u1_0.id,a1_0.id,a1_0.active,a1_0.image_path,a1_0.name,b1_0.id,b1_0.active,b1_0.image_path,b1_0.name,u1_0.created_at,u1_0.email,u1_0.name,u1_0.password,u1_0.role_id,r1_0.id,r1_0.name,u1_0.username,v1_0.vote_type from vote v1_0 left join app_user u1_0 on u1_0.id=v1_0.user_id left join avatar a1_0 on a1_0.id=u1_0.avatar_id left join background b1_0 on b1_0.id=u1_0.background_id left join role r1_0 on r1_0.id=u1_0.role_id where v1_0.hazard_report_id=?
2026-01-16 18:33:30.799 [Test worker] DEBUG org.hibernate.SQL - select u1_0.id,u1_0.avatar_id,u1_0.background_id,u1_0.created_at,u1_0.email,u1_0.name,u1_0.password,u1_0.role_id,u1_0.username from app_user u1_0 where u1_0.email=?
2026-01-16 18:33:30.804 [Test worker] DEBUG org.hibernate.SQL - select u1_0.id from app_user u1_0 where u1_0.username=? fetch first ? rows only
2026-01-16 18:33:30.808 [Test worker] DEBUG org.hibernate.SQL - select hr1_0.id,hr1_0.category_id,hr1_0.created_at,hr1_0.created_by_id,hr1_0.latitude,hr1_0.longitude,hr1_0.status from hazard_report hr1_0 left join app_user cb1_0 on cb1_0.id=hr1_0.created_by_id where cb1_0.username=? order by hr1_0.id desc
2026-01-16 18:33:30.814 [Test worker] DEBUG org.hibernate.SQL - select u1_0.id,u1_0.avatar_id,u1_0.background_id,u1_0.created_at,u1_0.email,u1_0.name,u1_0.password,u1_0.role_id,u1_0.username from app_user u1_0 where u1_0.email=?
2026-01-16 18:33:30.820 [Test worker] DEBUG org.hibernate.SQL - select u1_0.id,u1_0.avatar_id,u1_0.background_id,u1_0.created_at,u1_0.email,u1_0.name,u1_0.password,u1_0.role_id,u1_0.username from app_user u1_0 where u1_0.username=?
2026-01-16 18:33:30.823 [Test worker] DEBUG org.hibernate.SQL - select s1_0.id,s1_0.total_distance_km,s1_0.total_hazards_reported,s1_0.total_trips,s1_0.total_votes,s1_0.user_id from "statistics" s1_0 join app_user u1_0 on u1_0.id=s1_0.user_id where u1_0.id=?
2026-01-16 18:33:30.831 [Test worker] INFO  o.s.t.c.s.AnnotationConfigContextLoaderUtils - Could not detect default configuration classes for test class [nl.fontys.db3.backend.e2e.TripE2ETest]: TripE2ETest does not declare any static, non-private, non-final, nested classes annotated with @Configuration.
2026-01-16 18:33:30.833 [Test worker] INFO  o.s.b.t.c.SpringBootTestContextBootstrapper - Found @SpringBootConfiguration nl.fontys.db3.backend.BackendApplication for test class nl.fontys.db3.backend.e2e.TripE2ETest
2026-01-16 18:33:30.839 [Test worker] DEBUG org.hibernate.SQL - select r1_0.id,r1_0.name from role r1_0 where r1_0.name=?
2026-01-16 18:33:30.841 [Test worker] DEBUG org.hibernate.SQL - insert into role (name) values (?)
2026-01-16 18:33:30.843 [Test worker] DEBUG org.hibernate.SQL - select hc1_0.id,hc1_0.active,hc1_0.icon_path,hc1_0.name from hazard_category hc1_0
2026-01-16 18:33:30.845 [Test worker] DEBUG org.hibernate.SQL - insert into hazard_category (active,icon_path,name) values (?,?,?)
2026-01-16 18:33:30.848 [Test worker] INFO  n.f.d.b.controller.UserController - User registration attempt - username: multitrip, email: multitrip@test.com
2026-01-16 18:33:30.849 [Test worker] DEBUG org.hibernate.SQL - select u1_0.id from app_user u1_0 where u1_0.username=? fetch first ? rows only
2026-01-16 18:33:30.852 [Test worker] DEBUG org.hibernate.SQL - select u1_0.id from app_user u1_0 where u1_0.email=? fetch first ? rows only
2026-01-16 18:33:30.854 [Test worker] DEBUG org.hibernate.SQL - select r1_0.id,r1_0.name from role r1_0 where r1_0.name=?
2026-01-16 18:33:30.913 [Test worker] DEBUG org.hibernate.SQL - insert into app_user (avatar_id,background_id,created_at,email,name,password,role_id,username) values (?,?,?,?,?,?,?,?)
2026-01-16 18:33:30.916 [Test worker] INFO  n.f.db3.backend.service.UserService - User created successfully - userId: 8090, username: multitrip, email: multitrip@test.com
2026-01-16 18:33:30.916 [Test worker] INFO  n.f.d.b.controller.UserController - User registered successfully - userId: 8090, username: multitrip, email: multitrip@test.com
2026-01-16 18:33:30.921 [Test worker] DEBUG org.hibernate.SQL - select u1_0.id,u1_0.avatar_id,u1_0.background_id,u1_0.created_at,u1_0.email,u1_0.name,u1_0.password,u1_0.role_id,u1_0.username from app_user u1_0 where u1_0.email=?
2026-01-16 18:33:30.985 [Test worker] DEBUG org.hibernate.SQL - select u1_0.id,u1_0.avatar_id,u1_0.background_id,u1_0.created_at,u1_0.email,u1_0.name,u1_0.password,u1_0.role_id,u1_0.username from app_user u1_0 where u1_0.email=?
2026-01-16 18:33:30.986 [Test worker] INFO  n.f.d.b.controller.UserController - User logged in successfully - userId: 8090, username: multitrip, email: multitrip@test.com
2026-01-16 18:33:30.990 [Test worker] DEBUG org.hibernate.SQL - select u1_0.id,u1_0.avatar_id,u1_0.background_id,u1_0.created_at,u1_0.email,u1_0.name,u1_0.password,u1_0.role_id,u1_0.username from app_user u1_0 where u1_0.email=?
2026-01-16 18:33:31.002 [Test worker] DEBUG org.hibernate.SQL - select u1_0.id,u1_0.avatar_id,u1_0.background_id,u1_0.created_at,u1_0.email,u1_0.name,u1_0.password,u1_0.role_id,u1_0.username from app_user u1_0 where u1_0.email=?
2026-01-16 18:33:31.006 [Test worker] DEBUG org.hibernate.SQL - insert into trip (convoy_id,created_at,distance_km,end_lat,end_lng,ended_at,start_lat,start_lng,started_at,user_id) values (?,?,?,?,?,?,?,?,?,?)
2026-01-16 18:33:31.015 [Test worker] DEBUG org.hibernate.SQL - select s1_0.id from "statistics" s1_0 join app_user u1_0 on u1_0.id=s1_0.user_id where u1_0.id=? fetch first ? rows only
2026-01-16 18:33:31.017 [Test worker] DEBUG org.hibernate.SQL - insert into "statistics" (total_distance_km,total_hazards_reported,total_trips,total_votes,user_id) values (?,?,?,?,?)
2026-01-16 18:33:31.023 [Test worker] DEBUG org.hibernate.SQL - update "statistics" s1_0 set total_trips=(s1_0.total_trips+1),total_distance_km=(s1_0.total_distance_km+?) where s1_0.user_id=?
2026-01-16 18:33:31.034 [Test worker] DEBUG org.hibernate.SQL - select u1_0.id,u1_0.avatar_id,u1_0.background_id,u1_0.created_at,u1_0.email,u1_0.name,u1_0.password,u1_0.role_id,u1_0.username from app_user u1_0 where u1_0.email=?
2026-01-16 18:33:31.036 [Test worker] DEBUG org.hibernate.SQL - select r1_0.id,r1_0.name from role r1_0 where r1_0.id=?
2026-01-16 18:33:31.041 [Test worker] DEBUG org.hibernate.SQL - select u1_0.id,u1_0.avatar_id,u1_0.background_id,u1_0.created_at,u1_0.email,u1_0.name,u1_0.password,u1_0.role_id,u1_0.username from app_user u1_0 where u1_0.email=?
2026-01-16 18:33:31.044 [Test worker] DEBUG org.hibernate.SQL - insert into trip (convoy_id,created_at,distance_km,end_lat,end_lng,ended_at,start_lat,start_lng,started_at,user_id) values (?,?,?,?,?,?,?,?,?,?)
2026-01-16 18:33:31.047 [Test worker] DEBUG org.hibernate.SQL - select s1_0.id from "statistics" s1_0 join app_user u1_0 on u1_0.id=s1_0.user_id where u1_0.id=? fetch first ? rows only
2026-01-16 18:33:31.049 [Test worker] DEBUG org.hibernate.SQL - update "statistics" s1_0 set total_trips=(s1_0.total_trips+1),total_distance_km=(s1_0.total_distance_km+?) where s1_0.user_id=?
2026-01-16 18:33:31.055 [Test worker] DEBUG org.hibernate.SQL - select u1_0.id,u1_0.avatar_id,u1_0.background_id,u1_0.created_at,u1_0.email,u1_0.name,u1_0.password,u1_0.role_id,u1_0.username from app_user u1_0 where u1_0.email=?
2026-01-16 18:33:31.056 [Test worker] DEBUG org.hibernate.SQL - select r1_0.id,r1_0.name from role r1_0 where r1_0.id=?
2026-01-16 18:33:31.062 [Test worker] DEBUG org.hibernate.SQL - select u1_0.id,u1_0.avatar_id,u1_0.background_id,u1_0.created_at,u1_0.email,u1_0.name,u1_0.password,u1_0.role_id,u1_0.username from app_user u1_0 where u1_0.email=?
2026-01-16 18:33:31.064 [Test worker] DEBUG org.hibernate.SQL - insert into trip (convoy_id,created_at,distance_km,end_lat,end_lng,ended_at,start_lat,start_lng,started_at,user_id) values (?,?,?,?,?,?,?,?,?,?)
2026-01-16 18:33:31.068 [Test worker] DEBUG org.hibernate.SQL - select s1_0.id from "statistics" s1_0 join app_user u1_0 on u1_0.id=s1_0.user_id where u1_0.id=? fetch first ? rows only
2026-01-16 18:33:31.071 [Test worker] DEBUG org.hibernate.SQL - update "statistics" s1_0 set total_trips=(s1_0.total_trips+1),total_distance_km=(s1_0.total_distance_km+?) where s1_0.user_id=?
2026-01-16 18:33:31.076 [Test worker] DEBUG org.hibernate.SQL - select u1_0.id,u1_0.avatar_id,u1_0.background_id,u1_0.created_at,u1_0.email,u1_0.name,u1_0.password,u1_0.role_id,u1_0.username from app_user u1_0 where u1_0.email=?
2026-01-16 18:33:31.079 [Test worker] DEBUG org.hibernate.SQL - select r1_0.id,r1_0.name from role r1_0 where r1_0.id=?
2026-01-16 18:33:31.085 [Test worker] DEBUG org.hibernate.SQL - select u1_0.id,u1_0.avatar_id,u1_0.background_id,u1_0.created_at,u1_0.email,u1_0.name,u1_0.password,u1_0.role_id,u1_0.username from app_user u1_0 where u1_0.username=?
2026-01-16 18:33:31.089 [Test worker] DEBUG org.hibernate.SQL - select s1_0.id,s1_0.total_distance_km,s1_0.total_hazards_reported,s1_0.total_trips,s1_0.total_votes,s1_0.user_id from "statistics" s1_0 join app_user u1_0 on u1_0.id=s1_0.user_id where u1_0.id=?
2026-01-16 18:33:31.100 [Test worker] DEBUG org.hibernate.SQL - select r1_0.id,r1_0.name from role r1_0 where r1_0.name=?
2026-01-16 18:33:31.103 [Test worker] DEBUG org.hibernate.SQL - insert into role (name) values (?)
2026-01-16 18:33:31.105 [Test worker] DEBUG org.hibernate.SQL - select hc1_0.id,hc1_0.active,hc1_0.icon_path,hc1_0.name from hazard_category hc1_0
2026-01-16 18:33:31.106 [Test worker] DEBUG org.hibernate.SQL - insert into hazard_category (active,icon_path,name) values (?,?,?)
2026-01-16 18:33:31.111 [Test worker] INFO  n.f.d.b.controller.UserController - User registration attempt - username: triptest, email: triptest@test.com
2026-01-16 18:33:31.112 [Test worker] DEBUG org.hibernate.SQL - select u1_0.id from app_user u1_0 where u1_0.username=? fetch first ? rows only
2026-01-16 18:33:31.115 [Test worker] DEBUG org.hibernate.SQL - select u1_0.id from app_user u1_0 where u1_0.email=? fetch first ? rows only
2026-01-16 18:33:31.117 [Test worker] DEBUG org.hibernate.SQL - select r1_0.id,r1_0.name from role r1_0 where r1_0.name=?
2026-01-16 18:33:31.177 [Test worker] DEBUG org.hibernate.SQL - insert into app_user (avatar_id,background_id,created_at,email,name,password,role_id,username) values (?,?,?,?,?,?,?,?)
2026-01-16 18:33:31.180 [Test worker] INFO  n.f.db3.backend.service.UserService - User created successfully - userId: 8091, username: triptest, email: triptest@test.com
2026-01-16 18:33:31.180 [Test worker] INFO  n.f.d.b.controller.UserController - User registered successfully - userId: 8091, username: triptest, email: triptest@test.com
2026-01-16 18:33:31.187 [Test worker] DEBUG org.hibernate.SQL - select u1_0.id,u1_0.avatar_id,u1_0.background_id,u1_0.created_at,u1_0.email,u1_0.name,u1_0.password,u1_0.role_id,u1_0.username from app_user u1_0 where u1_0.email=?
2026-01-16 18:33:31.255 [Test worker] DEBUG org.hibernate.SQL - select u1_0.id,u1_0.avatar_id,u1_0.background_id,u1_0.created_at,u1_0.email,u1_0.name,u1_0.password,u1_0.role_id,u1_0.username from app_user u1_0 where u1_0.email=?
2026-01-16 18:33:31.258 [Test worker] INFO  n.f.d.b.controller.UserController - User logged in successfully - userId: 8091, username: triptest, email: triptest@test.com
2026-01-16 18:33:31.262 [Test worker] DEBUG org.hibernate.SQL - select u1_0.id,u1_0.avatar_id,u1_0.background_id,u1_0.created_at,u1_0.email,u1_0.name,u1_0.password,u1_0.role_id,u1_0.username from app_user u1_0 where u1_0.email=?
2026-01-16 18:33:31.268 [Test worker] DEBUG org.hibernate.SQL - select u1_0.id,u1_0.avatar_id,u1_0.background_id,u1_0.created_at,u1_0.email,u1_0.name,u1_0.password,u1_0.role_id,u1_0.username from app_user u1_0 where u1_0.email=?
2026-01-16 18:33:31.270 [Test worker] DEBUG org.hibernate.SQL - insert into trip (convoy_id,created_at,distance_km,end_lat,end_lng,ended_at,start_lat,start_lng,started_at,user_id) values (?,?,?,?,?,?,?,?,?,?)
2026-01-16 18:33:31.274 [Test worker] DEBUG org.hibernate.SQL - select s1_0.id from "statistics" s1_0 join app_user u1_0 on u1_0.id=s1_0.user_id where u1_0.id=? fetch first ? rows only
2026-01-16 18:33:31.275 [Test worker] DEBUG org.hibernate.SQL - insert into "statistics" (total_distance_km,total_hazards_reported,total_trips,total_votes,user_id) values (?,?,?,?,?)
2026-01-16 18:33:31.278 [Test worker] DEBUG org.hibernate.SQL - update "statistics" s1_0 set total_trips=(s1_0.total_trips+1),total_distance_km=(s1_0.total_distance_km+?) where s1_0.user_id=?
2026-01-16 18:33:31.285 [Test worker] DEBUG org.hibernate.SQL - select u1_0.id,u1_0.avatar_id,u1_0.background_id,u1_0.created_at,u1_0.email,u1_0.name,u1_0.password,u1_0.role_id,u1_0.username from app_user u1_0 where u1_0.email=?
2026-01-16 18:33:31.287 [Test worker] DEBUG org.hibernate.SQL - select r1_0.id,r1_0.name from role r1_0 where r1_0.id=?
2026-01-16 18:33:31.291 [Test worker] DEBUG org.hibernate.SQL - select u1_0.id,u1_0.avatar_id,u1_0.background_id,u1_0.created_at,u1_0.email,u1_0.name,u1_0.password,u1_0.role_id,u1_0.username from app_user u1_0 where u1_0.username=?
2026-01-16 18:33:31.294 [Test worker] DEBUG org.hibernate.SQL - select s1_0.id,s1_0.total_distance_km,s1_0.total_hazards_reported,s1_0.total_trips,s1_0.total_votes,s1_0.user_id from "statistics" s1_0 join app_user u1_0 on u1_0.id=s1_0.user_id where u1_0.id=?
2026-01-16 18:33:31.303 [Test worker] INFO  o.s.t.c.s.AnnotationConfigContextLoaderUtils - Could not detect default configuration classes for test class [nl.fontys.db3.backend.e2e.UserProfileE2ETest]: UserProfileE2ETest does not declare any static, non-private, non-final, nested classes annotated with @Configuration.
2026-01-16 18:33:31.305 [Test worker] INFO  o.s.b.t.c.SpringBootTestContextBootstrapper - Found @SpringBootConfiguration nl.fontys.db3.backend.BackendApplication for test class nl.fontys.db3.backend.e2e.UserProfileE2ETest
2026-01-16 18:33:31.311 [Test worker] DEBUG org.hibernate.SQL - select r1_0.id,r1_0.name from role r1_0 where r1_0.name=?
2026-01-16 18:33:31.313 [Test worker] DEBUG org.hibernate.SQL - insert into role (name) values (?)
2026-01-16 18:33:31.315 [Test worker] DEBUG org.hibernate.SQL - select hc1_0.id,hc1_0.active,hc1_0.icon_path,hc1_0.name from hazard_category hc1_0
2026-01-16 18:33:31.317 [Test worker] DEBUG org.hibernate.SQL - insert into hazard_category (active,icon_path,name) values (?,?,?)
2026-01-16 18:33:31.321 [Test worker] INFO  n.f.d.b.controller.UserController - User registration attempt - username: statsuser, email: statsuser@test.com
2026-01-16 18:33:31.322 [Test worker] DEBUG org.hibernate.SQL - select u1_0.id from app_user u1_0 where u1_0.username=? fetch first ? rows only
2026-01-16 18:33:31.324 [Test worker] DEBUG org.hibernate.SQL - select u1_0.id from app_user u1_0 where u1_0.email=? fetch first ? rows only
2026-01-16 18:33:31.327 [Test worker] DEBUG org.hibernate.SQL - select r1_0.id,r1_0.name from role r1_0 where r1_0.name=?
2026-01-16 18:33:31.388 [Test worker] DEBUG org.hibernate.SQL - insert into app_user (avatar_id,background_id,created_at,email,name,password,role_id,username) values (?,?,?,?,?,?,?,?)
2026-01-16 18:33:31.391 [Test worker] INFO  n.f.db3.backend.service.UserService - User created successfully - userId: 8092, username: statsuser, email: statsuser@test.com
2026-01-16 18:33:31.391 [Test worker] INFO  n.f.d.b.controller.UserController - User registered successfully - userId: 8092, username: statsuser, email: statsuser@test.com
2026-01-16 18:33:31.396 [Test worker] DEBUG org.hibernate.SQL - select u1_0.id,u1_0.avatar_id,u1_0.background_id,u1_0.created_at,u1_0.email,u1_0.name,u1_0.password,u1_0.role_id,u1_0.username from app_user u1_0 where u1_0.email=?
2026-01-16 18:33:31.458 [Test worker] DEBUG org.hibernate.SQL - select u1_0.id,u1_0.avatar_id,u1_0.background_id,u1_0.created_at,u1_0.email,u1_0.name,u1_0.password,u1_0.role_id,u1_0.username from app_user u1_0 where u1_0.email=?
2026-01-16 18:33:31.460 [Test worker] INFO  n.f.d.b.controller.UserController - User logged in successfully - userId: 8092, username: statsuser, email: statsuser@test.com
2026-01-16 18:33:31.465 [Test worker] DEBUG org.hibernate.SQL - select u1_0.id,u1_0.avatar_id,u1_0.background_id,u1_0.created_at,u1_0.email,u1_0.name,u1_0.password,u1_0.role_id,u1_0.username from app_user u1_0 where u1_0.email=?
2026-01-16 18:33:31.469 [Test worker] INFO  n.f.d.b.c.HazardReportController - Creating hazard - email: statsuser@test.com, categoryId: 1803, lat: 51.4416, lng: 5.4697
2026-01-16 18:33:31.469 [Test worker] INFO  n.f.d.backend.service.HazardService - Creating hazard - creatorEmail: statsuser@test.com, categoryId: 1803, lat: 51.4416, lng: 5.4697
2026-01-16 18:33:31.471 [Test worker] DEBUG org.hibernate.SQL - select u1_0.id,u1_0.avatar_id,u1_0.background_id,u1_0.created_at,u1_0.email,u1_0.name,u1_0.password,u1_0.role_id,u1_0.username from app_user u1_0 where u1_0.email=?
2026-01-16 18:33:31.473 [Test worker] DEBUG org.hibernate.SQL - insert into hazard_report (category_id,created_at,created_by_id,latitude,longitude,status) values (?,?,?,?,?,?)
2026-01-16 18:33:31.476 [Test worker] DEBUG org.hibernate.SQL - select s1_0.id from "statistics" s1_0 join app_user u1_0 on u1_0.id=s1_0.user_id where u1_0.id=? fetch first ? rows only
2026-01-16 18:33:31.478 [Test worker] DEBUG org.hibernate.SQL - insert into "statistics" (total_distance_km,total_hazards_reported,total_trips,total_votes,user_id) values (?,?,?,?,?)
2026-01-16 18:33:31.480 [Test worker] DEBUG org.hibernate.SQL - update "statistics" s1_0 set total_hazards_reported=(s1_0.total_hazards_reported+1) where s1_0.user_id=?
2026-01-16 18:33:31.482 [Test worker] INFO  n.f.d.backend.service.HazardService - Hazard created successfully - hazardId: 1631, userId: 8092, category: Pothole
2026-01-16 18:33:31.482 [Test worker] INFO  n.f.d.b.c.HazardReportController - Hazard created successfully - hazardId: 1631, email: statsuser@test.com
2026-01-16 18:33:31.486 [Test worker] DEBUG org.hibernate.SQL - select u1_0.id,u1_0.avatar_id,u1_0.background_id,u1_0.created_at,u1_0.email,u1_0.name,u1_0.password,u1_0.role_id,u1_0.username from app_user u1_0 where u1_0.email=?
2026-01-16 18:33:31.487 [Test worker] DEBUG org.hibernate.SQL - select r1_0.id,r1_0.name from role r1_0 where r1_0.id=?
2026-01-16 18:33:31.492 [Test worker] INFO  n.f.d.b.c.HazardReportController - Creating hazard - email: statsuser@test.com, categoryId: 1803, lat: 51.4516, lng: 5.479699999999999
2026-01-16 18:33:31.492 [Test worker] INFO  n.f.d.backend.service.HazardService - Creating hazard - creatorEmail: statsuser@test.com, categoryId: 1803, lat: 51.4516, lng: 5.479699999999999
2026-01-16 18:33:31.492 [Test worker] DEBUG org.hibernate.SQL - select hc1_0.id,hc1_0.active,hc1_0.icon_path,hc1_0.name from hazard_category hc1_0 where hc1_0.id=?
2026-01-16 18:33:31.495 [Test worker] DEBUG org.hibernate.SQL - select u1_0.id,u1_0.avatar_id,u1_0.background_id,u1_0.created_at,u1_0.email,u1_0.name,u1_0.password,u1_0.role_id,u1_0.username from app_user u1_0 where u1_0.email=?
2026-01-16 18:33:31.497 [Test worker] DEBUG org.hibernate.SQL - insert into hazard_report (category_id,created_at,created_by_id,latitude,longitude,status) values (?,?,?,?,?,?)
2026-01-16 18:33:31.499 [Test worker] DEBUG org.hibernate.SQL - select s1_0.id from "statistics" s1_0 join app_user u1_0 on u1_0.id=s1_0.user_id where u1_0.id=? fetch first ? rows only
2026-01-16 18:33:31.502 [Test worker] DEBUG org.hibernate.SQL - update "statistics" s1_0 set total_hazards_reported=(s1_0.total_hazards_reported+1) where s1_0.user_id=?
2026-01-16 18:33:31.504 [Test worker] INFO  n.f.d.backend.service.HazardService - Hazard created successfully - hazardId: 1632, userId: 8092, category: Pothole
2026-01-16 18:33:31.504 [Test worker] INFO  n.f.d.b.c.HazardReportController - Hazard created successfully - hazardId: 1632, email: statsuser@test.com
2026-01-16 18:33:31.508 [Test worker] DEBUG org.hibernate.SQL - select u1_0.id,u1_0.avatar_id,u1_0.background_id,u1_0.created_at,u1_0.email,u1_0.name,u1_0.password,u1_0.role_id,u1_0.username from app_user u1_0 where u1_0.email=?
2026-01-16 18:33:31.510 [Test worker] DEBUG org.hibernate.SQL - select r1_0.id,r1_0.name from role r1_0 where r1_0.id=?
2026-01-16 18:33:31.515 [Test worker] DEBUG org.hibernate.SQL - select u1_0.id,u1_0.avatar_id,u1_0.background_id,u1_0.created_at,u1_0.email,u1_0.name,u1_0.password,u1_0.role_id,u1_0.username from app_user u1_0 where u1_0.email=?
2026-01-16 18:33:31.516 [Test worker] DEBUG org.hibernate.SQL - insert into trip (convoy_id,created_at,distance_km,end_lat,end_lng,ended_at,start_lat,start_lng,started_at,user_id) values (?,?,?,?,?,?,?,?,?,?)
2026-01-16 18:33:31.522 [Test worker] DEBUG org.hibernate.SQL - select s1_0.id from "statistics" s1_0 join app_user u1_0 on u1_0.id=s1_0.user_id where u1_0.id=? fetch first ? rows only
2026-01-16 18:33:31.524 [Test worker] DEBUG org.hibernate.SQL - update "statistics" s1_0 set total_trips=(s1_0.total_trips+1),total_distance_km=(s1_0.total_distance_km+?) where s1_0.user_id=?
2026-01-16 18:33:31.531 [Test worker] DEBUG org.hibernate.SQL - select u1_0.id,u1_0.avatar_id,u1_0.background_id,u1_0.created_at,u1_0.email,u1_0.name,u1_0.password,u1_0.role_id,u1_0.username from app_user u1_0 where u1_0.email=?
2026-01-16 18:33:31.533 [Test worker] DEBUG org.hibernate.SQL - select r1_0.id,r1_0.name from role r1_0 where r1_0.id=?
2026-01-16 18:33:31.538 [Test worker] DEBUG org.hibernate.SQL - select u1_0.id,u1_0.avatar_id,u1_0.background_id,u1_0.created_at,u1_0.email,u1_0.name,u1_0.password,u1_0.role_id,u1_0.username from app_user u1_0 where u1_0.username=?
2026-01-16 18:33:31.541 [Test worker] DEBUG org.hibernate.SQL - select s1_0.id,s1_0.total_distance_km,s1_0.total_hazards_reported,s1_0.total_trips,s1_0.total_votes,s1_0.user_id from "statistics" s1_0 join app_user u1_0 on u1_0.id=s1_0.user_id where u1_0.id=?
2026-01-16 18:33:31.553 [Test worker] DEBUG org.hibernate.SQL - select r1_0.id,r1_0.name from role r1_0 where r1_0.name=?
2026-01-16 18:33:31.555 [Test worker] DEBUG org.hibernate.SQL - insert into role (name) values (?)
2026-01-16 18:33:31.557 [Test worker] DEBUG org.hibernate.SQL - select hc1_0.id,hc1_0.active,hc1_0.icon_path,hc1_0.name from hazard_category hc1_0
2026-01-16 18:33:31.559 [Test worker] DEBUG org.hibernate.SQL - insert into hazard_category (active,icon_path,name) values (?,?,?)
2026-01-16 18:33:31.564 [Test worker] INFO  n.f.d.b.controller.UserController - User registration attempt - username: profileuser, email: profileuser@test.com
2026-01-16 18:33:31.565 [Test worker] DEBUG org.hibernate.SQL - select u1_0.id from app_user u1_0 where u1_0.username=? fetch first ? rows only
2026-01-16 18:33:31.567 [Test worker] DEBUG org.hibernate.SQL - select u1_0.id from app_user u1_0 where u1_0.email=? fetch first ? rows only
2026-01-16 18:33:31.569 [Test worker] DEBUG org.hibernate.SQL - select r1_0.id,r1_0.name from role r1_0 where r1_0.name=?
2026-01-16 18:33:31.634 [Test worker] DEBUG org.hibernate.SQL - insert into app_user (avatar_id,background_id,created_at,email,name,password,role_id,username) values (?,?,?,?,?,?,?,?)
2026-01-16 18:33:31.638 [Test worker] INFO  n.f.db3.backend.service.UserService - User created successfully - userId: 8093, username: profileuser, email: profileuser@test.com
2026-01-16 18:33:31.638 [Test worker] INFO  n.f.d.b.controller.UserController - User registered successfully - userId: 8093, username: profileuser, email: profileuser@test.com
2026-01-16 18:33:31.642 [Test worker] DEBUG org.hibernate.SQL - select u1_0.id,u1_0.avatar_id,u1_0.background_id,u1_0.created_at,u1_0.email,u1_0.name,u1_0.password,u1_0.role_id,u1_0.username from app_user u1_0 where u1_0.email=?
2026-01-16 18:33:31.710 [Test worker] DEBUG org.hibernate.SQL - select u1_0.id,u1_0.avatar_id,u1_0.background_id,u1_0.created_at,u1_0.email,u1_0.name,u1_0.password,u1_0.role_id,u1_0.username from app_user u1_0 where u1_0.email=?
2026-01-16 18:33:31.712 [Test worker] INFO  n.f.d.b.controller.UserController - User logged in successfully - userId: 8093, username: profileuser, email: profileuser@test.com
2026-01-16 18:33:31.717 [Test worker] DEBUG org.hibernate.SQL - select u1_0.id,u1_0.avatar_id,u1_0.background_id,u1_0.created_at,u1_0.email,u1_0.name,u1_0.password,u1_0.role_id,u1_0.username from app_user u1_0 where u1_0.email=?
2026-01-16 18:33:31.722 [Test worker] DEBUG org.hibernate.SQL - select u1_0.id,u1_0.avatar_id,u1_0.background_id,u1_0.created_at,u1_0.email,u1_0.name,u1_0.password,u1_0.role_id,u1_0.username from app_user u1_0 where u1_0.email=?
2026-01-16 18:33:31.729 [Test worker] DEBUG org.hibernate.SQL - select u1_0.id,u1_0.avatar_id,u1_0.background_id,u1_0.created_at,u1_0.email,u1_0.name,u1_0.password,u1_0.role_id,u1_0.username from app_user u1_0 where u1_0.email=?
2026-01-16 18:33:31.736 [Test worker] INFO  n.f.d.b.controller.UserController - User update request - username: profileuser@test.com, fields: name=true, username=false, email=false, passwordChange=false
2026-01-16 18:33:31.739 [Test worker] DEBUG org.hibernate.SQL - select u1_0.id,u1_0.avatar_id,u1_0.background_id,u1_0.created_at,u1_0.email,u1_0.name,u1_0.password,u1_0.role_id,u1_0.username from app_user u1_0 where u1_0.email=?
2026-01-16 18:33:31.741 [Test worker] INFO  n.f.db3.backend.service.UserService - User updated successfully - userId: 8093, username: profileuser
2026-01-16 18:33:31.742 [Test worker] INFO  n.f.d.b.controller.UserController - User updated successfully - userId: 8093, username: profileuser
2026-01-16 18:33:31.748 [Test worker] DEBUG org.hibernate.SQL - update app_user set avatar_id=?,background_id=?,created_at=?,email=?,name=?,password=?,role_id=?,username=? where id=?
2026-01-16 18:33:31.751 [Test worker] DEBUG org.hibernate.SQL - select u1_0.id,u1_0.avatar_id,u1_0.background_id,u1_0.created_at,u1_0.email,u1_0.name,u1_0.password,u1_0.role_id,u1_0.username from app_user u1_0 where u1_0.email=?
2026-01-16 18:33:31.756 [Test worker] DEBUG org.hibernate.SQL - select u1_0.id,u1_0.avatar_id,u1_0.background_id,u1_0.created_at,u1_0.email,u1_0.name,u1_0.password,u1_0.role_id,u1_0.username from app_user u1_0 where u1_0.email=?
2026-01-16 18:33:31.767 [Test worker] INFO  o.s.t.c.s.AnnotationConfigContextLoaderUtils - Could not detect default configuration classes for test class [nl.fontys.db3.backend.e2e.VotingE2ETest]: VotingE2ETest does not declare any static, non-private, non-final, nested classes annotated with @Configuration.
2026-01-16 18:33:31.769 [Test worker] INFO  o.s.b.t.c.SpringBootTestContextBootstrapper - Found @SpringBootConfiguration nl.fontys.db3.backend.BackendApplication for test class nl.fontys.db3.backend.e2e.VotingE2ETest
2026-01-16 18:33:31.774 [Test worker] DEBUG org.hibernate.SQL - select r1_0.id,r1_0.name from role r1_0 where r1_0.name=?
2026-01-16 18:33:31.777 [Test worker] DEBUG org.hibernate.SQL - insert into role (name) values (?)
2026-01-16 18:33:31.779 [Test worker] DEBUG org.hibernate.SQL - select hc1_0.id,hc1_0.active,hc1_0.icon_path,hc1_0.name from hazard_category hc1_0
2026-01-16 18:33:31.781 [Test worker] DEBUG org.hibernate.SQL - insert into hazard_category (active,icon_path,name) values (?,?,?)
2026-01-16 18:33:31.784 [Test worker] INFO  n.f.d.b.controller.UserController - User registration attempt - username: votecreator, email: votecreator@test.com
2026-01-16 18:33:31.785 [Test worker] DEBUG org.hibernate.SQL - select u1_0.id from app_user u1_0 where u1_0.username=? fetch first ? rows only
2026-01-16 18:33:31.788 [Test worker] DEBUG org.hibernate.SQL - select u1_0.id from app_user u1_0 where u1_0.email=? fetch first ? rows only
2026-01-16 18:33:31.789 [Test worker] DEBUG org.hibernate.SQL - select r1_0.id,r1_0.name from role r1_0 where r1_0.name=?
2026-01-16 18:33:31.855 [Test worker] DEBUG org.hibernate.SQL - insert into app_user (avatar_id,background_id,created_at,email,name,password,role_id,username) values (?,?,?,?,?,?,?,?)
2026-01-16 18:33:31.858 [Test worker] INFO  n.f.db3.backend.service.UserService - User created successfully - userId: 8094, username: votecreator, email: votecreator@test.com
2026-01-16 18:33:31.858 [Test worker] INFO  n.f.d.b.controller.UserController - User registered successfully - userId: 8094, username: votecreator, email: votecreator@test.com
2026-01-16 18:33:31.863 [Test worker] DEBUG org.hibernate.SQL - select u1_0.id,u1_0.avatar_id,u1_0.background_id,u1_0.created_at,u1_0.email,u1_0.name,u1_0.password,u1_0.role_id,u1_0.username from app_user u1_0 where u1_0.email=?
2026-01-16 18:33:31.929 [Test worker] DEBUG org.hibernate.SQL - select u1_0.id,u1_0.avatar_id,u1_0.background_id,u1_0.created_at,u1_0.email,u1_0.name,u1_0.password,u1_0.role_id,u1_0.username from app_user u1_0 where u1_0.email=?
2026-01-16 18:33:31.931 [Test worker] INFO  n.f.d.b.controller.UserController - User logged in successfully - userId: 8094, username: votecreator, email: votecreator@test.com
2026-01-16 18:33:31.936 [Test worker] DEBUG org.hibernate.SQL - select u1_0.id,u1_0.avatar_id,u1_0.background_id,u1_0.created_at,u1_0.email,u1_0.name,u1_0.password,u1_0.role_id,u1_0.username from app_user u1_0 where u1_0.email=?
2026-01-16 18:33:31.940 [Test worker] INFO  n.f.d.b.c.HazardReportController - Creating hazard - email: votecreator@test.com, categoryId: 1805, lat: 51.4416, lng: 5.4697
2026-01-16 18:33:31.940 [Test worker] INFO  n.f.d.backend.service.HazardService - Creating hazard - creatorEmail: votecreator@test.com, categoryId: 1805, lat: 51.4416, lng: 5.4697
2026-01-16 18:33:31.942 [Test worker] DEBUG org.hibernate.SQL - select u1_0.id,u1_0.avatar_id,u1_0.background_id,u1_0.created_at,u1_0.email,u1_0.name,u1_0.password,u1_0.role_id,u1_0.username from app_user u1_0 where u1_0.email=?
2026-01-16 18:33:31.944 [Test worker] DEBUG org.hibernate.SQL - insert into hazard_report (category_id,created_at,created_by_id,latitude,longitude,status) values (?,?,?,?,?,?)
2026-01-16 18:33:31.947 [Test worker] DEBUG org.hibernate.SQL - select s1_0.id from "statistics" s1_0 join app_user u1_0 on u1_0.id=s1_0.user_id where u1_0.id=? fetch first ? rows only
2026-01-16 18:33:31.949 [Test worker] DEBUG org.hibernate.SQL - insert into "statistics" (total_distance_km,total_hazards_reported,total_trips,total_votes,user_id) values (?,?,?,?,?)
2026-01-16 18:33:31.952 [Test worker] DEBUG org.hibernate.SQL - update "statistics" s1_0 set total_hazards_reported=(s1_0.total_hazards_reported+1) where s1_0.user_id=?
2026-01-16 18:33:31.953 [Test worker] INFO  n.f.d.backend.service.HazardService - Hazard created successfully - hazardId: 1633, userId: 8094, category: Pothole
2026-01-16 18:33:31.953 [Test worker] INFO  n.f.d.b.c.HazardReportController - Hazard created successfully - hazardId: 1633, email: votecreator@test.com
2026-01-16 18:33:31.956 [Test worker] INFO  n.f.d.b.controller.UserController - User registration attempt - username: voter1, email: voter1@test.com
2026-01-16 18:33:31.957 [Test worker] DEBUG org.hibernate.SQL - select u1_0.id from app_user u1_0 where u1_0.username=? fetch first ? rows only
2026-01-16 18:33:31.960 [Test worker] DEBUG org.hibernate.SQL - select u1_0.id from app_user u1_0 where u1_0.email=? fetch first ? rows only
2026-01-16 18:33:31.962 [Test worker] DEBUG org.hibernate.SQL - select r1_0.id,r1_0.name from role r1_0 where r1_0.name=?
2026-01-16 18:33:32.026 [Test worker] DEBUG org.hibernate.SQL - insert into app_user (avatar_id,background_id,created_at,email,name,password,role_id,username) values (?,?,?,?,?,?,?,?)
2026-01-16 18:33:32.029 [Test worker] INFO  n.f.db3.backend.service.UserService - User created successfully - userId: 8095, username: voter1, email: voter1@test.com
2026-01-16 18:33:32.029 [Test worker] INFO  n.f.d.b.controller.UserController - User registered successfully - userId: 8095, username: voter1, email: voter1@test.com
2026-01-16 18:33:32.034 [Test worker] DEBUG org.hibernate.SQL - select u1_0.id,u1_0.avatar_id,u1_0.background_id,u1_0.created_at,u1_0.email,u1_0.name,u1_0.password,u1_0.role_id,u1_0.username from app_user u1_0 where u1_0.email=?
2026-01-16 18:33:32.098 [Test worker] DEBUG org.hibernate.SQL - select u1_0.id,u1_0.avatar_id,u1_0.background_id,u1_0.created_at,u1_0.email,u1_0.name,u1_0.password,u1_0.role_id,u1_0.username from app_user u1_0 where u1_0.email=?
2026-01-16 18:33:32.100 [Test worker] INFO  n.f.d.b.controller.UserController - User logged in successfully - userId: 8095, username: voter1, email: voter1@test.com
2026-01-16 18:33:32.103 [Test worker] INFO  n.f.d.b.controller.UserController - User registration attempt - username: voter2, email: voter2@test.com
2026-01-16 18:33:32.104 [Test worker] DEBUG org.hibernate.SQL - select u1_0.id from app_user u1_0 where u1_0.username=? fetch first ? rows only
2026-01-16 18:33:32.107 [Test worker] DEBUG org.hibernate.SQL - select u1_0.id from app_user u1_0 where u1_0.email=? fetch first ? rows only
2026-01-16 18:33:32.109 [Test worker] DEBUG org.hibernate.SQL - select r1_0.id,r1_0.name from role r1_0 where r1_0.name=?
2026-01-16 18:33:32.169 [Test worker] DEBUG org.hibernate.SQL - insert into app_user (avatar_id,background_id,created_at,email,name,password,role_id,username) values (?,?,?,?,?,?,?,?)
2026-01-16 18:33:32.172 [Test worker] INFO  n.f.db3.backend.service.UserService - User created successfully - userId: 8096, username: voter2, email: voter2@test.com
2026-01-16 18:33:32.172 [Test worker] INFO  n.f.d.b.controller.UserController - User registered successfully - userId: 8096, username: voter2, email: voter2@test.com
2026-01-16 18:33:32.177 [Test worker] DEBUG org.hibernate.SQL - select u1_0.id,u1_0.avatar_id,u1_0.background_id,u1_0.created_at,u1_0.email,u1_0.name,u1_0.password,u1_0.role_id,u1_0.username from app_user u1_0 where u1_0.email=?
2026-01-16 18:33:32.238 [Test worker] DEBUG org.hibernate.SQL - select u1_0.id,u1_0.avatar_id,u1_0.background_id,u1_0.created_at,u1_0.email,u1_0.name,u1_0.password,u1_0.role_id,u1_0.username from app_user u1_0 where u1_0.email=?
2026-01-16 18:33:32.240 [Test worker] INFO  n.f.d.b.controller.UserController - User logged in successfully - userId: 8096, username: voter2, email: voter2@test.com
2026-01-16 18:33:32.243 [Test worker] INFO  n.f.d.b.controller.UserController - User registration attempt - username: voter3, email: voter3@test.com
2026-01-16 18:33:32.244 [Test worker] DEBUG org.hibernate.SQL - select u1_0.id from app_user u1_0 where u1_0.username=? fetch first ? rows only
2026-01-16 18:33:32.246 [Test worker] DEBUG org.hibernate.SQL - select u1_0.id from app_user u1_0 where u1_0.email=? fetch first ? rows only
2026-01-16 18:33:32.248 [Test worker] DEBUG org.hibernate.SQL - select r1_0.id,r1_0.name from role r1_0 where r1_0.name=?
2026-01-16 18:33:32.305 [Test worker] DEBUG org.hibernate.SQL - insert into app_user (avatar_id,background_id,created_at,email,name,password,role_id,username) values (?,?,?,?,?,?,?,?)
2026-01-16 18:33:32.310 [Test worker] INFO  n.f.db3.backend.service.UserService - User created successfully - userId: 8097, username: voter3, email: voter3@test.com
2026-01-16 18:33:32.310 [Test worker] INFO  n.f.d.b.controller.UserController - User registered successfully - userId: 8097, username: voter3, email: voter3@test.com
2026-01-16 18:33:32.314 [Test worker] DEBUG org.hibernate.SQL - select u1_0.id,u1_0.avatar_id,u1_0.background_id,u1_0.created_at,u1_0.email,u1_0.name,u1_0.password,u1_0.role_id,u1_0.username from app_user u1_0 where u1_0.email=?
2026-01-16 18:33:32.371 [Test worker] DEBUG org.hibernate.SQL - select u1_0.id,u1_0.avatar_id,u1_0.background_id,u1_0.created_at,u1_0.email,u1_0.name,u1_0.password,u1_0.role_id,u1_0.username from app_user u1_0 where u1_0.email=?
2026-01-16 18:33:32.373 [Test worker] INFO  n.f.d.b.controller.UserController - User logged in successfully - userId: 8097, username: voter3, email: voter3@test.com
2026-01-16 18:33:32.378 [Test worker] DEBUG org.hibernate.SQL - select u1_0.id,u1_0.avatar_id,u1_0.background_id,u1_0.created_at,u1_0.email,u1_0.name,u1_0.password,u1_0.role_id,u1_0.username from app_user u1_0 where u1_0.email=?
2026-01-16 18:33:32.381 [Test worker] INFO  n.f.d.b.controller.VoteController - Vote request - email: voter1@test.com, hazardId: 1633, voteType: UPVOTE
2026-01-16 18:33:32.382 [Test worker] DEBUG org.hibernate.SQL - select u1_0.id,u1_0.avatar_id,u1_0.background_id,u1_0.created_at,u1_0.email,u1_0.name,u1_0.password,u1_0.role_id,u1_0.username from app_user u1_0 where u1_0.email=?
2026-01-16 18:33:32.384 [Test worker] DEBUG org.hibernate.SQL - select hr1_0.id,c1_0.id,c1_0.active,c1_0.icon_path,c1_0.name,hr1_0.created_at,cb1_0.id,a1_0.id,a1_0.active,a1_0.image_path,a1_0.name,b1_0.id,b1_0.active,b1_0.image_path,b1_0.name,cb1_0.created_at,cb1_0.email,cb1_0.name,cb1_0.password,cb1_0.role_id,r1_0.id,r1_0.name,cb1_0.username,hr1_0.latitude,hr1_0.longitude,hr1_0.status from hazard_report hr1_0 left join hazard_category c1_0 on c1_0.id=hr1_0.category_id left join app_user cb1_0 on cb1_0.id=hr1_0.created_by_id left join avatar a1_0 on a1_0.id=cb1_0.avatar_id left join background b1_0 on b1_0.id=cb1_0.background_id left join role r1_0 on r1_0.id=cb1_0.role_id where hr1_0.id=?
2026-01-16 18:33:32.388 [Test worker] DEBUG org.hibernate.SQL - select v1_0.id from vote v1_0 join hazard_report hr1_0 on hr1_0.id=v1_0.hazard_report_id join app_user u1_0 on u1_0.id=v1_0.user_id where hr1_0.id=? and u1_0.id=? fetch first ? rows only
2026-01-16 18:33:32.390 [Test worker] DEBUG org.hibernate.SQL - insert into vote (created_at,hazard_report_id,user_id,vote_type) values (?,?,?,?)
2026-01-16 18:33:32.393 [Test worker] DEBUG org.hibernate.SQL - select s1_0.id from "statistics" s1_0 join app_user u1_0 on u1_0.id=s1_0.user_id where u1_0.id=? fetch first ? rows only
2026-01-16 18:33:32.395 [Test worker] DEBUG org.hibernate.SQL - insert into "statistics" (total_distance_km,total_hazards_reported,total_trips,total_votes,user_id) values (?,?,?,?,?)
2026-01-16 18:33:32.397 [Test worker] DEBUG org.hibernate.SQL - update "statistics" s1_0 set total_votes=(s1_0.total_votes+1) where s1_0.user_id=?
2026-01-16 18:33:32.398 [Test worker] INFO  n.f.db3.backend.service.VoteService - Vote saved successfully - voteId: 688, userId: 8095, hazardId: 1633, voteType: UPVOTE
2026-01-16 18:33:32.398 [Test worker] INFO  n.f.d.b.controller.VoteController - Vote saved successfully - voteId: 688, email: voter1@test.com, hazardId: 1633, voteType: UPVOTE
2026-01-16 18:33:32.402 [Test worker] DEBUG org.hibernate.SQL - select u1_0.id,u1_0.avatar_id,u1_0.background_id,u1_0.created_at,u1_0.email,u1_0.name,u1_0.password,u1_0.role_id,u1_0.username from app_user u1_0 where u1_0.email=?
2026-01-16 18:33:32.403 [Test worker] DEBUG org.hibernate.SQL - select r1_0.id,r1_0.name from role r1_0 where r1_0.id=?
2026-01-16 18:33:32.406 [Test worker] INFO  n.f.d.b.controller.VoteController - Vote request - email: voter2@test.com, hazardId: 1633, voteType: UPVOTE
2026-01-16 18:33:32.407 [Test worker] DEBUG org.hibernate.SQL - select u1_0.id,u1_0.avatar_id,u1_0.background_id,u1_0.created_at,u1_0.email,u1_0.name,u1_0.password,u1_0.role_id,u1_0.username from app_user u1_0 where u1_0.email=?
2026-01-16 18:33:32.409 [Test worker] DEBUG org.hibernate.SQL - select hr1_0.id,c1_0.id,c1_0.active,c1_0.icon_path,c1_0.name,hr1_0.created_at,cb1_0.id,a1_0.id,a1_0.active,a1_0.image_path,a1_0.name,b1_0.id,b1_0.active,b1_0.image_path,b1_0.name,cb1_0.created_at,cb1_0.email,cb1_0.name,cb1_0.password,cb1_0.role_id,r1_0.id,r1_0.name,cb1_0.username,hr1_0.latitude,hr1_0.longitude,hr1_0.status from hazard_report hr1_0 left join hazard_category c1_0 on c1_0.id=hr1_0.category_id left join app_user cb1_0 on cb1_0.id=hr1_0.created_by_id left join avatar a1_0 on a1_0.id=cb1_0.avatar_id left join background b1_0 on b1_0.id=cb1_0.background_id left join role r1_0 on r1_0.id=cb1_0.role_id where hr1_0.id=?
2026-01-16 18:33:32.412 [Test worker] DEBUG org.hibernate.SQL - select v1_0.id from vote v1_0 join hazard_report hr1_0 on hr1_0.id=v1_0.hazard_report_id join app_user u1_0 on u1_0.id=v1_0.user_id where hr1_0.id=? and u1_0.id=? fetch first ? rows only
2026-01-16 18:33:32.414 [Test worker] DEBUG org.hibernate.SQL - insert into vote (created_at,hazard_report_id,user_id,vote_type) values (?,?,?,?)
2026-01-16 18:33:32.416 [Test worker] DEBUG org.hibernate.SQL - select s1_0.id from "statistics" s1_0 join app_user u1_0 on u1_0.id=s1_0.user_id where u1_0.id=? fetch first ? rows only
2026-01-16 18:33:32.417 [Test worker] DEBUG org.hibernate.SQL - insert into "statistics" (total_distance_km,total_hazards_reported,total_trips,total_votes,user_id) values (?,?,?,?,?)
2026-01-16 18:33:32.420 [Test worker] DEBUG org.hibernate.SQL - update "statistics" s1_0 set total_votes=(s1_0.total_votes+1) where s1_0.user_id=?
2026-01-16 18:33:32.421 [Test worker] INFO  n.f.db3.backend.service.VoteService - Vote saved successfully - voteId: 689, userId: 8096, hazardId: 1633, voteType: UPVOTE
2026-01-16 18:33:32.421 [Test worker] INFO  n.f.d.b.controller.VoteController - Vote saved successfully - voteId: 689, email: voter2@test.com, hazardId: 1633, voteType: UPVOTE
2026-01-16 18:33:32.425 [Test worker] DEBUG org.hibernate.SQL - select u1_0.id,u1_0.avatar_id,u1_0.background_id,u1_0.created_at,u1_0.email,u1_0.name,u1_0.password,u1_0.role_id,u1_0.username from app_user u1_0 where u1_0.email=?
2026-01-16 18:33:32.427 [Test worker] DEBUG org.hibernate.SQL - select r1_0.id,r1_0.name from role r1_0 where r1_0.id=?
2026-01-16 18:33:32.430 [Test worker] INFO  n.f.d.b.controller.VoteController - Vote request - email: voter3@test.com, hazardId: 1633, voteType: DOWNVOTE
2026-01-16 18:33:32.431 [Test worker] DEBUG org.hibernate.SQL - select u1_0.id,u1_0.avatar_id,u1_0.background_id,u1_0.created_at,u1_0.email,u1_0.name,u1_0.password,u1_0.role_id,u1_0.username from app_user u1_0 where u1_0.email=?
2026-01-16 18:33:32.432 [Test worker] DEBUG org.hibernate.SQL - select hr1_0.id,c1_0.id,c1_0.active,c1_0.icon_path,c1_0.name,hr1_0.created_at,cb1_0.id,a1_0.id,a1_0.active,a1_0.image_path,a1_0.name,b1_0.id,b1_0.active,b1_0.image_path,b1_0.name,cb1_0.created_at,cb1_0.email,cb1_0.name,cb1_0.password,cb1_0.role_id,r1_0.id,r1_0.name,cb1_0.username,hr1_0.latitude,hr1_0.longitude,hr1_0.status from hazard_report hr1_0 left join hazard_category c1_0 on c1_0.id=hr1_0.category_id left join app_user cb1_0 on cb1_0.id=hr1_0.created_by_id left join avatar a1_0 on a1_0.id=cb1_0.avatar_id left join background b1_0 on b1_0.id=cb1_0.background_id left join role r1_0 on r1_0.id=cb1_0.role_id where hr1_0.id=?
2026-01-16 18:33:32.437 [Test worker] DEBUG org.hibernate.SQL - select v1_0.id from vote v1_0 join hazard_report hr1_0 on hr1_0.id=v1_0.hazard_report_id join app_user u1_0 on u1_0.id=v1_0.user_id where hr1_0.id=? and u1_0.id=? fetch first ? rows only
2026-01-16 18:33:32.438 [Test worker] DEBUG org.hibernate.SQL - insert into vote (created_at,hazard_report_id,user_id,vote_type) values (?,?,?,?)
2026-01-16 18:33:32.441 [Test worker] DEBUG org.hibernate.SQL - select s1_0.id from "statistics" s1_0 join app_user u1_0 on u1_0.id=s1_0.user_id where u1_0.id=? fetch first ? rows only
2026-01-16 18:33:32.442 [Test worker] DEBUG org.hibernate.SQL - insert into "statistics" (total_distance_km,total_hazards_reported,total_trips,total_votes,user_id) values (?,?,?,?,?)
2026-01-16 18:33:32.445 [Test worker] DEBUG org.hibernate.SQL - update "statistics" s1_0 set total_votes=(s1_0.total_votes+1) where s1_0.user_id=?
2026-01-16 18:33:32.446 [Test worker] INFO  n.f.db3.backend.service.VoteService - Vote saved successfully - voteId: 690, userId: 8097, hazardId: 1633, voteType: DOWNVOTE
2026-01-16 18:33:32.446 [Test worker] INFO  n.f.d.b.controller.VoteController - Vote saved successfully - voteId: 690, email: voter3@test.com, hazardId: 1633, voteType: DOWNVOTE
2026-01-16 18:33:32.449 [Test worker] DEBUG org.hibernate.SQL - select u1_0.id,u1_0.avatar_id,u1_0.background_id,u1_0.created_at,u1_0.email,u1_0.name,u1_0.password,u1_0.role_id,u1_0.username from app_user u1_0 where u1_0.email=?
2026-01-16 18:33:32.451 [Test worker] DEBUG org.hibernate.SQL - select r1_0.id,r1_0.name from role r1_0 where r1_0.id=?
2026-01-16 18:33:32.456 [Test worker] DEBUG org.hibernate.SQL - select count(v1_0.id) from vote v1_0 join hazard_report hr1_0 on hr1_0.id=v1_0.hazard_report_id where hr1_0.id=? and v1_0.vote_type=?
2026-01-16 18:33:32.458 [Test worker] DEBUG org.hibernate.SQL - select count(v1_0.id) from vote v1_0 join hazard_report hr1_0 on hr1_0.id=v1_0.hazard_report_id where hr1_0.id=? and v1_0.vote_type=?
2026-01-16 18:33:32.464 [Test worker] DEBUG org.hibernate.SQL - select u1_0.id,u1_0.avatar_id,u1_0.background_id,u1_0.created_at,u1_0.email,u1_0.name,u1_0.password,u1_0.role_id,u1_0.username from app_user u1_0 where u1_0.email=?
2026-01-16 18:33:32.468 [Test worker] DEBUG org.hibernate.SQL - select u1_0.id,u1_0.avatar_id,u1_0.background_id,u1_0.created_at,u1_0.email,u1_0.name,u1_0.password,u1_0.role_id,u1_0.username from app_user u1_0 where u1_0.email=?
2026-01-16 18:33:32.472 [Test worker] DEBUG org.hibernate.SQL - select v1_0.id,v1_0.created_at,v1_0.hazard_report_id,v1_0.user_id,v1_0.vote_type from vote v1_0 join hazard_report hr1_0 on hr1_0.id=v1_0.hazard_report_id join app_user u1_0 on u1_0.id=v1_0.user_id where hr1_0.id=? and u1_0.id=?
2026-01-16 18:33:32.473 [Test worker] DEBUG org.hibernate.SQL - select hr1_0.id,c1_0.id,c1_0.active,c1_0.icon_path,c1_0.name,hr1_0.created_at,cb1_0.id,a1_0.id,a1_0.active,a1_0.image_path,a1_0.name,b1_0.id,b1_0.active,b1_0.image_path,b1_0.name,cb1_0.created_at,cb1_0.email,cb1_0.name,cb1_0.password,cb1_0.role_id,r1_0.id,r1_0.name,cb1_0.username,hr1_0.latitude,hr1_0.longitude,hr1_0.status from hazard_report hr1_0 left join hazard_category c1_0 on c1_0.id=hr1_0.category_id left join app_user cb1_0 on cb1_0.id=hr1_0.created_by_id left join avatar a1_0 on a1_0.id=cb1_0.avatar_id left join background b1_0 on b1_0.id=cb1_0.background_id left join role r1_0 on r1_0.id=cb1_0.role_id where hr1_0.id=?
2026-01-16 18:33:32.481 [Test worker] DEBUG org.hibernate.SQL - select u1_0.id,u1_0.avatar_id,u1_0.background_id,u1_0.created_at,u1_0.email,u1_0.name,u1_0.password,u1_0.role_id,u1_0.username from app_user u1_0 where u1_0.email=?
2026-01-16 18:33:32.487 [Test worker] DEBUG org.hibernate.SQL - select u1_0.id,u1_0.avatar_id,u1_0.background_id,u1_0.created_at,u1_0.email,u1_0.name,u1_0.password,u1_0.role_id,u1_0.username from app_user u1_0 where u1_0.email=?
2026-01-16 18:33:32.490 [Test worker] DEBUG org.hibernate.SQL - select v1_0.id,v1_0.created_at,v1_0.hazard_report_id,v1_0.user_id,v1_0.vote_type from vote v1_0 join hazard_report hr1_0 on hr1_0.id=v1_0.hazard_report_id join app_user u1_0 on u1_0.id=v1_0.user_id where hr1_0.id=? and u1_0.id=?
2026-01-16 18:33:32.499 [Test worker] WARN  n.f.d.b.e.GlobalExceptionHandler - Bad request - message: Invalid input
2026-01-16 18:33:32.505 [Test worker] WARN  n.f.d.b.e.GlobalExceptionHandler - Bad credentials - message: Bad credentials
2026-01-16 18:33:32.506 [Test worker] WARN  n.f.d.b.e.GlobalExceptionHandler - Authentication failed - message: Authentication failed
2026-01-16 18:33:32.507 [Test worker] WARN  n.f.d.b.e.GlobalExceptionHandler - Illegal argument treated as not found - message: User not found
2026-01-16 18:33:32.508 [Test worker] ERROR n.f.d.b.e.GlobalExceptionHandler - Illegal state exception - message: Internal error occurred
java.lang.IllegalStateException: Internal error occurred
	at nl.fontys.db3.backend.exception.GlobalExceptionHandlerTest.handleIllegalState_Returns500(GlobalExceptionHandlerTest.java:88)
	at java.base/jdk.internal.reflect.DirectMethodHandleAccessor.invoke(DirectMethodHandleAccessor.java:103)
	at java.base/java.lang.reflect.Method.invoke(Method.java:580)
	at org.junit.platform.commons.util.ReflectionUtils.invokeMethod(ReflectionUtils.java:775)
	at org.junit.platform.commons.support.ReflectionSupport.invokeMethod(ReflectionSupport.java:479)
	at org.junit.jupiter.engine.execution.MethodInvocation.proceed(MethodInvocation.java:60)
	at org.junit.jupiter.engine.execution.InvocationInterceptorChain$ValidatingInvocation.proceed(InvocationInterceptorChain.java:131)
	at org.junit.jupiter.engine.extension.TimeoutExtension.intercept(TimeoutExtension.java:161)
	at org.junit.jupiter.engine.extension.TimeoutExtension.interceptTestableMethod(TimeoutExtension.java:152)
	at org.junit.jupiter.engine.extension.TimeoutExtension.interceptTestMethod(TimeoutExtension.java:91)
	at org.junit.jupiter.engine.execution.InterceptingExecutableInvoker$ReflectiveInterceptorCall.lambda$ofVoidMethod$0(InterceptingExecutableInvoker.java:112)
	at org.junit.jupiter.engine.execution.InterceptingExecutableInvoker.lambda$invoke$0(InterceptingExecutableInvoker.java:94)
	at org.junit.jupiter.engine.execution.InvocationInterceptorChain$InterceptedInvocation.proceed(InvocationInterceptorChain.java:106)
	at org.junit.jupiter.engine.execution.InvocationInterceptorChain.proceed(InvocationInterceptorChain.java:64)
	at org.junit.jupiter.engine.execution.InvocationInterceptorChain.chainAndInvoke(InvocationInterceptorChain.java:45)
	at org.junit.jupiter.engine.execution.InvocationInterceptorChain.invoke(InvocationInterceptorChain.java:37)
	at org.junit.jupiter.engine.execution.InterceptingExecutableInvoker.invoke(InterceptingExecutableInvoker.java:93)
	at org.junit.jupiter.engine.execution.InterceptingExecutableInvoker.invoke(InterceptingExecutableInvoker.java:87)
	at org.junit.jupiter.engine.descriptor.TestMethodTestDescriptor.lambda$invokeTestMethod$7(TestMethodTestDescriptor.java:216)
	at org.junit.platform.engine.support.hierarchical.ThrowableCollector.execute(ThrowableCollector.java:73)
	at org.junit.jupiter.engine.descriptor.TestMethodTestDescriptor.invokeTestMethod(TestMethodTestDescriptor.java:212)
	at org.junit.jupiter.engine.descriptor.TestMethodTestDescriptor.execute(TestMethodTestDescriptor.java:137)
	at org.junit.jupiter.engine.descriptor.TestMethodTestDescriptor.execute(TestMethodTestDescriptor.java:69)
	at org.junit.platform.engine.support.hierarchical.NodeTestTask.lambda$executeRecursively$6(NodeTestTask.java:156)
	at org.junit.platform.engine.support.hierarchical.ThrowableCollector.execute(ThrowableCollector.java:73)
	at org.junit.platform.engine.support.hierarchical.NodeTestTask.lambda$executeRecursively$8(NodeTestTask.java:146)
	at org.junit.platform.engine.support.hierarchical.Node.around(Node.java:137)
	at org.junit.platform.engine.support.hierarchical.NodeTestTask.lambda$executeRecursively$9(NodeTestTask.java:144)
	at org.junit.platform.engine.support.hierarchical.ThrowableCollector.execute(ThrowableCollector.java:73)
	at org.junit.platform.engine.support.hierarchical.NodeTestTask.executeRecursively(NodeTestTask.java:143)
	at org.junit.platform.engine.support.hierarchical.NodeTestTask.execute(NodeTestTask.java:100)
	at java.base/java.util.ArrayList.forEach(ArrayList.java:1596)
	at org.junit.platform.engine.support.hierarchical.SameThreadHierarchicalTestExecutorService.invokeAll(SameThreadHierarchicalTestExecutorService.java:41)
	at org.junit.platform.engine.support.hierarchical.NodeTestTask.lambda$executeRecursively$6(NodeTestTask.java:160)
	at org.junit.platform.engine.support.hierarchical.ThrowableCollector.execute(ThrowableCollector.java:73)
	at org.junit.platform.engine.support.hierarchical.NodeTestTask.lambda$executeRecursively$8(NodeTestTask.java:146)
	at org.junit.platform.engine.support.hierarchical.Node.around(Node.java:137)
	at org.junit.platform.engine.support.hierarchical.NodeTestTask.lambda$executeRecursively$9(NodeTestTask.java:144)
	at org.junit.platform.engine.support.hierarchical.ThrowableCollector.execute(ThrowableCollector.java:73)
	at org.junit.platform.engine.support.hierarchical.NodeTestTask.executeRecursively(NodeTestTask.java:143)
	at org.junit.platform.engine.support.hierarchical.NodeTestTask.execute(NodeTestTask.java:100)
	at java.base/java.util.ArrayList.forEach(ArrayList.java:1596)
	at org.junit.platform.engine.support.hierarchical.SameThreadHierarchicalTestExecutorService.invokeAll(SameThreadHierarchicalTestExecutorService.java:41)
	at org.junit.platform.engine.support.hierarchical.NodeTestTask.lambda$executeRecursively$6(NodeTestTask.java:160)
	at org.junit.platform.engine.support.hierarchical.ThrowableCollector.execute(ThrowableCollector.java:73)
	at org.junit.platform.engine.support.hierarchical.NodeTestTask.lambda$executeRecursively$8(NodeTestTask.java:146)
	at org.junit.platform.engine.support.hierarchical.Node.around(Node.java:137)
	at org.junit.platform.engine.support.hierarchical.NodeTestTask.lambda$executeRecursively$9(NodeTestTask.java:144)
	at org.junit.platform.engine.support.hierarchical.ThrowableCollector.execute(ThrowableCollector.java:73)
	at org.junit.platform.engine.support.hierarchical.NodeTestTask.executeRecursively(NodeTestTask.java:143)
	at org.junit.platform.engine.support.hierarchical.NodeTestTask.execute(NodeTestTask.java:100)
	at org.junit.platform.engine.support.hierarchical.SameThreadHierarchicalTestExecutorService.submit(SameThreadHierarchicalTestExecutorService.java:35)
	at org.junit.platform.engine.support.hierarchical.HierarchicalTestExecutor.execute(HierarchicalTestExecutor.java:57)
	at org.junit.platform.engine.support.hierarchical.HierarchicalTestEngine.execute(HierarchicalTestEngine.java:54)
	at org.junit.platform.launcher.core.EngineExecutionOrchestrator.execute(EngineExecutionOrchestrator.java:201)
	at org.junit.platform.launcher.core.EngineExecutionOrchestrator.execute(EngineExecutionOrchestrator.java:170)
	at org.junit.platform.launcher.core.EngineExecutionOrchestrator.execute(EngineExecutionOrchestrator.java:94)
	at org.junit.platform.launcher.core.EngineExecutionOrchestrator.lambda$execute$0(EngineExecutionOrchestrator.java:59)
	at org.junit.platform.launcher.core.EngineExecutionOrchestrator.withInterceptedStreams(EngineExecutionOrchestrator.java:142)
	at org.junit.platform.launcher.core.EngineExecutionOrchestrator.execute(EngineExecutionOrchestrator.java:58)
	at org.junit.platform.launcher.core.DefaultLauncher.execute(DefaultLauncher.java:103)
	at org.junit.platform.launcher.core.DefaultLauncher.execute(DefaultLauncher.java:85)
	at org.junit.platform.launcher.core.DelegatingLauncher.execute(DelegatingLauncher.java:47)
	at org.junit.platform.launcher.core.InterceptingLauncher.lambda$execute$1(InterceptingLauncher.java:39)
	at org.junit.platform.launcher.core.ClasspathAlignmentCheckingLauncherInterceptor.intercept(ClasspathAlignmentCheckingLauncherInterceptor.java:25)
	at org.junit.platform.launcher.core.InterceptingLauncher.execute(InterceptingLauncher.java:38)
	at org.junit.platform.launcher.core.DelegatingLauncher.execute(DelegatingLauncher.java:47)
	at org.gradle.api.internal.tasks.testing.junitplatform.JUnitPlatformTestClassProcessor$CollectAllTestClassesExecutor.processAllTestClasses(JUnitPlatformTestClassProcessor.java:124)
	at org.gradle.api.internal.tasks.testing.junitplatform.JUnitPlatformTestClassProcessor$CollectAllTestClassesExecutor.access$000(JUnitPlatformTestClassProcessor.java:99)
	at org.gradle.api.internal.tasks.testing.junitplatform.JUnitPlatformTestClassProcessor.stop(JUnitPlatformTestClassProcessor.java:94)
	at org.gradle.api.internal.tasks.testing.SuiteTestClassProcessor.stop(SuiteTestClassProcessor.java:63)
	at java.base/jdk.internal.reflect.DirectMethodHandleAccessor.invoke(DirectMethodHandleAccessor.java:103)
	at java.base/java.lang.reflect.Method.invoke(Method.java:580)
	at org.gradle.internal.dispatch.ReflectionDispatch.dispatch(ReflectionDispatch.java:36)
	at org.gradle.internal.dispatch.ReflectionDispatch.dispatch(ReflectionDispatch.java:24)
	at org.gradle.internal.dispatch.ContextClassLoaderDispatch.dispatch(ContextClassLoaderDispatch.java:33)
	at org.gradle.internal.dispatch.ProxyDispatchAdapter$DispatchingInvocationHandler.invoke(ProxyDispatchAdapter.java:92)
	at jdk.proxy2/jdk.proxy2.$Proxy6.stop(Unknown Source)
	at org.gradle.api.internal.tasks.testing.worker.TestWorker$3.run(TestWorker.java:200)
	at org.gradle.api.internal.tasks.testing.worker.TestWorker.executeAndMaintainThreadName(TestWorker.java:132)
	at org.gradle.api.internal.tasks.testing.worker.TestWorker.execute(TestWorker.java:103)
	at org.gradle.api.internal.tasks.testing.worker.TestWorker.execute(TestWorker.java:63)
	at org.gradle.process.internal.worker.child.ActionExecutionWorker.execute(ActionExecutionWorker.java:56)
	at org.gradle.process.internal.worker.child.SystemApplicationClassLoaderWorker.call(SystemApplicationClassLoaderWorker.java:122)
	at org.gradle.process.internal.worker.child.SystemApplicationClassLoaderWorker.call(SystemApplicationClassLoaderWorker.java:72)
	at worker.org.gradle.process.internal.worker.GradleWorkerMain.run(GradleWorkerMain.java:69)
	at worker.org.gradle.process.internal.worker.GradleWorkerMain.main(GradleWorkerMain.java:74)
2026-01-16 18:33:32.512 [Test worker] WARN  n.f.d.b.e.GlobalExceptionHandler - Bad request - message: Bad request
2026-01-16 18:33:32.514 [Test worker] WARN  n.f.d.b.e.GlobalExceptionHandler - Resource not found - message: Resource not found
2026-01-16 18:33:32.515 [Test worker] ERROR n.f.d.b.e.GlobalExceptionHandler - Unexpected exception - message: Unexpected error, type: RuntimeException
java.lang.RuntimeException: Unexpected error
	at nl.fontys.db3.backend.exception.GlobalExceptionHandlerTest.handleGeneric_Returns500(GlobalExceptionHandlerTest.java:127)
	at java.base/jdk.internal.reflect.DirectMethodHandleAccessor.invoke(DirectMethodHandleAccessor.java:103)
	at java.base/java.lang.reflect.Method.invoke(Method.java:580)
	at org.junit.platform.commons.util.ReflectionUtils.invokeMethod(ReflectionUtils.java:775)
	at org.junit.platform.commons.support.ReflectionSupport.invokeMethod(ReflectionSupport.java:479)
	at org.junit.jupiter.engine.execution.MethodInvocation.proceed(MethodInvocation.java:60)
	at org.junit.jupiter.engine.execution.InvocationInterceptorChain$ValidatingInvocation.proceed(InvocationInterceptorChain.java:131)
	at org.junit.jupiter.engine.extension.TimeoutExtension.intercept(TimeoutExtension.java:161)
	at org.junit.jupiter.engine.extension.TimeoutExtension.interceptTestableMethod(TimeoutExtension.java:152)
	at org.junit.jupiter.engine.extension.TimeoutExtension.interceptTestMethod(TimeoutExtension.java:91)
	at org.junit.jupiter.engine.execution.InterceptingExecutableInvoker$ReflectiveInterceptorCall.lambda$ofVoidMethod$0(InterceptingExecutableInvoker.java:112)
	at org.junit.jupiter.engine.execution.InterceptingExecutableInvoker.lambda$invoke$0(InterceptingExecutableInvoker.java:94)
	at org.junit.jupiter.engine.execution.InvocationInterceptorChain$InterceptedInvocation.proceed(InvocationInterceptorChain.java:106)
	at org.junit.jupiter.engine.execution.InvocationInterceptorChain.proceed(InvocationInterceptorChain.java:64)
	at org.junit.jupiter.engine.execution.InvocationInterceptorChain.chainAndInvoke(InvocationInterceptorChain.java:45)
	at org.junit.jupiter.engine.execution.InvocationInterceptorChain.invoke(InvocationInterceptorChain.java:37)
	at org.junit.jupiter.engine.execution.InterceptingExecutableInvoker.invoke(InterceptingExecutableInvoker.java:93)
	at org.junit.jupiter.engine.execution.InterceptingExecutableInvoker.invoke(InterceptingExecutableInvoker.java:87)
	at org.junit.jupiter.engine.descriptor.TestMethodTestDescriptor.lambda$invokeTestMethod$7(TestMethodTestDescriptor.java:216)
	at org.junit.platform.engine.support.hierarchical.ThrowableCollector.execute(ThrowableCollector.java:73)
	at org.junit.jupiter.engine.descriptor.TestMethodTestDescriptor.invokeTestMethod(TestMethodTestDescriptor.java:212)
	at org.junit.jupiter.engine.descriptor.TestMethodTestDescriptor.execute(TestMethodTestDescriptor.java:137)
	at org.junit.jupiter.engine.descriptor.TestMethodTestDescriptor.execute(TestMethodTestDescriptor.java:69)
	at org.junit.platform.engine.support.hierarchical.NodeTestTask.lambda$executeRecursively$6(NodeTestTask.java:156)
	at org.junit.platform.engine.support.hierarchical.ThrowableCollector.execute(ThrowableCollector.java:73)
	at org.junit.platform.engine.support.hierarchical.NodeTestTask.lambda$executeRecursively$8(NodeTestTask.java:146)
	at org.junit.platform.engine.support.hierarchical.Node.around(Node.java:137)
	at org.junit.platform.engine.support.hierarchical.NodeTestTask.lambda$executeRecursively$9(NodeTestTask.java:144)
	at org.junit.platform.engine.support.hierarchical.ThrowableCollector.execute(ThrowableCollector.java:73)
	at org.junit.platform.engine.support.hierarchical.NodeTestTask.executeRecursively(NodeTestTask.java:143)
	at org.junit.platform.engine.support.hierarchical.NodeTestTask.execute(NodeTestTask.java:100)
	at java.base/java.util.ArrayList.forEach(ArrayList.java:1596)
	at org.junit.platform.engine.support.hierarchical.SameThreadHierarchicalTestExecutorService.invokeAll(SameThreadHierarchicalTestExecutorService.java:41)
	at org.junit.platform.engine.support.hierarchical.NodeTestTask.lambda$executeRecursively$6(NodeTestTask.java:160)
	at org.junit.platform.engine.support.hierarchical.ThrowableCollector.execute(ThrowableCollector.java:73)
	at org.junit.platform.engine.support.hierarchical.NodeTestTask.lambda$executeRecursively$8(NodeTestTask.java:146)
	at org.junit.platform.engine.support.hierarchical.Node.around(Node.java:137)
	at org.junit.platform.engine.support.hierarchical.NodeTestTask.lambda$executeRecursively$9(NodeTestTask.java:144)
	at org.junit.platform.engine.support.hierarchical.ThrowableCollector.execute(ThrowableCollector.java:73)
	at org.junit.platform.engine.support.hierarchical.NodeTestTask.executeRecursively(NodeTestTask.java:143)
	at org.junit.platform.engine.support.hierarchical.NodeTestTask.execute(NodeTestTask.java:100)
	at java.base/java.util.ArrayList.forEach(ArrayList.java:1596)
	at org.junit.platform.engine.support.hierarchical.SameThreadHierarchicalTestExecutorService.invokeAll(SameThreadHierarchicalTestExecutorService.java:41)
	at org.junit.platform.engine.support.hierarchical.NodeTestTask.lambda$executeRecursively$6(NodeTestTask.java:160)
	at org.junit.platform.engine.support.hierarchical.ThrowableCollector.execute(ThrowableCollector.java:73)
	at org.junit.platform.engine.support.hierarchical.NodeTestTask.lambda$executeRecursively$8(NodeTestTask.java:146)
	at org.junit.platform.engine.support.hierarchical.Node.around(Node.java:137)
	at org.junit.platform.engine.support.hierarchical.NodeTestTask.lambda$executeRecursively$9(NodeTestTask.java:144)
	at org.junit.platform.engine.support.hierarchical.ThrowableCollector.execute(ThrowableCollector.java:73)
	at org.junit.platform.engine.support.hierarchical.NodeTestTask.executeRecursively(NodeTestTask.java:143)
	at org.junit.platform.engine.support.hierarchical.NodeTestTask.execute(NodeTestTask.java:100)
	at org.junit.platform.engine.support.hierarchical.SameThreadHierarchicalTestExecutorService.submit(SameThreadHierarchicalTestExecutorService.java:35)
	at org.junit.platform.engine.support.hierarchical.HierarchicalTestExecutor.execute(HierarchicalTestExecutor.java:57)
	at org.junit.platform.engine.support.hierarchical.HierarchicalTestEngine.execute(HierarchicalTestEngine.java:54)
	at org.junit.platform.launcher.core.EngineExecutionOrchestrator.execute(EngineExecutionOrchestrator.java:201)
	at org.junit.platform.launcher.core.EngineExecutionOrchestrator.execute(EngineExecutionOrchestrator.java:170)
	at org.junit.platform.launcher.core.EngineExecutionOrchestrator.execute(EngineExecutionOrchestrator.java:94)
	at org.junit.platform.launcher.core.EngineExecutionOrchestrator.lambda$execute$0(EngineExecutionOrchestrator.java:59)
	at org.junit.platform.launcher.core.EngineExecutionOrchestrator.withInterceptedStreams(EngineExecutionOrchestrator.java:142)
	at org.junit.platform.launcher.core.EngineExecutionOrchestrator.execute(EngineExecutionOrchestrator.java:58)
	at org.junit.platform.launcher.core.DefaultLauncher.execute(DefaultLauncher.java:103)
	at org.junit.platform.launcher.core.DefaultLauncher.execute(DefaultLauncher.java:85)
	at org.junit.platform.launcher.core.DelegatingLauncher.execute(DelegatingLauncher.java:47)
	at org.junit.platform.launcher.core.InterceptingLauncher.lambda$execute$1(InterceptingLauncher.java:39)
	at org.junit.platform.launcher.core.ClasspathAlignmentCheckingLauncherInterceptor.intercept(ClasspathAlignmentCheckingLauncherInterceptor.java:25)
	at org.junit.platform.launcher.core.InterceptingLauncher.execute(InterceptingLauncher.java:38)
	at org.junit.platform.launcher.core.DelegatingLauncher.execute(DelegatingLauncher.java:47)
	at org.gradle.api.internal.tasks.testing.junitplatform.JUnitPlatformTestClassProcessor$CollectAllTestClassesExecutor.processAllTestClasses(JUnitPlatformTestClassProcessor.java:124)
	at org.gradle.api.internal.tasks.testing.junitplatform.JUnitPlatformTestClassProcessor$CollectAllTestClassesExecutor.access$000(JUnitPlatformTestClassProcessor.java:99)
	at org.gradle.api.internal.tasks.testing.junitplatform.JUnitPlatformTestClassProcessor.stop(JUnitPlatformTestClassProcessor.java:94)
	at org.gradle.api.internal.tasks.testing.SuiteTestClassProcessor.stop(SuiteTestClassProcessor.java:63)
	at java.base/jdk.internal.reflect.DirectMethodHandleAccessor.invoke(DirectMethodHandleAccessor.java:103)
	at java.base/java.lang.reflect.Method.invoke(Method.java:580)
	at org.gradle.internal.dispatch.ReflectionDispatch.dispatch(ReflectionDispatch.java:36)
	at org.gradle.internal.dispatch.ReflectionDispatch.dispatch(ReflectionDispatch.java:24)
	at org.gradle.internal.dispatch.ContextClassLoaderDispatch.dispatch(ContextClassLoaderDispatch.java:33)
	at org.gradle.internal.dispatch.ProxyDispatchAdapter$DispatchingInvocationHandler.invoke(ProxyDispatchAdapter.java:92)
	at jdk.proxy2/jdk.proxy2.$Proxy6.stop(Unknown Source)
	at org.gradle.api.internal.tasks.testing.worker.TestWorker$3.run(TestWorker.java:200)
	at org.gradle.api.internal.tasks.testing.worker.TestWorker.executeAndMaintainThreadName(TestWorker.java:132)
	at org.gradle.api.internal.tasks.testing.worker.TestWorker.execute(TestWorker.java:103)
	at org.gradle.api.internal.tasks.testing.worker.TestWorker.execute(TestWorker.java:63)
	at org.gradle.process.internal.worker.child.ActionExecutionWorker.execute(ActionExecutionWorker.java:56)
	at org.gradle.process.internal.worker.child.SystemApplicationClassLoaderWorker.call(SystemApplicationClassLoaderWorker.java:122)
	at org.gradle.process.internal.worker.child.SystemApplicationClassLoaderWorker.call(SystemApplicationClassLoaderWorker.java:72)
	at worker.org.gradle.process.internal.worker.GradleWorkerMain.run(GradleWorkerMain.java:69)
	at worker.org.gradle.process.internal.worker.GradleWorkerMain.main(GradleWorkerMain.java:74)
2026-01-16 18:33:32.516 [Test worker] ERROR n.f.d.b.e.GlobalExceptionHandler - Unexpected exception - message: An unexpected error occurred, type: RuntimeException
java.lang.RuntimeException: null
	at nl.fontys.db3.backend.exception.GlobalExceptionHandlerTest.handleGeneric_NullMessage_Returns500(GlobalExceptionHandlerTest.java:140)
	at java.base/jdk.internal.reflect.DirectMethodHandleAccessor.invoke(DirectMethodHandleAccessor.java:103)
	at java.base/java.lang.reflect.Method.invoke(Method.java:580)
	at org.junit.platform.commons.util.ReflectionUtils.invokeMethod(ReflectionUtils.java:775)
	at org.junit.platform.commons.support.ReflectionSupport.invokeMethod(ReflectionSupport.java:479)
	at org.junit.jupiter.engine.execution.MethodInvocation.proceed(MethodInvocation.java:60)
	at org.junit.jupiter.engine.execution.InvocationInterceptorChain$ValidatingInvocation.proceed(InvocationInterceptorChain.java:131)
	at org.junit.jupiter.engine.extension.TimeoutExtension.intercept(TimeoutExtension.java:161)
	at org.junit.jupiter.engine.extension.TimeoutExtension.interceptTestableMethod(TimeoutExtension.java:152)
	at org.junit.jupiter.engine.extension.TimeoutExtension.interceptTestMethod(TimeoutExtension.java:91)
	at org.junit.jupiter.engine.execution.InterceptingExecutableInvoker$ReflectiveInterceptorCall.lambda$ofVoidMethod$0(InterceptingExecutableInvoker.java:112)
	at org.junit.jupiter.engine.execution.InterceptingExecutableInvoker.lambda$invoke$0(InterceptingExecutableInvoker.java:94)
	at org.junit.jupiter.engine.execution.InvocationInterceptorChain$InterceptedInvocation.proceed(InvocationInterceptorChain.java:106)
	at org.junit.jupiter.engine.execution.InvocationInterceptorChain.proceed(InvocationInterceptorChain.java:64)
	at org.junit.jupiter.engine.execution.InvocationInterceptorChain.chainAndInvoke(InvocationInterceptorChain.java:45)
	at org.junit.jupiter.engine.execution.InvocationInterceptorChain.invoke(InvocationInterceptorChain.java:37)
	at org.junit.jupiter.engine.execution.InterceptingExecutableInvoker.invoke(InterceptingExecutableInvoker.java:93)
	at org.junit.jupiter.engine.execution.InterceptingExecutableInvoker.invoke(InterceptingExecutableInvoker.java:87)
	at org.junit.jupiter.engine.descriptor.TestMethodTestDescriptor.lambda$invokeTestMethod$7(TestMethodTestDescriptor.java:216)
	at org.junit.platform.engine.support.hierarchical.ThrowableCollector.execute(ThrowableCollector.java:73)
	at org.junit.jupiter.engine.descriptor.TestMethodTestDescriptor.invokeTestMethod(TestMethodTestDescriptor.java:212)
	at org.junit.jupiter.engine.descriptor.TestMethodTestDescriptor.execute(TestMethodTestDescriptor.java:137)
	at org.junit.jupiter.engine.descriptor.TestMethodTestDescriptor.execute(TestMethodTestDescriptor.java:69)
	at org.junit.platform.engine.support.hierarchical.NodeTestTask.lambda$executeRecursively$6(NodeTestTask.java:156)
	at org.junit.platform.engine.support.hierarchical.ThrowableCollector.execute(ThrowableCollector.java:73)
	at org.junit.platform.engine.support.hierarchical.NodeTestTask.lambda$executeRecursively$8(NodeTestTask.java:146)
	at org.junit.platform.engine.support.hierarchical.Node.around(Node.java:137)
	at org.junit.platform.engine.support.hierarchical.NodeTestTask.lambda$executeRecursively$9(NodeTestTask.java:144)
	at org.junit.platform.engine.support.hierarchical.ThrowableCollector.execute(ThrowableCollector.java:73)
	at org.junit.platform.engine.support.hierarchical.NodeTestTask.executeRecursively(NodeTestTask.java:143)
	at org.junit.platform.engine.support.hierarchical.NodeTestTask.execute(NodeTestTask.java:100)
	at java.base/java.util.ArrayList.forEach(ArrayList.java:1596)
	at org.junit.platform.engine.support.hierarchical.SameThreadHierarchicalTestExecutorService.invokeAll(SameThreadHierarchicalTestExecutorService.java:41)
	at org.junit.platform.engine.support.hierarchical.NodeTestTask.lambda$executeRecursively$6(NodeTestTask.java:160)
	at org.junit.platform.engine.support.hierarchical.ThrowableCollector.execute(ThrowableCollector.java:73)
	at org.junit.platform.engine.support.hierarchical.NodeTestTask.lambda$executeRecursively$8(NodeTestTask.java:146)
	at org.junit.platform.engine.support.hierarchical.Node.around(Node.java:137)
	at org.junit.platform.engine.support.hierarchical.NodeTestTask.lambda$executeRecursively$9(NodeTestTask.java:144)
	at org.junit.platform.engine.support.hierarchical.ThrowableCollector.execute(ThrowableCollector.java:73)
	at org.junit.platform.engine.support.hierarchical.NodeTestTask.executeRecursively(NodeTestTask.java:143)
	at org.junit.platform.engine.support.hierarchical.NodeTestTask.execute(NodeTestTask.java:100)
	at java.base/java.util.ArrayList.forEach(ArrayList.java:1596)
	at org.junit.platform.engine.support.hierarchical.SameThreadHierarchicalTestExecutorService.invokeAll(SameThreadHierarchicalTestExecutorService.java:41)
	at org.junit.platform.engine.support.hierarchical.NodeTestTask.lambda$executeRecursively$6(NodeTestTask.java:160)
	at org.junit.platform.engine.support.hierarchical.ThrowableCollector.execute(ThrowableCollector.java:73)
	at org.junit.platform.engine.support.hierarchical.NodeTestTask.lambda$executeRecursively$8(NodeTestTask.java:146)
	at org.junit.platform.engine.support.hierarchical.Node.around(Node.java:137)
	at org.junit.platform.engine.support.hierarchical.NodeTestTask.lambda$executeRecursively$9(NodeTestTask.java:144)
	at org.junit.platform.engine.support.hierarchical.ThrowableCollector.execute(ThrowableCollector.java:73)
	at org.junit.platform.engine.support.hierarchical.NodeTestTask.executeRecursively(NodeTestTask.java:143)
	at org.junit.platform.engine.support.hierarchical.NodeTestTask.execute(NodeTestTask.java:100)
	at org.junit.platform.engine.support.hierarchical.SameThreadHierarchicalTestExecutorService.submit(SameThreadHierarchicalTestExecutorService.java:35)
	at org.junit.platform.engine.support.hierarchical.HierarchicalTestExecutor.execute(HierarchicalTestExecutor.java:57)
	at org.junit.platform.engine.support.hierarchical.HierarchicalTestEngine.execute(HierarchicalTestEngine.java:54)
	at org.junit.platform.launcher.core.EngineExecutionOrchestrator.execute(EngineExecutionOrchestrator.java:201)
	at org.junit.platform.launcher.core.EngineExecutionOrchestrator.execute(EngineExecutionOrchestrator.java:170)
	at org.junit.platform.launcher.core.EngineExecutionOrchestrator.execute(EngineExecutionOrchestrator.java:94)
	at org.junit.platform.launcher.core.EngineExecutionOrchestrator.lambda$execute$0(EngineExecutionOrchestrator.java:59)
	at org.junit.platform.launcher.core.EngineExecutionOrchestrator.withInterceptedStreams(EngineExecutionOrchestrator.java:142)
	at org.junit.platform.launcher.core.EngineExecutionOrchestrator.execute(EngineExecutionOrchestrator.java:58)
	at org.junit.platform.launcher.core.DefaultLauncher.execute(DefaultLauncher.java:103)
	at org.junit.platform.launcher.core.DefaultLauncher.execute(DefaultLauncher.java:85)
	at org.junit.platform.launcher.core.DelegatingLauncher.execute(DelegatingLauncher.java:47)
	at org.junit.platform.launcher.core.InterceptingLauncher.lambda$execute$1(InterceptingLauncher.java:39)
	at org.junit.platform.launcher.core.ClasspathAlignmentCheckingLauncherInterceptor.intercept(ClasspathAlignmentCheckingLauncherInterceptor.java:25)
	at org.junit.platform.launcher.core.InterceptingLauncher.execute(InterceptingLauncher.java:38)
	at org.junit.platform.launcher.core.DelegatingLauncher.execute(DelegatingLauncher.java:47)
	at org.gradle.api.internal.tasks.testing.junitplatform.JUnitPlatformTestClassProcessor$CollectAllTestClassesExecutor.processAllTestClasses(JUnitPlatformTestClassProcessor.java:124)
	at org.gradle.api.internal.tasks.testing.junitplatform.JUnitPlatformTestClassProcessor$CollectAllTestClassesExecutor.access$000(JUnitPlatformTestClassProcessor.java:99)
	at org.gradle.api.internal.tasks.testing.junitplatform.JUnitPlatformTestClassProcessor.stop(JUnitPlatformTestClassProcessor.java:94)
	at org.gradle.api.internal.tasks.testing.SuiteTestClassProcessor.stop(SuiteTestClassProcessor.java:63)
	at java.base/jdk.internal.reflect.DirectMethodHandleAccessor.invoke(DirectMethodHandleAccessor.java:103)
	at java.base/java.lang.reflect.Method.invoke(Method.java:580)
	at org.gradle.internal.dispatch.ReflectionDispatch.dispatch(ReflectionDispatch.java:36)
	at org.gradle.internal.dispatch.ReflectionDispatch.dispatch(ReflectionDispatch.java:24)
	at org.gradle.internal.dispatch.ContextClassLoaderDispatch.dispatch(ContextClassLoaderDispatch.java:33)
	at org.gradle.internal.dispatch.ProxyDispatchAdapter$DispatchingInvocationHandler.invoke(ProxyDispatchAdapter.java:92)
	at jdk.proxy2/jdk.proxy2.$Proxy6.stop(Unknown Source)
	at org.gradle.api.internal.tasks.testing.worker.TestWorker$3.run(TestWorker.java:200)
	at org.gradle.api.internal.tasks.testing.worker.TestWorker.executeAndMaintainThreadName(TestWorker.java:132)
	at org.gradle.api.internal.tasks.testing.worker.TestWorker.execute(TestWorker.java:103)
	at org.gradle.api.internal.tasks.testing.worker.TestWorker.execute(TestWorker.java:63)
	at org.gradle.process.internal.worker.child.ActionExecutionWorker.execute(ActionExecutionWorker.java:56)
	at org.gradle.process.internal.worker.child.SystemApplicationClassLoaderWorker.call(SystemApplicationClassLoaderWorker.java:122)
	at org.gradle.process.internal.worker.child.SystemApplicationClassLoaderWorker.call(SystemApplicationClassLoaderWorker.java:72)
	at worker.org.gradle.process.internal.worker.GradleWorkerMain.run(GradleWorkerMain.java:69)
	at worker.org.gradle.process.internal.worker.GradleWorkerMain.main(GradleWorkerMain.java:74)
2026-01-16 18:33:32.519 [Test worker] WARN  n.f.d.b.e.GlobalExceptionHandler - Illegal argument treated as not found - message: Entity not found in database
2026-01-16 18:33:32.521 [Test worker] INFO  o.s.t.c.s.AnnotationConfigContextLoaderUtils - Could not detect default configuration classes for test class [nl.fontys.db3.backend.integration.controller.FriendshipControllerIT]: FriendshipControllerIT does not declare any static, non-private, non-final, nested classes annotated with @Configuration.
2026-01-16 18:33:32.533 [Test worker] INFO  o.s.b.t.c.SpringBootTestContextBootstrapper - Found @SpringBootConfiguration nl.fontys.db3.backend.BackendApplication for test class nl.fontys.db3.backend.integration.controller.FriendshipControllerIT
2026-01-16 18:33:32.539 [Test worker] DEBUG org.hibernate.SQL - select r1_0.id,r1_0.name from role r1_0 where r1_0.name=?
2026-01-16 18:33:32.542 [Test worker] DEBUG org.hibernate.SQL - insert into role (name) values (?)
2026-01-16 18:33:32.545 [Test worker] DEBUG org.hibernate.SQL - insert into app_user (avatar_id,background_id,created_at,email,name,password,role_id,username) values (?,?,?,?,?,?,?,?)
2026-01-16 18:33:32.547 [Test worker] DEBUG org.hibernate.SQL - insert into app_user (avatar_id,background_id,created_at,email,name,password,role_id,username) values (?,?,?,?,?,?,?,?)
2026-01-16 18:33:32.550 [Test worker] DEBUG org.hibernate.SQL - insert into app_user (avatar_id,background_id,created_at,email,name,password,role_id,username) values (?,?,?,?,?,?,?,?)
2026-01-16 18:33:32.554 [Test worker] DEBUG org.hibernate.SQL - select u1_0.id,u1_0.avatar_id,u1_0.background_id,u1_0.created_at,u1_0.email,u1_0.name,u1_0.password,u1_0.role_id,u1_0.username from app_user u1_0 where u1_0.email=?
2026-01-16 18:33:32.568 [Test worker] DEBUG org.hibernate.SQL - select r1_0.id,r1_0.name from role r1_0 where r1_0.name=?
2026-01-16 18:33:32.570 [Test worker] DEBUG org.hibernate.SQL - insert into role (name) values (?)
2026-01-16 18:33:32.573 [Test worker] DEBUG org.hibernate.SQL - insert into app_user (avatar_id,background_id,created_at,email,name,password,role_id,username) values (?,?,?,?,?,?,?,?)
2026-01-16 18:33:32.575 [Test worker] DEBUG org.hibernate.SQL - insert into app_user (avatar_id,background_id,created_at,email,name,password,role_id,username) values (?,?,?,?,?,?,?,?)
2026-01-16 18:33:32.577 [Test worker] DEBUG org.hibernate.SQL - insert into app_user (avatar_id,background_id,created_at,email,name,password,role_id,username) values (?,?,?,?,?,?,?,?)
2026-01-16 18:33:32.580 [Test worker] DEBUG org.hibernate.SQL - select u1_0.id,u1_0.avatar_id,u1_0.background_id,u1_0.created_at,u1_0.email,u1_0.name,u1_0.password,u1_0.role_id,u1_0.username from app_user u1_0 where u1_0.email=?
2026-01-16 18:33:32.583 [Test worker] DEBUG org.hibernate.SQL - insert into friendship (addressee_id,created_at,requester_id,status) values (?,?,?,?)
2026-01-16 18:33:32.586 [Test worker] DEBUG org.hibernate.SQL - insert into friendship (addressee_id,created_at,requester_id,status) values (?,?,?,?)
2026-01-16 18:33:32.590 [Test worker] DEBUG org.hibernate.SQL - select u1_0.id,u1_0.avatar_id,u1_0.background_id,u1_0.created_at,u1_0.email,u1_0.name,u1_0.password,u1_0.role_id,u1_0.username from app_user u1_0 where u1_0.email=?
2026-01-16 18:33:32.596 [Test worker] DEBUG org.hibernate.SQL - select u1_0.id,u1_0.avatar_id,u1_0.background_id,u1_0.created_at,u1_0.email,u1_0.name,u1_0.password,u1_0.role_id,u1_0.username from app_user u1_0 where u1_0.email=?
2026-01-16 18:33:32.598 [Test worker] DEBUG org.hibernate.SQL - select f1_0.id,f1_0.addressee_id,f1_0.created_at,f1_0.requester_id,f1_0.status from friendship f1_0 join app_user a1_0 on a1_0.id=f1_0.addressee_id where a1_0.id=? and f1_0.status=?
2026-01-16 18:33:32.610 [Test worker] DEBUG org.hibernate.SQL - select r1_0.id,r1_0.name from role r1_0 where r1_0.name=?
2026-01-16 18:33:32.613 [Test worker] DEBUG org.hibernate.SQL - insert into role (name) values (?)
2026-01-16 18:33:32.614 [Test worker] DEBUG org.hibernate.SQL - insert into app_user (avatar_id,background_id,created_at,email,name,password,role_id,username) values (?,?,?,?,?,?,?,?)
2026-01-16 18:33:32.617 [Test worker] DEBUG org.hibernate.SQL - insert into app_user (avatar_id,background_id,created_at,email,name,password,role_id,username) values (?,?,?,?,?,?,?,?)
2026-01-16 18:33:32.620 [Test worker] DEBUG org.hibernate.SQL - insert into app_user (avatar_id,background_id,created_at,email,name,password,role_id,username) values (?,?,?,?,?,?,?,?)
2026-01-16 18:33:32.623 [Test worker] DEBUG org.hibernate.SQL - select u1_0.id,u1_0.avatar_id,u1_0.background_id,u1_0.created_at,u1_0.email,u1_0.name,u1_0.password,u1_0.role_id,u1_0.username from app_user u1_0 where u1_0.email=?
2026-01-16 18:33:32.626 [Test worker] DEBUG org.hibernate.SQL - insert into friendship (addressee_id,created_at,requester_id,status) values (?,?,?,?)
2026-01-16 18:33:32.631 [Test worker] DEBUG org.hibernate.SQL - select u1_0.id,u1_0.avatar_id,u1_0.background_id,u1_0.created_at,u1_0.email,u1_0.name,u1_0.password,u1_0.role_id,u1_0.username from app_user u1_0 where u1_0.email=?
2026-01-16 18:33:32.635 [Test worker] DEBUG org.hibernate.SQL - select u1_0.id,u1_0.avatar_id,u1_0.background_id,u1_0.created_at,u1_0.email,u1_0.name,u1_0.password,u1_0.role_id,u1_0.username from app_user u1_0 where u1_0.email=?
2026-01-16 18:33:32.637 [Test worker] DEBUG org.hibernate.SQL - select u1_0.id,u1_0.avatar_id,u1_0.background_id,u1_0.created_at,u1_0.email,u1_0.name,u1_0.password,u1_0.role_id,u1_0.username from app_user u1_0 where u1_0.username=?
2026-01-16 18:33:32.639 [Test worker] DEBUG org.hibernate.SQL - select f1_0.id,f1_0.addressee_id,f1_0.created_at,f1_0.requester_id,f1_0.status from friendship f1_0 where (f1_0.requester_id=? and f1_0.addressee_id=?) or (f1_0.requester_id=? and f1_0.addressee_id=?)
2026-01-16 18:33:32.650 [Test worker] DEBUG org.hibernate.SQL - select r1_0.id,r1_0.name from role r1_0 where r1_0.name=?
2026-01-16 18:33:32.653 [Test worker] DEBUG org.hibernate.SQL - insert into role (name) values (?)
2026-01-16 18:33:32.656 [Test worker] DEBUG org.hibernate.SQL - insert into app_user (avatar_id,background_id,created_at,email,name,password,role_id,username) values (?,?,?,?,?,?,?,?)
2026-01-16 18:33:32.659 [Test worker] DEBUG org.hibernate.SQL - insert into app_user (avatar_id,background_id,created_at,email,name,password,role_id,username) values (?,?,?,?,?,?,?,?)
2026-01-16 18:33:32.663 [Test worker] DEBUG org.hibernate.SQL - insert into app_user (avatar_id,background_id,created_at,email,name,password,role_id,username) values (?,?,?,?,?,?,?,?)
2026-01-16 18:33:32.670 [Test worker] DEBUG org.hibernate.SQL - select u1_0.id,u1_0.avatar_id,u1_0.background_id,u1_0.created_at,u1_0.email,u1_0.name,u1_0.password,u1_0.role_id,u1_0.username from app_user u1_0 where u1_0.email=?
2026-01-16 18:33:32.673 [Test worker] DEBUG org.hibernate.SQL - insert into friendship (addressee_id,created_at,requester_id,status) values (?,?,?,?)
2026-01-16 18:33:32.680 [Test worker] DEBUG org.hibernate.SQL - select u1_0.id,u1_0.avatar_id,u1_0.background_id,u1_0.created_at,u1_0.email,u1_0.name,u1_0.password,u1_0.role_id,u1_0.username from app_user u1_0 where u1_0.email=?
2026-01-16 18:33:32.688 [Test worker] DEBUG org.hibernate.SQL - select u1_0.id,u1_0.avatar_id,u1_0.background_id,u1_0.created_at,u1_0.email,u1_0.name,u1_0.password,u1_0.role_id,u1_0.username from app_user u1_0 where u1_0.email=?
2026-01-16 18:33:32.693 [Test worker] DEBUG org.hibernate.SQL - select u1_0.id,u1_0.avatar_id,u1_0.background_id,u1_0.created_at,u1_0.email,u1_0.name,u1_0.password,u1_0.role_id,u1_0.username from app_user u1_0 where u1_0.username=?
2026-01-16 18:33:32.696 [Test worker] DEBUG org.hibernate.SQL - select f1_0.id,f1_0.addressee_id,f1_0.created_at,f1_0.requester_id,f1_0.status from friendship f1_0 where (f1_0.requester_id=? and f1_0.addressee_id=?) or (f1_0.requester_id=? and f1_0.addressee_id=?)
2026-01-16 18:33:32.706 [Test worker] DEBUG org.hibernate.SQL - select r1_0.id,r1_0.name from role r1_0 where r1_0.name=?
2026-01-16 18:33:32.708 [Test worker] DEBUG org.hibernate.SQL - insert into role (name) values (?)
2026-01-16 18:33:32.710 [Test worker] DEBUG org.hibernate.SQL - insert into app_user (avatar_id,background_id,created_at,email,name,password,role_id,username) values (?,?,?,?,?,?,?,?)
2026-01-16 18:33:32.713 [Test worker] DEBUG org.hibernate.SQL - insert into app_user (avatar_id,background_id,created_at,email,name,password,role_id,username) values (?,?,?,?,?,?,?,?)
2026-01-16 18:33:32.715 [Test worker] DEBUG org.hibernate.SQL - insert into app_user (avatar_id,background_id,created_at,email,name,password,role_id,username) values (?,?,?,?,?,?,?,?)
2026-01-16 18:33:32.717 [Test worker] DEBUG org.hibernate.SQL - select u1_0.id,u1_0.avatar_id,u1_0.background_id,u1_0.created_at,u1_0.email,u1_0.name,u1_0.password,u1_0.role_id,u1_0.username from app_user u1_0 where u1_0.email=?
2026-01-16 18:33:32.721 [Test worker] DEBUG org.hibernate.SQL - insert into friendship (addressee_id,created_at,requester_id,status) values (?,?,?,?)
2026-01-16 18:33:32.723 [Test worker] DEBUG org.hibernate.SQL - insert into friendship (addressee_id,created_at,requester_id,status) values (?,?,?,?)
2026-01-16 18:33:32.728 [Test worker] DEBUG org.hibernate.SQL - select u1_0.id,u1_0.avatar_id,u1_0.background_id,u1_0.created_at,u1_0.email,u1_0.name,u1_0.password,u1_0.role_id,u1_0.username from app_user u1_0 where u1_0.email=?
2026-01-16 18:33:32.732 [Test worker] DEBUG org.hibernate.SQL - select u1_0.id,u1_0.avatar_id,u1_0.background_id,u1_0.created_at,u1_0.email,u1_0.name,u1_0.password,u1_0.role_id,u1_0.username from app_user u1_0 where u1_0.email=?
2026-01-16 18:33:32.734 [Test worker] DEBUG org.hibernate.SQL - select f1_0.id,f1_0.addressee_id,f1_0.created_at,f1_0.requester_id,f1_0.status from friendship f1_0 join app_user r1_0 on r1_0.id=f1_0.requester_id where r1_0.id=? and f1_0.status=?
2026-01-16 18:33:32.746 [Test worker] DEBUG org.hibernate.SQL - select r1_0.id,r1_0.name from role r1_0 where r1_0.name=?
2026-01-16 18:33:32.748 [Test worker] DEBUG org.hibernate.SQL - insert into role (name) values (?)
2026-01-16 18:33:32.750 [Test worker] DEBUG org.hibernate.SQL - insert into app_user (avatar_id,background_id,created_at,email,name,password,role_id,username) values (?,?,?,?,?,?,?,?)
2026-01-16 18:33:32.752 [Test worker] DEBUG org.hibernate.SQL - insert into app_user (avatar_id,background_id,created_at,email,name,password,role_id,username) values (?,?,?,?,?,?,?,?)
2026-01-16 18:33:32.754 [Test worker] DEBUG org.hibernate.SQL - insert into app_user (avatar_id,background_id,created_at,email,name,password,role_id,username) values (?,?,?,?,?,?,?,?)
2026-01-16 18:33:32.757 [Test worker] DEBUG org.hibernate.SQL - select u1_0.id,u1_0.avatar_id,u1_0.background_id,u1_0.created_at,u1_0.email,u1_0.name,u1_0.password,u1_0.role_id,u1_0.username from app_user u1_0 where u1_0.email=?
2026-01-16 18:33:32.759 [Test worker] DEBUG org.hibernate.SQL - insert into friendship (addressee_id,created_at,requester_id,status) values (?,?,?,?)
2026-01-16 18:33:32.762 [Test worker] DEBUG org.hibernate.SQL - insert into friendship (addressee_id,created_at,requester_id,status) values (?,?,?,?)
2026-01-16 18:33:32.766 [Test worker] DEBUG org.hibernate.SQL - select u1_0.id,u1_0.avatar_id,u1_0.background_id,u1_0.created_at,u1_0.email,u1_0.name,u1_0.password,u1_0.role_id,u1_0.username from app_user u1_0 where u1_0.username=?
2026-01-16 18:33:32.770 [Test worker] DEBUG org.hibernate.SQL - select f1_0.id,f1_0.addressee_id,f1_0.created_at,f1_0.requester_id,f1_0.status from friendship f1_0 join app_user r1_0 on r1_0.id=f1_0.requester_id join app_user a1_0 on a1_0.id=f1_0.addressee_id where f1_0.status=? and r1_0.id=? or f1_0.status=? and a1_0.id=?
2026-01-16 18:33:32.780 [Test worker] DEBUG org.hibernate.SQL - select r1_0.id,r1_0.name from role r1_0 where r1_0.name=?
2026-01-16 18:33:32.782 [Test worker] DEBUG org.hibernate.SQL - insert into role (name) values (?)
2026-01-16 18:33:32.783 [Test worker] DEBUG org.hibernate.SQL - insert into app_user (avatar_id,background_id,created_at,email,name,password,role_id,username) values (?,?,?,?,?,?,?,?)
2026-01-16 18:33:32.786 [Test worker] DEBUG org.hibernate.SQL - insert into app_user (avatar_id,background_id,created_at,email,name,password,role_id,username) values (?,?,?,?,?,?,?,?)
2026-01-16 18:33:32.788 [Test worker] DEBUG org.hibernate.SQL - insert into app_user (avatar_id,background_id,created_at,email,name,password,role_id,username) values (?,?,?,?,?,?,?,?)
2026-01-16 18:33:32.791 [Test worker] DEBUG org.hibernate.SQL - select u1_0.id,u1_0.avatar_id,u1_0.background_id,u1_0.created_at,u1_0.email,u1_0.name,u1_0.password,u1_0.role_id,u1_0.username from app_user u1_0 where u1_0.email=?
2026-01-16 18:33:32.795 [Test worker] DEBUG org.hibernate.SQL - select u1_0.id,u1_0.avatar_id,u1_0.background_id,u1_0.created_at,u1_0.email,u1_0.name,u1_0.password,u1_0.role_id,u1_0.username from app_user u1_0 where u1_0.email=?
2026-01-16 18:33:32.800 [Test worker] DEBUG org.hibernate.SQL - select u1_0.id,u1_0.avatar_id,u1_0.background_id,u1_0.created_at,u1_0.email,u1_0.name,u1_0.password,u1_0.role_id,u1_0.username from app_user u1_0 where u1_0.email=?
2026-01-16 18:33:32.802 [Test worker] DEBUG org.hibernate.SQL - select u1_0.id,u1_0.avatar_id,u1_0.background_id,u1_0.created_at,u1_0.email,u1_0.name,u1_0.password,u1_0.role_id,u1_0.username from app_user u1_0 where u1_0.username=?
2026-01-16 18:33:32.805 [Test worker] DEBUG org.hibernate.SQL - select f1_0.id,f1_0.addressee_id,f1_0.created_at,f1_0.requester_id,f1_0.status from friendship f1_0 where (f1_0.requester_id=? and f1_0.addressee_id=?) or (f1_0.requester_id=? and f1_0.addressee_id=?)
2026-01-16 18:33:32.806 [Test worker] DEBUG org.hibernate.SQL - insert into friendship (addressee_id,created_at,requester_id,status) values (?,?,?,?)
2026-01-16 18:33:32.816 [Test worker] DEBUG org.hibernate.SQL - select r1_0.id,r1_0.name from role r1_0 where r1_0.name=?
2026-01-16 18:33:32.817 [Test worker] DEBUG org.hibernate.SQL - insert into role (name) values (?)
2026-01-16 18:33:32.820 [Test worker] DEBUG org.hibernate.SQL - insert into app_user (avatar_id,background_id,created_at,email,name,password,role_id,username) values (?,?,?,?,?,?,?,?)
2026-01-16 18:33:32.822 [Test worker] DEBUG org.hibernate.SQL - insert into app_user (avatar_id,background_id,created_at,email,name,password,role_id,username) values (?,?,?,?,?,?,?,?)
2026-01-16 18:33:32.824 [Test worker] DEBUG org.hibernate.SQL - insert into app_user (avatar_id,background_id,created_at,email,name,password,role_id,username) values (?,?,?,?,?,?,?,?)
2026-01-16 18:33:32.826 [Test worker] DEBUG org.hibernate.SQL - select u1_0.id,u1_0.avatar_id,u1_0.background_id,u1_0.created_at,u1_0.email,u1_0.name,u1_0.password,u1_0.role_id,u1_0.username from app_user u1_0 where u1_0.email=?
2026-01-16 18:33:32.829 [Test worker] DEBUG org.hibernate.SQL - insert into friendship (addressee_id,created_at,requester_id,status) values (?,?,?,?)
2026-01-16 18:33:32.831 [Test worker] DEBUG org.hibernate.SQL - insert into friendship (addressee_id,created_at,requester_id,status) values (?,?,?,?)
2026-01-16 18:33:32.836 [Test worker] DEBUG org.hibernate.SQL - select u1_0.id,u1_0.avatar_id,u1_0.background_id,u1_0.created_at,u1_0.email,u1_0.name,u1_0.password,u1_0.role_id,u1_0.username from app_user u1_0 where u1_0.email=?
2026-01-16 18:33:32.840 [Test worker] DEBUG org.hibernate.SQL - select u1_0.id,u1_0.avatar_id,u1_0.background_id,u1_0.created_at,u1_0.email,u1_0.name,u1_0.password,u1_0.role_id,u1_0.username from app_user u1_0 where u1_0.email=?
2026-01-16 18:33:32.844 [Test worker] DEBUG org.hibernate.SQL - select f1_0.id,f1_0.addressee_id,f1_0.created_at,f1_0.requester_id,f1_0.status from friendship f1_0 join app_user r1_0 on r1_0.id=f1_0.requester_id join app_user a1_0 on a1_0.id=f1_0.addressee_id where f1_0.status=? and r1_0.id=? or f1_0.status=? and a1_0.id=?
2026-01-16 18:33:32.854 [Test worker] DEBUG org.hibernate.SQL - select r1_0.id,r1_0.name from role r1_0 where r1_0.name=?
2026-01-16 18:33:32.856 [Test worker] DEBUG org.hibernate.SQL - insert into role (name) values (?)
2026-01-16 18:33:32.857 [Test worker] DEBUG org.hibernate.SQL - insert into app_user (avatar_id,background_id,created_at,email,name,password,role_id,username) values (?,?,?,?,?,?,?,?)
2026-01-16 18:33:32.859 [Test worker] DEBUG org.hibernate.SQL - insert into app_user (avatar_id,background_id,created_at,email,name,password,role_id,username) values (?,?,?,?,?,?,?,?)
2026-01-16 18:33:32.862 [Test worker] DEBUG org.hibernate.SQL - insert into app_user (avatar_id,background_id,created_at,email,name,password,role_id,username) values (?,?,?,?,?,?,?,?)
2026-01-16 18:33:32.865 [Test worker] DEBUG org.hibernate.SQL - select u1_0.id,u1_0.avatar_id,u1_0.background_id,u1_0.created_at,u1_0.email,u1_0.name,u1_0.password,u1_0.role_id,u1_0.username from app_user u1_0 where u1_0.email=?
2026-01-16 18:33:32.867 [Test worker] DEBUG org.hibernate.SQL - insert into friendship (addressee_id,created_at,requester_id,status) values (?,?,?,?)
2026-01-16 18:33:32.871 [Test worker] DEBUG org.hibernate.SQL - select u1_0.id,u1_0.avatar_id,u1_0.background_id,u1_0.created_at,u1_0.email,u1_0.name,u1_0.password,u1_0.role_id,u1_0.username from app_user u1_0 where u1_0.email=?
2026-01-16 18:33:32.876 [Test worker] DEBUG org.hibernate.SQL - select u1_0.id,u1_0.avatar_id,u1_0.background_id,u1_0.created_at,u1_0.email,u1_0.name,u1_0.password,u1_0.role_id,u1_0.username from app_user u1_0 where u1_0.email=?
2026-01-16 18:33:32.879 [Test worker] DEBUG org.hibernate.SQL - select u1_0.id,u1_0.avatar_id,u1_0.background_id,u1_0.created_at,u1_0.email,u1_0.name,u1_0.password,u1_0.role_id,u1_0.username from app_user u1_0 where u1_0.username=?
2026-01-16 18:33:32.881 [Test worker] DEBUG org.hibernate.SQL - select f1_0.id,f1_0.addressee_id,f1_0.created_at,f1_0.requester_id,f1_0.status from friendship f1_0 where (f1_0.requester_id=? and f1_0.addressee_id=?) or (f1_0.requester_id=? and f1_0.addressee_id=?)
2026-01-16 18:33:32.895 [Test worker] DEBUG org.hibernate.SQL - select r1_0.id,r1_0.name from role r1_0 where r1_0.name=?
2026-01-16 18:33:32.896 [Test worker] DEBUG org.hibernate.SQL - insert into role (name) values (?)
2026-01-16 18:33:32.898 [Test worker] DEBUG org.hibernate.SQL - insert into app_user (avatar_id,background_id,created_at,email,name,password,role_id,username) values (?,?,?,?,?,?,?,?)
2026-01-16 18:33:32.901 [Test worker] DEBUG org.hibernate.SQL - insert into app_user (avatar_id,background_id,created_at,email,name,password,role_id,username) values (?,?,?,?,?,?,?,?)
2026-01-16 18:33:32.903 [Test worker] DEBUG org.hibernate.SQL - insert into app_user (avatar_id,background_id,created_at,email,name,password,role_id,username) values (?,?,?,?,?,?,?,?)
2026-01-16 18:33:32.906 [Test worker] DEBUG org.hibernate.SQL - select u1_0.id,u1_0.avatar_id,u1_0.background_id,u1_0.created_at,u1_0.email,u1_0.name,u1_0.password,u1_0.role_id,u1_0.username from app_user u1_0 where u1_0.email=?
2026-01-16 18:33:32.908 [Test worker] DEBUG org.hibernate.SQL - insert into friendship (addressee_id,created_at,requester_id,status) values (?,?,?,?)
2026-01-16 18:33:32.913 [Test worker] DEBUG org.hibernate.SQL - select u1_0.id,u1_0.avatar_id,u1_0.background_id,u1_0.created_at,u1_0.email,u1_0.name,u1_0.password,u1_0.role_id,u1_0.username from app_user u1_0 where u1_0.email=?
2026-01-16 18:33:32.916 [Test worker] DEBUG org.hibernate.SQL - select u1_0.id,u1_0.avatar_id,u1_0.background_id,u1_0.created_at,u1_0.email,u1_0.name,u1_0.password,u1_0.role_id,u1_0.username from app_user u1_0 where u1_0.email=?
2026-01-16 18:33:32.919 [Test worker] DEBUG org.hibernate.SQL - select u1_0.id,u1_0.avatar_id,u1_0.background_id,u1_0.created_at,u1_0.email,u1_0.name,u1_0.password,u1_0.role_id,u1_0.username from app_user u1_0 where u1_0.username=?
2026-01-16 18:33:32.920 [Test worker] DEBUG org.hibernate.SQL - select f1_0.id,f1_0.addressee_id,f1_0.created_at,f1_0.requester_id,f1_0.status from friendship f1_0 where (f1_0.requester_id=? and f1_0.addressee_id=?) or (f1_0.requester_id=? and f1_0.addressee_id=?)
2026-01-16 18:33:32.928 [Test worker] INFO  o.s.t.c.s.AnnotationConfigContextLoaderUtils - Could not detect default configuration classes for test class [nl.fontys.db3.backend.integration.controller.HazardReportControllerIT]: HazardReportControllerIT does not declare any static, non-private, non-final, nested classes annotated with @Configuration.
2026-01-16 18:33:32.930 [Test worker] INFO  o.s.b.t.c.SpringBootTestContextBootstrapper - Found @SpringBootConfiguration nl.fontys.db3.backend.BackendApplication for test class nl.fontys.db3.backend.integration.controller.HazardReportControllerIT
2026-01-16 18:33:32.936 [Test worker] DEBUG org.hibernate.SQL - select r1_0.id,r1_0.name from role r1_0 where r1_0.name=?
2026-01-16 18:33:32.938 [Test worker] DEBUG org.hibernate.SQL - insert into role (name) values (?)
2026-01-16 18:33:33.001 [Test worker] DEBUG org.hibernate.SQL - insert into app_user (avatar_id,background_id,created_at,email,name,password,role_id,username) values (?,?,?,?,?,?,?,?)
2026-01-16 18:33:33.005 [Test worker] DEBUG org.hibernate.SQL - insert into hazard_category (active,icon_path,name) values (?,?,?)
2026-01-16 18:33:33.006 [Test worker] DEBUG org.hibernate.SQL - select u1_0.id,u1_0.avatar_id,u1_0.background_id,u1_0.created_at,u1_0.email,u1_0.name,u1_0.password,u1_0.role_id,u1_0.username from app_user u1_0 where u1_0.email=?
2026-01-16 18:33:33.012 [Test worker] DEBUG org.hibernate.SQL - select u1_0.id,u1_0.avatar_id,u1_0.background_id,u1_0.created_at,u1_0.email,u1_0.name,u1_0.password,u1_0.role_id,u1_0.username from app_user u1_0 where u1_0.email=?
2026-01-16 18:33:33.015 [Test worker] INFO  n.f.d.b.c.HazardReportController - Creating hazard - email: reporter@test.com, categoryId: 1806, lat: 51.4416, lng: 5.4697
2026-01-16 18:33:33.015 [Test worker] INFO  n.f.d.backend.service.HazardService - Creating hazard - creatorEmail: reporter@test.com, categoryId: 1806, lat: 51.4416, lng: 5.4697
2026-01-16 18:33:33.016 [Test worker] DEBUG org.hibernate.SQL - select u1_0.id,u1_0.avatar_id,u1_0.background_id,u1_0.created_at,u1_0.email,u1_0.name,u1_0.password,u1_0.role_id,u1_0.username from app_user u1_0 where u1_0.email=?
2026-01-16 18:33:33.018 [Test worker] DEBUG org.hibernate.SQL - insert into hazard_report (category_id,created_at,created_by_id,latitude,longitude,status) values (?,?,?,?,?,?)
2026-01-16 18:33:33.023 [Test worker] DEBUG org.hibernate.SQL - select s1_0.id from "statistics" s1_0 join app_user u1_0 on u1_0.id=s1_0.user_id where u1_0.id=? fetch first ? rows only
2026-01-16 18:33:33.024 [Test worker] DEBUG org.hibernate.SQL - insert into "statistics" (total_distance_km,total_hazards_reported,total_trips,total_votes,user_id) values (?,?,?,?,?)
2026-01-16 18:33:33.028 [Test worker] DEBUG org.hibernate.SQL - update "statistics" s1_0 set total_hazards_reported=(s1_0.total_hazards_reported+1) where s1_0.user_id=?
2026-01-16 18:33:33.029 [Test worker] INFO  n.f.d.backend.service.HazardService - Hazard created successfully - hazardId: 1634, userId: 8128, category: Pothole
2026-01-16 18:33:33.029 [Test worker] INFO  n.f.d.b.c.HazardReportController - Hazard created successfully - hazardId: 1634, email: reporter@test.com
2026-01-16 18:33:33.039 [Test worker] DEBUG org.hibernate.SQL - select r1_0.id,r1_0.name from role r1_0 where r1_0.name=?
2026-01-16 18:33:33.041 [Test worker] DEBUG org.hibernate.SQL - insert into role (name) values (?)
2026-01-16 18:33:33.101 [Test worker] DEBUG org.hibernate.SQL - insert into app_user (avatar_id,background_id,created_at,email,name,password,role_id,username) values (?,?,?,?,?,?,?,?)
2026-01-16 18:33:33.104 [Test worker] DEBUG org.hibernate.SQL - insert into hazard_category (active,icon_path,name) values (?,?,?)
2026-01-16 18:33:33.107 [Test worker] DEBUG org.hibernate.SQL - select u1_0.id,u1_0.avatar_id,u1_0.background_id,u1_0.created_at,u1_0.email,u1_0.name,u1_0.password,u1_0.role_id,u1_0.username from app_user u1_0 where u1_0.email=?
2026-01-16 18:33:33.110 [Test worker] DEBUG org.hibernate.SQL - insert into hazard_report (category_id,created_at,created_by_id,latitude,longitude,status) values (?,?,?,?,?,?)
2026-01-16 18:33:33.112 [Test worker] DEBUG org.hibernate.SQL - insert into hazard_report (category_id,created_at,created_by_id,latitude,longitude,status) values (?,?,?,?,?,?)
2026-01-16 18:33:33.173 [Test worker] DEBUG org.hibernate.SQL - insert into app_user (avatar_id,background_id,created_at,email,name,password,role_id,username) values (?,?,?,?,?,?,?,?)
2026-01-16 18:33:33.176 [Test worker] DEBUG org.hibernate.SQL - insert into hazard_report (category_id,created_at,created_by_id,latitude,longitude,status) values (?,?,?,?,?,?)
2026-01-16 18:33:33.182 [Test worker] DEBUG org.hibernate.SQL - select u1_0.id from app_user u1_0 where u1_0.username=? fetch first ? rows only
2026-01-16 18:33:33.183 [Test worker] DEBUG org.hibernate.SQL - select hr1_0.id,hr1_0.category_id,hr1_0.created_at,hr1_0.created_by_id,hr1_0.latitude,hr1_0.longitude,hr1_0.status from hazard_report hr1_0 left join app_user cb1_0 on cb1_0.id=hr1_0.created_by_id where cb1_0.username=? order by hr1_0.id desc
2026-01-16 18:33:33.192 [Test worker] DEBUG org.hibernate.SQL - select r1_0.id,r1_0.name from role r1_0 where r1_0.name=?
2026-01-16 18:33:33.195 [Test worker] DEBUG org.hibernate.SQL - insert into role (name) values (?)
2026-01-16 18:33:33.253 [Test worker] DEBUG org.hibernate.SQL - insert into app_user (avatar_id,background_id,created_at,email,name,password,role_id,username) values (?,?,?,?,?,?,?,?)
2026-01-16 18:33:33.257 [Test worker] DEBUG org.hibernate.SQL - insert into hazard_category (active,icon_path,name) values (?,?,?)
2026-01-16 18:33:33.258 [Test worker] DEBUG org.hibernate.SQL - select u1_0.id,u1_0.avatar_id,u1_0.background_id,u1_0.created_at,u1_0.email,u1_0.name,u1_0.password,u1_0.role_id,u1_0.username from app_user u1_0 where u1_0.email=?
2026-01-16 18:33:33.269 [Test worker] DEBUG org.hibernate.SQL - select r1_0.id,r1_0.name from role r1_0 where r1_0.name=?
2026-01-16 18:33:33.271 [Test worker] DEBUG org.hibernate.SQL - insert into role (name) values (?)
2026-01-16 18:33:33.328 [Test worker] DEBUG org.hibernate.SQL - insert into app_user (avatar_id,background_id,created_at,email,name,password,role_id,username) values (?,?,?,?,?,?,?,?)
2026-01-16 18:33:33.332 [Test worker] DEBUG org.hibernate.SQL - insert into hazard_category (active,icon_path,name) values (?,?,?)
2026-01-16 18:33:33.333 [Test worker] DEBUG org.hibernate.SQL - select u1_0.id,u1_0.avatar_id,u1_0.background_id,u1_0.created_at,u1_0.email,u1_0.name,u1_0.password,u1_0.role_id,u1_0.username from app_user u1_0 where u1_0.email=?
2026-01-16 18:33:33.338 [Test worker] DEBUG org.hibernate.SQL - select u1_0.id from app_user u1_0 where u1_0.username=? fetch first ? rows only
2026-01-16 18:33:33.339 [Test worker] WARN  n.f.d.b.c.HazardReportController - Get hazards by user failed - username: nonexistent, reason: User not found
2026-01-16 18:33:33.339 [Test worker] WARN  n.f.d.b.e.GlobalExceptionHandler - Illegal argument treated as not found - message: User not found
2026-01-16 18:33:33.347 [Test worker] DEBUG org.hibernate.SQL - select r1_0.id,r1_0.name from role r1_0 where r1_0.name=?
2026-01-16 18:33:33.348 [Test worker] DEBUG org.hibernate.SQL - insert into role (name) values (?)
2026-01-16 18:33:33.403 [Test worker] DEBUG org.hibernate.SQL - insert into app_user (avatar_id,background_id,created_at,email,name,password,role_id,username) values (?,?,?,?,?,?,?,?)
2026-01-16 18:33:33.407 [Test worker] DEBUG org.hibernate.SQL - insert into hazard_category (active,icon_path,name) values (?,?,?)
2026-01-16 18:33:33.408 [Test worker] DEBUG org.hibernate.SQL - select u1_0.id,u1_0.avatar_id,u1_0.background_id,u1_0.created_at,u1_0.email,u1_0.name,u1_0.password,u1_0.role_id,u1_0.username from app_user u1_0 where u1_0.email=?
2026-01-16 18:33:33.411 [Test worker] DEBUG org.hibernate.SQL - insert into hazard_report (category_id,created_at,created_by_id,latitude,longitude,status) values (?,?,?,?,?,?)
2026-01-16 18:33:33.413 [Test worker] DEBUG org.hibernate.SQL - insert into hazard_report (category_id,created_at,created_by_id,latitude,longitude,status) values (?,?,?,?,?,?)
2026-01-16 18:33:33.416 [Test worker] DEBUG org.hibernate.SQL - insert into hazard_report (category_id,created_at,created_by_id,latitude,longitude,status) values (?,?,?,?,?,?)
2026-01-16 18:33:33.419 [Test worker] DEBUG org.hibernate.SQL - select hr1_0.id,hr1_0.category_id,hr1_0.created_at,hr1_0.created_by_id,hr1_0.latitude,hr1_0.longitude,hr1_0.status from hazard_report hr1_0 where hr1_0.status=?
2026-01-16 18:33:33.427 [Test worker] INFO  o.s.t.c.s.AnnotationConfigContextLoaderUtils - Could not detect default configuration classes for test class [nl.fontys.db3.backend.integration.controller.TripControllerIT]: TripControllerIT does not declare any static, non-private, non-final, nested classes annotated with @Configuration.
2026-01-16 18:33:33.428 [Test worker] INFO  o.s.b.t.c.SpringBootTestContextBootstrapper - Found @SpringBootConfiguration nl.fontys.db3.backend.BackendApplication for test class nl.fontys.db3.backend.integration.controller.TripControllerIT
2026-01-16 18:33:33.433 [Test worker] DEBUG org.hibernate.SQL - select r1_0.id,r1_0.name from role r1_0 where r1_0.name=?
2026-01-16 18:33:33.436 [Test worker] DEBUG org.hibernate.SQL - insert into role (name) values (?)
2026-01-16 18:33:33.492 [Test worker] DEBUG org.hibernate.SQL - insert into app_user (avatar_id,background_id,created_at,email,name,password,role_id,username) values (?,?,?,?,?,?,?,?)
2026-01-16 18:33:33.496 [Test worker] DEBUG org.hibernate.SQL - select u1_0.id,u1_0.avatar_id,u1_0.background_id,u1_0.created_at,u1_0.email,u1_0.name,u1_0.password,u1_0.role_id,u1_0.username from app_user u1_0 where u1_0.email=?
2026-01-16 18:33:33.506 [Test worker] DEBUG org.hibernate.SQL - select r1_0.id,r1_0.name from role r1_0 where r1_0.name=?
2026-01-16 18:33:33.507 [Test worker] DEBUG org.hibernate.SQL - insert into role (name) values (?)
2026-01-16 18:33:33.561 [Test worker] DEBUG org.hibernate.SQL - insert into app_user (avatar_id,background_id,created_at,email,name,password,role_id,username) values (?,?,?,?,?,?,?,?)
2026-01-16 18:33:33.565 [Test worker] DEBUG org.hibernate.SQL - select u1_0.id,u1_0.avatar_id,u1_0.background_id,u1_0.created_at,u1_0.email,u1_0.name,u1_0.password,u1_0.role_id,u1_0.username from app_user u1_0 where u1_0.email=?
2026-01-16 18:33:33.572 [Test worker] DEBUG org.hibernate.SQL - select u1_0.id,u1_0.avatar_id,u1_0.background_id,u1_0.created_at,u1_0.email,u1_0.name,u1_0.password,u1_0.role_id,u1_0.username from app_user u1_0 where u1_0.email=?
2026-01-16 18:33:33.576 [Test worker] DEBUG org.hibernate.SQL - select u1_0.id,u1_0.avatar_id,u1_0.background_id,u1_0.created_at,u1_0.email,u1_0.name,u1_0.password,u1_0.role_id,u1_0.username from app_user u1_0 where u1_0.email=?
2026-01-16 18:33:33.579 [Test worker] DEBUG org.hibernate.SQL - insert into trip (convoy_id,created_at,distance_km,end_lat,end_lng,ended_at,start_lat,start_lng,started_at,user_id) values (?,?,?,?,?,?,?,?,?,?)
2026-01-16 18:33:33.581 [Test worker] DEBUG org.hibernate.SQL - select s1_0.id from "statistics" s1_0 join app_user u1_0 on u1_0.id=s1_0.user_id where u1_0.id=? fetch first ? rows only
2026-01-16 18:33:33.582 [Test worker] DEBUG org.hibernate.SQL - insert into "statistics" (total_distance_km,total_hazards_reported,total_trips,total_votes,user_id) values (?,?,?,?,?)
2026-01-16 18:33:33.584 [Test worker] DEBUG org.hibernate.SQL - update "statistics" s1_0 set total_trips=(s1_0.total_trips+1),total_distance_km=(s1_0.total_distance_km+?) where s1_0.user_id=?
2026-01-16 18:33:33.592 [Test worker] DEBUG org.hibernate.SQL - select r1_0.id,r1_0.name from role r1_0 where r1_0.name=?
2026-01-16 18:33:33.594 [Test worker] DEBUG org.hibernate.SQL - insert into role (name) values (?)
2026-01-16 18:33:33.652 [Test worker] DEBUG org.hibernate.SQL - insert into app_user (avatar_id,background_id,created_at,email,name,password,role_id,username) values (?,?,?,?,?,?,?,?)
2026-01-16 18:33:33.655 [Test worker] DEBUG org.hibernate.SQL - select u1_0.id,u1_0.avatar_id,u1_0.background_id,u1_0.created_at,u1_0.email,u1_0.name,u1_0.password,u1_0.role_id,u1_0.username from app_user u1_0 where u1_0.email=?
2026-01-16 18:33:33.659 [Test worker] DEBUG org.hibernate.SQL - select u1_0.id,u1_0.avatar_id,u1_0.background_id,u1_0.created_at,u1_0.email,u1_0.name,u1_0.password,u1_0.role_id,u1_0.username from app_user u1_0 where u1_0.email=?
2026-01-16 18:33:33.664 [Test worker] WARN  n.f.d.b.e.GlobalExceptionHandler - Bad request - message: distanceKm cannot be negative
2026-01-16 18:33:33.671 [Test worker] DEBUG org.hibernate.SQL - select r1_0.id,r1_0.name from role r1_0 where r1_0.name=?
2026-01-16 18:33:33.673 [Test worker] DEBUG org.hibernate.SQL - insert into role (name) values (?)
2026-01-16 18:33:33.779 [Test worker] DEBUG org.hibernate.SQL - insert into app_user (avatar_id,background_id,created_at,email,name,password,role_id,username) values (?,?,?,?,?,?,?,?)
2026-01-16 18:33:33.789 [Test worker] DEBUG org.hibernate.SQL - select u1_0.id,u1_0.avatar_id,u1_0.background_id,u1_0.created_at,u1_0.email,u1_0.name,u1_0.password,u1_0.role_id,u1_0.username from app_user u1_0 where u1_0.email=?
2026-01-16 18:33:33.798 [Test worker] DEBUG org.hibernate.SQL - select u1_0.id,u1_0.avatar_id,u1_0.background_id,u1_0.created_at,u1_0.email,u1_0.name,u1_0.password,u1_0.role_id,u1_0.username from app_user u1_0 where u1_0.email=?
2026-01-16 18:33:33.811 [Test worker] WARN  n.f.d.b.e.GlobalExceptionHandler - Bad request - message: endLat cannot be null
2026-01-16 18:33:33.824 [Test worker] INFO  o.s.t.c.s.AnnotationConfigContextLoaderUtils - Could not detect default configuration classes for test class [nl.fontys.db3.backend.integration.controller.UserControllerIT]: UserControllerIT does not declare any static, non-private, non-final, nested classes annotated with @Configuration.
2026-01-16 18:33:33.828 [Test worker] INFO  o.s.b.t.c.SpringBootTestContextBootstrapper - Found @SpringBootConfiguration nl.fontys.db3.backend.BackendApplication for test class nl.fontys.db3.backend.integration.controller.UserControllerIT
2026-01-16 18:33:33.839 [Test worker] DEBUG org.hibernate.SQL - select r1_0.id,r1_0.name from role r1_0 where r1_0.name=?
2026-01-16 18:33:33.845 [Test worker] DEBUG org.hibernate.SQL - insert into role (name) values (?)
2026-01-16 18:33:33.941 [Test worker] DEBUG org.hibernate.SQL - insert into app_user (avatar_id,background_id,created_at,email,name,password,role_id,username) values (?,?,?,?,?,?,?,?)
2026-01-16 18:33:33.948 [Test worker] DEBUG org.hibernate.SQL - insert into avatar (active,image_path,name) values (?,?,?)
2026-01-16 18:33:33.962 [Test worker] DEBUG org.hibernate.SQL - insert into background (active,image_path,name) values (?,?,?)
2026-01-16 18:33:33.971 [Test worker] DEBUG org.hibernate.SQL - select u1_0.id,u1_0.avatar_id,u1_0.background_id,u1_0.created_at,u1_0.email,u1_0.name,u1_0.password,u1_0.role_id,u1_0.username from app_user u1_0 where u1_0.email=?
2026-01-16 18:33:33.987 [Test worker] DEBUG org.hibernate.SQL - select u1_0.id,u1_0.avatar_id,u1_0.background_id,u1_0.created_at,u1_0.email,u1_0.name,u1_0.password,u1_0.role_id,u1_0.username from app_user u1_0 where u1_0.email=?
2026-01-16 18:33:34.080 [Test worker] WARN  n.f.d.b.controller.UserController - Login failed - email: test@test.com, reason: Bad credentials
2026-01-16 18:33:34.082 [Test worker] WARN  n.f.d.b.e.GlobalExceptionHandler - Bad credentials - message: Bad credentials
2026-01-16 18:33:34.096 [Test worker] DEBUG org.hibernate.SQL - select r1_0.id,r1_0.name from role r1_0 where r1_0.name=?
2026-01-16 18:33:34.104 [Test worker] DEBUG org.hibernate.SQL - insert into role (name) values (?)
2026-01-16 18:33:34.208 [Test worker] DEBUG org.hibernate.SQL - insert into app_user (avatar_id,background_id,created_at,email,name,password,role_id,username) values (?,?,?,?,?,?,?,?)
2026-01-16 18:33:34.214 [Test worker] DEBUG org.hibernate.SQL - insert into avatar (active,image_path,name) values (?,?,?)
2026-01-16 18:33:34.218 [Test worker] DEBUG org.hibernate.SQL - insert into background (active,image_path,name) values (?,?,?)
2026-01-16 18:33:34.222 [Test worker] DEBUG org.hibernate.SQL - select u1_0.id,u1_0.avatar_id,u1_0.background_id,u1_0.created_at,u1_0.email,u1_0.name,u1_0.password,u1_0.role_id,u1_0.username from app_user u1_0 where u1_0.email=?
2026-01-16 18:33:34.230 [Test worker] DEBUG org.hibernate.SQL - select u1_0.id,u1_0.avatar_id,u1_0.background_id,u1_0.created_at,u1_0.email,u1_0.name,u1_0.password,u1_0.role_id,u1_0.username from app_user u1_0 where u1_0.email=?
2026-01-16 18:33:34.236 [Test worker] DEBUG org.hibernate.SQL - select u1_0.id,u1_0.avatar_id,u1_0.background_id,u1_0.created_at,u1_0.email,u1_0.name,u1_0.password,u1_0.role_id,u1_0.username from app_user u1_0 where u1_0.email=?
2026-01-16 18:33:34.254 [Test worker] DEBUG org.hibernate.SQL - select r1_0.id,r1_0.name from role r1_0 where r1_0.name=?
2026-01-16 18:33:34.257 [Test worker] DEBUG org.hibernate.SQL - insert into role (name) values (?)
2026-01-16 18:33:34.336 [Test worker] DEBUG org.hibernate.SQL - insert into app_user (avatar_id,background_id,created_at,email,name,password,role_id,username) values (?,?,?,?,?,?,?,?)
2026-01-16 18:33:34.340 [Test worker] DEBUG org.hibernate.SQL - insert into avatar (active,image_path,name) values (?,?,?)
2026-01-16 18:33:34.342 [Test worker] DEBUG org.hibernate.SQL - insert into background (active,image_path,name) values (?,?,?)
2026-01-16 18:33:34.345 [Test worker] DEBUG org.hibernate.SQL - select u1_0.id,u1_0.avatar_id,u1_0.background_id,u1_0.created_at,u1_0.email,u1_0.name,u1_0.password,u1_0.role_id,u1_0.username from app_user u1_0 where u1_0.email=?
2026-01-16 18:33:34.350 [Test worker] DEBUG org.hibernate.SQL - select u1_0.id,u1_0.avatar_id,u1_0.background_id,u1_0.created_at,u1_0.email,u1_0.name,u1_0.password,u1_0.role_id,u1_0.username from app_user u1_0 where u1_0.username=?
2026-01-16 18:33:34.351 [Test worker] WARN  n.f.db3.backend.service.UserService - Get user failed - user not found: username: nonexistent
2026-01-16 18:33:34.352 [Test worker] WARN  n.f.d.b.controller.UserController - Get user by username failed - username: nonexistent, reason: User not found
2026-01-16 18:33:34.352 [Test worker] WARN  n.f.d.b.e.GlobalExceptionHandler - Illegal argument treated as not found - message: User not found
2026-01-16 18:33:34.360 [Test worker] DEBUG org.hibernate.SQL - select r1_0.id,r1_0.name from role r1_0 where r1_0.name=?
2026-01-16 18:33:34.363 [Test worker] DEBUG org.hibernate.SQL - insert into role (name) values (?)
2026-01-16 18:33:34.437 [Test worker] DEBUG org.hibernate.SQL - insert into app_user (avatar_id,background_id,created_at,email,name,password,role_id,username) values (?,?,?,?,?,?,?,?)
2026-01-16 18:33:34.441 [Test worker] DEBUG org.hibernate.SQL - insert into avatar (active,image_path,name) values (?,?,?)
2026-01-16 18:33:34.444 [Test worker] DEBUG org.hibernate.SQL - insert into background (active,image_path,name) values (?,?,?)
2026-01-16 18:33:34.447 [Test worker] DEBUG org.hibernate.SQL - select u1_0.id,u1_0.avatar_id,u1_0.background_id,u1_0.created_at,u1_0.email,u1_0.name,u1_0.password,u1_0.role_id,u1_0.username from app_user u1_0 where u1_0.email=?
2026-01-16 18:33:34.451 [Test worker] WARN  n.f.d.b.controller.UserController - Get current user failed - no authentication
2026-01-16 18:33:34.461 [Test worker] DEBUG org.hibernate.SQL - select r1_0.id,r1_0.name from role r1_0 where r1_0.name=?
2026-01-16 18:33:34.463 [Test worker] DEBUG org.hibernate.SQL - insert into role (name) values (?)
2026-01-16 18:33:34.535 [Test worker] DEBUG org.hibernate.SQL - insert into app_user (avatar_id,background_id,created_at,email,name,password,role_id,username) values (?,?,?,?,?,?,?,?)
2026-01-16 18:33:34.539 [Test worker] DEBUG org.hibernate.SQL - insert into avatar (active,image_path,name) values (?,?,?)
2026-01-16 18:33:34.541 [Test worker] DEBUG org.hibernate.SQL - insert into background (active,image_path,name) values (?,?,?)
2026-01-16 18:33:34.545 [Test worker] DEBUG org.hibernate.SQL - select u1_0.id,u1_0.avatar_id,u1_0.background_id,u1_0.created_at,u1_0.email,u1_0.name,u1_0.password,u1_0.role_id,u1_0.username from app_user u1_0 where u1_0.email=?
2026-01-16 18:33:34.550 [Test worker] DEBUG org.hibernate.SQL - select u1_0.id,u1_0.avatar_id,u1_0.background_id,u1_0.created_at,u1_0.email,u1_0.name,u1_0.password,u1_0.role_id,u1_0.username from app_user u1_0 where u1_0.email=?
2026-01-16 18:33:34.573 [Test worker] INFO  n.f.d.b.controller.UserController - Avatar change request - username: test@test.com, avatarName: avatar1
2026-01-16 18:33:34.575 [Test worker] DEBUG org.hibernate.SQL - select u1_0.id,u1_0.avatar_id,u1_0.background_id,u1_0.created_at,u1_0.email,u1_0.name,u1_0.password,u1_0.role_id,u1_0.username from app_user u1_0 where u1_0.email=?
2026-01-16 18:33:34.579 [Test worker] DEBUG org.hibernate.SQL - select a1_0.id,a1_0.active,a1_0.image_path,a1_0.name from avatar a1_0 where upper(a1_0.name)=upper(?) and a1_0.active
2026-01-16 18:33:34.583 [Test worker] INFO  n.f.db3.backend.service.UserService - Avatar changed successfully - userId: 8142, avatarName: avatar1
2026-01-16 18:33:34.583 [Test worker] INFO  n.f.d.b.controller.UserController - Avatar changed successfully - userId: 8142, avatarName: avatar1
2026-01-16 18:33:34.594 [Test worker] DEBUG org.hibernate.SQL - select r1_0.id,r1_0.name from role r1_0 where r1_0.name=?
2026-01-16 18:33:34.596 [Test worker] DEBUG org.hibernate.SQL - insert into role (name) values (?)
2026-01-16 18:33:34.664 [Test worker] DEBUG org.hibernate.SQL - insert into app_user (avatar_id,background_id,created_at,email,name,password,role_id,username) values (?,?,?,?,?,?,?,?)
2026-01-16 18:33:34.667 [Test worker] DEBUG org.hibernate.SQL - insert into avatar (active,image_path,name) values (?,?,?)
2026-01-16 18:33:34.669 [Test worker] DEBUG org.hibernate.SQL - insert into background (active,image_path,name) values (?,?,?)
2026-01-16 18:33:34.671 [Test worker] DEBUG org.hibernate.SQL - select u1_0.id,u1_0.avatar_id,u1_0.background_id,u1_0.created_at,u1_0.email,u1_0.name,u1_0.password,u1_0.role_id,u1_0.username from app_user u1_0 where u1_0.email=?
2026-01-16 18:33:34.676 [Test worker] DEBUG org.hibernate.SQL - select u1_0.id,u1_0.avatar_id,u1_0.background_id,u1_0.created_at,u1_0.email,u1_0.name,u1_0.password,u1_0.role_id,u1_0.username from app_user u1_0 where u1_0.email=?
2026-01-16 18:33:34.746 [Test worker] DEBUG org.hibernate.SQL - select u1_0.id,u1_0.avatar_id,u1_0.background_id,u1_0.created_at,u1_0.email,u1_0.name,u1_0.password,u1_0.role_id,u1_0.username from app_user u1_0 where u1_0.email=?
2026-01-16 18:33:34.748 [Test worker] INFO  n.f.d.b.controller.UserController - User logged in successfully - userId: 8143, username: testuser, email: test@test.com
2026-01-16 18:33:34.757 [Test worker] DEBUG org.hibernate.SQL - select r1_0.id,r1_0.name from role r1_0 where r1_0.name=?
2026-01-16 18:33:34.759 [Test worker] DEBUG org.hibernate.SQL - insert into role (name) values (?)
2026-01-16 18:33:34.827 [Test worker] DEBUG org.hibernate.SQL - insert into app_user (avatar_id,background_id,created_at,email,name,password,role_id,username) values (?,?,?,?,?,?,?,?)
2026-01-16 18:33:34.830 [Test worker] DEBUG org.hibernate.SQL - insert into avatar (active,image_path,name) values (?,?,?)
2026-01-16 18:33:34.831 [Test worker] DEBUG org.hibernate.SQL - insert into background (active,image_path,name) values (?,?,?)
2026-01-16 18:33:34.833 [Test worker] DEBUG org.hibernate.SQL - select u1_0.id,u1_0.avatar_id,u1_0.background_id,u1_0.created_at,u1_0.email,u1_0.name,u1_0.password,u1_0.role_id,u1_0.username from app_user u1_0 where u1_0.email=?
2026-01-16 18:33:34.840 [Test worker] INFO  n.f.d.b.controller.UserController - User registration attempt - username: newuser, email: newuser@test.com
2026-01-16 18:33:34.840 [Test worker] DEBUG org.hibernate.SQL - select u1_0.id from app_user u1_0 where u1_0.username=? fetch first ? rows only
2026-01-16 18:33:34.842 [Test worker] DEBUG org.hibernate.SQL - select u1_0.id from app_user u1_0 where u1_0.email=? fetch first ? rows only
2026-01-16 18:33:34.844 [Test worker] DEBUG org.hibernate.SQL - select r1_0.id,r1_0.name from role r1_0 where r1_0.name=?
2026-01-16 18:33:34.905 [Test worker] DEBUG org.hibernate.SQL - insert into app_user (avatar_id,background_id,created_at,email,name,password,role_id,username) values (?,?,?,?,?,?,?,?)
2026-01-16 18:33:34.907 [Test worker] INFO  n.f.db3.backend.service.UserService - User created successfully - userId: 8145, username: newuser, email: newuser@test.com
2026-01-16 18:33:34.907 [Test worker] INFO  n.f.d.b.controller.UserController - User registered successfully - userId: 8145, username: newuser, email: newuser@test.com
2026-01-16 18:33:34.915 [Test worker] DEBUG org.hibernate.SQL - select r1_0.id,r1_0.name from role r1_0 where r1_0.name=?
2026-01-16 18:33:34.917 [Test worker] DEBUG org.hibernate.SQL - insert into role (name) values (?)
2026-01-16 18:33:34.977 [Test worker] DEBUG org.hibernate.SQL - insert into app_user (avatar_id,background_id,created_at,email,name,password,role_id,username) values (?,?,?,?,?,?,?,?)
2026-01-16 18:33:34.980 [Test worker] DEBUG org.hibernate.SQL - insert into avatar (active,image_path,name) values (?,?,?)
2026-01-16 18:33:34.981 [Test worker] DEBUG org.hibernate.SQL - insert into background (active,image_path,name) values (?,?,?)
2026-01-16 18:33:34.983 [Test worker] DEBUG org.hibernate.SQL - select u1_0.id,u1_0.avatar_id,u1_0.background_id,u1_0.created_at,u1_0.email,u1_0.name,u1_0.password,u1_0.role_id,u1_0.username from app_user u1_0 where u1_0.email=?
2026-01-16 18:33:34.987 [Test worker] INFO  n.f.d.b.controller.UserController - User registration attempt - username: anotheruser, email: test@test.com
2026-01-16 18:33:34.988 [Test worker] DEBUG org.hibernate.SQL - select u1_0.id from app_user u1_0 where u1_0.username=? fetch first ? rows only
2026-01-16 18:33:34.989 [Test worker] DEBUG org.hibernate.SQL - select u1_0.id from app_user u1_0 where u1_0.email=? fetch first ? rows only
2026-01-16 18:33:34.990 [Test worker] WARN  n.f.db3.backend.service.UserService - User creation failed - email already exists: test@test.com
2026-01-16 18:33:34.990 [Test worker] WARN  n.f.d.b.controller.UserController - User registration failed - username: anotheruser, email: test@test.com, reason: Email already exists
2026-01-16 18:33:34.990 [Test worker] WARN  n.f.d.b.e.GlobalExceptionHandler - Bad request - message: Email already exists
2026-01-16 18:33:34.998 [Test worker] DEBUG org.hibernate.SQL - select r1_0.id,r1_0.name from role r1_0 where r1_0.name=?
2026-01-16 18:33:35.000 [Test worker] DEBUG org.hibernate.SQL - insert into role (name) values (?)
2026-01-16 18:33:35.057 [Test worker] DEBUG org.hibernate.SQL - insert into app_user (avatar_id,background_id,created_at,email,name,password,role_id,username) values (?,?,?,?,?,?,?,?)
2026-01-16 18:33:35.060 [Test worker] DEBUG org.hibernate.SQL - insert into avatar (active,image_path,name) values (?,?,?)
2026-01-16 18:33:35.062 [Test worker] DEBUG org.hibernate.SQL - insert into background (active,image_path,name) values (?,?,?)
2026-01-16 18:33:35.064 [Test worker] DEBUG org.hibernate.SQL - select u1_0.id,u1_0.avatar_id,u1_0.background_id,u1_0.created_at,u1_0.email,u1_0.name,u1_0.password,u1_0.role_id,u1_0.username from app_user u1_0 where u1_0.email=?
2026-01-16 18:33:35.073 [Test worker] DEBUG org.hibernate.SQL - select r1_0.id,r1_0.name from role r1_0 where r1_0.name=?
2026-01-16 18:33:35.075 [Test worker] DEBUG org.hibernate.SQL - insert into role (name) values (?)
2026-01-16 18:33:35.133 [Test worker] DEBUG org.hibernate.SQL - insert into app_user (avatar_id,background_id,created_at,email,name,password,role_id,username) values (?,?,?,?,?,?,?,?)
2026-01-16 18:33:35.136 [Test worker] DEBUG org.hibernate.SQL - insert into avatar (active,image_path,name) values (?,?,?)
2026-01-16 18:33:35.138 [Test worker] DEBUG org.hibernate.SQL - insert into background (active,image_path,name) values (?,?,?)
2026-01-16 18:33:35.140 [Test worker] DEBUG org.hibernate.SQL - select u1_0.id,u1_0.avatar_id,u1_0.background_id,u1_0.created_at,u1_0.email,u1_0.name,u1_0.password,u1_0.role_id,u1_0.username from app_user u1_0 where u1_0.email=?
2026-01-16 18:33:35.145 [Test worker] DEBUG org.hibernate.SQL - select u1_0.id,u1_0.avatar_id,u1_0.background_id,u1_0.created_at,u1_0.email,u1_0.name,u1_0.password,u1_0.role_id,u1_0.username from app_user u1_0 where u1_0.email=?
2026-01-16 18:33:35.151 [Test worker] INFO  n.f.d.b.controller.UserController - Background change request - username: test@test.com, backgroundName: bg1
2026-01-16 18:33:35.152 [Test worker] DEBUG org.hibernate.SQL - select u1_0.id,u1_0.avatar_id,u1_0.background_id,u1_0.created_at,u1_0.email,u1_0.name,u1_0.password,u1_0.role_id,u1_0.username from app_user u1_0 where u1_0.email=?
2026-01-16 18:33:35.156 [Test worker] DEBUG org.hibernate.SQL - select b1_0.id,b1_0.active,b1_0.image_path,b1_0.name from background b1_0 where upper(b1_0.name)=upper(?) and b1_0.active
2026-01-16 18:33:35.157 [Test worker] INFO  n.f.db3.backend.service.UserService - Background changed successfully - userId: 8148, backgroundName: bg1
2026-01-16 18:33:35.157 [Test worker] INFO  n.f.d.b.controller.UserController - Background changed successfully - userId: 8148, backgroundName: bg1
2026-01-16 18:33:35.166 [Test worker] DEBUG org.hibernate.SQL - select r1_0.id,r1_0.name from role r1_0 where r1_0.name=?
2026-01-16 18:33:35.169 [Test worker] DEBUG org.hibernate.SQL - insert into role (name) values (?)
2026-01-16 18:33:35.229 [Test worker] DEBUG org.hibernate.SQL - insert into app_user (avatar_id,background_id,created_at,email,name,password,role_id,username) values (?,?,?,?,?,?,?,?)
2026-01-16 18:33:35.232 [Test worker] DEBUG org.hibernate.SQL - insert into avatar (active,image_path,name) values (?,?,?)
2026-01-16 18:33:35.233 [Test worker] DEBUG org.hibernate.SQL - insert into background (active,image_path,name) values (?,?,?)
2026-01-16 18:33:35.235 [Test worker] DEBUG org.hibernate.SQL - select u1_0.id,u1_0.avatar_id,u1_0.background_id,u1_0.created_at,u1_0.email,u1_0.name,u1_0.password,u1_0.role_id,u1_0.username from app_user u1_0 where u1_0.email=?
2026-01-16 18:33:35.239 [Test worker] DEBUG org.hibernate.SQL - select u1_0.id,u1_0.avatar_id,u1_0.background_id,u1_0.created_at,u1_0.email,u1_0.name,u1_0.password,u1_0.role_id,u1_0.username from app_user u1_0 where u1_0.email=?
2026-01-16 18:33:35.241 [Test worker] INFO  n.f.d.b.controller.UserController - User update request - username: test@test.com, fields: name=true, username=true, email=true, passwordChange=true
2026-01-16 18:33:35.243 [Test worker] DEBUG org.hibernate.SQL - select u1_0.id,u1_0.avatar_id,u1_0.background_id,u1_0.created_at,u1_0.email,u1_0.name,u1_0.password,u1_0.role_id,u1_0.username from app_user u1_0 where u1_0.email=?
2026-01-16 18:33:35.245 [Test worker] INFO  n.f.db3.backend.service.UserService - User updated successfully - userId: 8149, username: testuser
2026-01-16 18:33:35.245 [Test worker] INFO  n.f.d.b.controller.UserController - User updated successfully - userId: 8149, username: testuser
2026-01-16 18:33:35.253 [Test worker] DEBUG org.hibernate.SQL - select r1_0.id,r1_0.name from role r1_0 where r1_0.name=?
2026-01-16 18:33:35.254 [Test worker] DEBUG org.hibernate.SQL - insert into role (name) values (?)
2026-01-16 18:33:35.314 [Test worker] DEBUG org.hibernate.SQL - insert into app_user (avatar_id,background_id,created_at,email,name,password,role_id,username) values (?,?,?,?,?,?,?,?)
2026-01-16 18:33:35.317 [Test worker] DEBUG org.hibernate.SQL - insert into avatar (active,image_path,name) values (?,?,?)
2026-01-16 18:33:35.318 [Test worker] DEBUG org.hibernate.SQL - insert into background (active,image_path,name) values (?,?,?)
2026-01-16 18:33:35.321 [Test worker] DEBUG org.hibernate.SQL - select u1_0.id,u1_0.avatar_id,u1_0.background_id,u1_0.created_at,u1_0.email,u1_0.name,u1_0.password,u1_0.role_id,u1_0.username from app_user u1_0 where u1_0.email=?
2026-01-16 18:33:35.325 [Test worker] DEBUG org.hibernate.SQL - select u1_0.id,u1_0.avatar_id,u1_0.background_id,u1_0.created_at,u1_0.email,u1_0.name,u1_0.password,u1_0.role_id,u1_0.username from app_user u1_0 where u1_0.username=?
2026-01-16 18:33:35.336 [Test worker] INFO  o.s.t.c.s.AnnotationConfigContextLoaderUtils - Could not detect default configuration classes for test class [nl.fontys.db3.backend.integration.controller.VoteControllerIT]: VoteControllerIT does not declare any static, non-private, non-final, nested classes annotated with @Configuration.
2026-01-16 18:33:35.337 [Test worker] INFO  o.s.b.t.c.SpringBootTestContextBootstrapper - Found @SpringBootConfiguration nl.fontys.db3.backend.BackendApplication for test class nl.fontys.db3.backend.integration.controller.VoteControllerIT
2026-01-16 18:33:35.342 [Test worker] DEBUG org.hibernate.SQL - select r1_0.id,r1_0.name from role r1_0 where r1_0.name=?
2026-01-16 18:33:35.344 [Test worker] DEBUG org.hibernate.SQL - insert into role (name) values (?)
2026-01-16 18:33:35.403 [Test worker] DEBUG org.hibernate.SQL - insert into app_user (avatar_id,background_id,created_at,email,name,password,role_id,username) values (?,?,?,?,?,?,?,?)
2026-01-16 18:33:35.461 [Test worker] DEBUG org.hibernate.SQL - insert into app_user (avatar_id,background_id,created_at,email,name,password,role_id,username) values (?,?,?,?,?,?,?,?)
2026-01-16 18:33:35.464 [Test worker] DEBUG org.hibernate.SQL - insert into hazard_category (active,icon_path,name) values (?,?,?)
2026-01-16 18:33:35.466 [Test worker] DEBUG org.hibernate.SQL - insert into hazard_report (category_id,created_at,created_by_id,latitude,longitude,status) values (?,?,?,?,?,?)
2026-01-16 18:33:35.468 [Test worker] DEBUG org.hibernate.SQL - select u1_0.id,u1_0.avatar_id,u1_0.background_id,u1_0.created_at,u1_0.email,u1_0.name,u1_0.password,u1_0.role_id,u1_0.username from app_user u1_0 where u1_0.email=?
2026-01-16 18:33:35.473 [Test worker] DEBUG org.hibernate.SQL - select u1_0.id,u1_0.avatar_id,u1_0.background_id,u1_0.created_at,u1_0.email,u1_0.name,u1_0.password,u1_0.role_id,u1_0.username from app_user u1_0 where u1_0.email=?
2026-01-16 18:33:35.475 [Test worker] INFO  n.f.d.b.controller.VoteController - Vote request - email: voter@test.com, hazardId: 1641, voteType: INVALID
2026-01-16 18:33:35.475 [Test worker] WARN  n.f.d.b.controller.VoteController - Invalid vote type - email: voter@test.com, voteType: INVALID
2026-01-16 18:33:35.475 [Test worker] WARN  n.f.d.b.e.GlobalExceptionHandler - Bad request - message: Invalid vote type: INVALID
2026-01-16 18:33:35.483 [Test worker] DEBUG org.hibernate.SQL - select r1_0.id,r1_0.name from role r1_0 where r1_0.name=?
2026-01-16 18:33:35.485 [Test worker] DEBUG org.hibernate.SQL - insert into role (name) values (?)
2026-01-16 18:33:35.541 [Test worker] DEBUG org.hibernate.SQL - insert into app_user (avatar_id,background_id,created_at,email,name,password,role_id,username) values (?,?,?,?,?,?,?,?)
2026-01-16 18:33:35.599 [Test worker] DEBUG org.hibernate.SQL - insert into app_user (avatar_id,background_id,created_at,email,name,password,role_id,username) values (?,?,?,?,?,?,?,?)
2026-01-16 18:33:35.603 [Test worker] DEBUG org.hibernate.SQL - insert into hazard_category (active,icon_path,name) values (?,?,?)
2026-01-16 18:33:35.605 [Test worker] DEBUG org.hibernate.SQL - insert into hazard_report (category_id,created_at,created_by_id,latitude,longitude,status) values (?,?,?,?,?,?)
2026-01-16 18:33:35.607 [Test worker] DEBUG org.hibernate.SQL - select u1_0.id,u1_0.avatar_id,u1_0.background_id,u1_0.created_at,u1_0.email,u1_0.name,u1_0.password,u1_0.role_id,u1_0.username from app_user u1_0 where u1_0.email=?
2026-01-16 18:33:35.610 [Test worker] DEBUG org.hibernate.SQL - insert into vote (created_at,hazard_report_id,user_id,vote_type) values (?,?,?,?)
2026-01-16 18:33:35.665 [Test worker] DEBUG org.hibernate.SQL - insert into app_user (avatar_id,background_id,created_at,email,name,password,role_id,username) values (?,?,?,?,?,?,?,?)
2026-01-16 18:33:35.669 [Test worker] DEBUG org.hibernate.SQL - insert into vote (created_at,hazard_report_id,user_id,vote_type) values (?,?,?,?)
2026-01-16 18:33:35.674 [Test worker] DEBUG org.hibernate.SQL - select count(v1_0.id) from vote v1_0 join hazard_report hr1_0 on hr1_0.id=v1_0.hazard_report_id where hr1_0.id=? and v1_0.vote_type=?
2026-01-16 18:33:35.675 [Test worker] DEBUG org.hibernate.SQL - select count(v1_0.id) from vote v1_0 join hazard_report hr1_0 on hr1_0.id=v1_0.hazard_report_id where hr1_0.id=? and v1_0.vote_type=?
2026-01-16 18:33:35.684 [Test worker] DEBUG org.hibernate.SQL - select r1_0.id,r1_0.name from role r1_0 where r1_0.name=?
2026-01-16 18:33:35.686 [Test worker] DEBUG org.hibernate.SQL - insert into role (name) values (?)
2026-01-16 18:33:35.743 [Test worker] DEBUG org.hibernate.SQL - insert into app_user (avatar_id,background_id,created_at,email,name,password,role_id,username) values (?,?,?,?,?,?,?,?)
2026-01-16 18:33:35.804 [Test worker] DEBUG org.hibernate.SQL - insert into app_user (avatar_id,background_id,created_at,email,name,password,role_id,username) values (?,?,?,?,?,?,?,?)
2026-01-16 18:33:35.807 [Test worker] DEBUG org.hibernate.SQL - insert into hazard_category (active,icon_path,name) values (?,?,?)
2026-01-16 18:33:35.809 [Test worker] DEBUG org.hibernate.SQL - insert into hazard_report (category_id,created_at,created_by_id,latitude,longitude,status) values (?,?,?,?,?,?)
2026-01-16 18:33:35.812 [Test worker] DEBUG org.hibernate.SQL - select u1_0.id,u1_0.avatar_id,u1_0.background_id,u1_0.created_at,u1_0.email,u1_0.name,u1_0.password,u1_0.role_id,u1_0.username from app_user u1_0 where u1_0.email=?
2026-01-16 18:33:35.815 [Test worker] DEBUG org.hibernate.SQL - select u1_0.id,u1_0.avatar_id,u1_0.background_id,u1_0.created_at,u1_0.email,u1_0.name,u1_0.password,u1_0.role_id,u1_0.username from app_user u1_0 where u1_0.email=?
2026-01-16 18:33:35.818 [Test worker] INFO  n.f.d.b.controller.VoteController - Vote request - email: voter@test.com, hazardId: 1643, voteType: UPVOTE
2026-01-16 18:33:35.819 [Test worker] DEBUG org.hibernate.SQL - select u1_0.id,u1_0.avatar_id,u1_0.background_id,u1_0.created_at,u1_0.email,u1_0.name,u1_0.password,u1_0.role_id,u1_0.username from app_user u1_0 where u1_0.email=?
2026-01-16 18:33:35.821 [Test worker] DEBUG org.hibernate.SQL - select v1_0.id from vote v1_0 join hazard_report hr1_0 on hr1_0.id=v1_0.hazard_report_id join app_user u1_0 on u1_0.id=v1_0.user_id where hr1_0.id=? and u1_0.id=? fetch first ? rows only
2026-01-16 18:33:35.822 [Test worker] DEBUG org.hibernate.SQL - insert into vote (created_at,hazard_report_id,user_id,vote_type) values (?,?,?,?)
2026-01-16 18:33:35.825 [Test worker] DEBUG org.hibernate.SQL - select s1_0.id from "statistics" s1_0 join app_user u1_0 on u1_0.id=s1_0.user_id where u1_0.id=? fetch first ? rows only
2026-01-16 18:33:35.827 [Test worker] DEBUG org.hibernate.SQL - insert into "statistics" (total_distance_km,total_hazards_reported,total_trips,total_votes,user_id) values (?,?,?,?,?)
2026-01-16 18:33:35.829 [Test worker] DEBUG org.hibernate.SQL - update "statistics" s1_0 set total_votes=(s1_0.total_votes+1) where s1_0.user_id=?
2026-01-16 18:33:35.830 [Test worker] INFO  n.f.db3.backend.service.VoteService - Vote saved successfully - voteId: 693, userId: 8156, hazardId: 1643, voteType: UPVOTE
2026-01-16 18:33:35.830 [Test worker] INFO  n.f.d.b.controller.VoteController - Vote saved successfully - voteId: 693, email: voter@test.com, hazardId: 1643, voteType: UPVOTE
2026-01-16 18:33:35.839 [Test worker] DEBUG org.hibernate.SQL - select r1_0.id,r1_0.name from role r1_0 where r1_0.name=?
2026-01-16 18:33:35.840 [Test worker] DEBUG org.hibernate.SQL - insert into role (name) values (?)
2026-01-16 18:33:35.898 [Test worker] DEBUG org.hibernate.SQL - insert into app_user (avatar_id,background_id,created_at,email,name,password,role_id,username) values (?,?,?,?,?,?,?,?)
2026-01-16 18:33:35.957 [Test worker] DEBUG org.hibernate.SQL - insert into app_user (avatar_id,background_id,created_at,email,name,password,role_id,username) values (?,?,?,?,?,?,?,?)
2026-01-16 18:33:35.960 [Test worker] DEBUG org.hibernate.SQL - insert into hazard_category (active,icon_path,name) values (?,?,?)
2026-01-16 18:33:35.962 [Test worker] DEBUG org.hibernate.SQL - insert into hazard_report (category_id,created_at,created_by_id,latitude,longitude,status) values (?,?,?,?,?,?)
2026-01-16 18:33:35.965 [Test worker] DEBUG org.hibernate.SQL - select u1_0.id,u1_0.avatar_id,u1_0.background_id,u1_0.created_at,u1_0.email,u1_0.name,u1_0.password,u1_0.role_id,u1_0.username from app_user u1_0 where u1_0.email=?
2026-01-16 18:33:35.970 [Test worker] DEBUG org.hibernate.SQL - select u1_0.id,u1_0.avatar_id,u1_0.background_id,u1_0.created_at,u1_0.email,u1_0.name,u1_0.password,u1_0.role_id,u1_0.username from app_user u1_0 where u1_0.email=?
2026-01-16 18:33:35.973 [Test worker] DEBUG org.hibernate.SQL - select u1_0.id,u1_0.avatar_id,u1_0.background_id,u1_0.created_at,u1_0.email,u1_0.name,u1_0.password,u1_0.role_id,u1_0.username from app_user u1_0 where u1_0.email=?
2026-01-16 18:33:35.976 [Test worker] DEBUG org.hibernate.SQL - select v1_0.id,v1_0.created_at,v1_0.hazard_report_id,v1_0.user_id,v1_0.vote_type from vote v1_0 join hazard_report hr1_0 on hr1_0.id=v1_0.hazard_report_id join app_user u1_0 on u1_0.id=v1_0.user_id where hr1_0.id=? and u1_0.id=?
2026-01-16 18:33:35.985 [Test worker] DEBUG org.hibernate.SQL - select r1_0.id,r1_0.name from role r1_0 where r1_0.name=?
2026-01-16 18:33:35.988 [Test worker] DEBUG org.hibernate.SQL - insert into role (name) values (?)
2026-01-16 18:33:36.045 [Test worker] DEBUG org.hibernate.SQL - insert into app_user (avatar_id,background_id,created_at,email,name,password,role_id,username) values (?,?,?,?,?,?,?,?)
2026-01-16 18:33:36.102 [Test worker] DEBUG org.hibernate.SQL - insert into app_user (avatar_id,background_id,created_at,email,name,password,role_id,username) values (?,?,?,?,?,?,?,?)
2026-01-16 18:33:36.104 [Test worker] DEBUG org.hibernate.SQL - insert into hazard_category (active,icon_path,name) values (?,?,?)
2026-01-16 18:33:36.106 [Test worker] DEBUG org.hibernate.SQL - insert into hazard_report (category_id,created_at,created_by_id,latitude,longitude,status) values (?,?,?,?,?,?)
2026-01-16 18:33:36.108 [Test worker] DEBUG org.hibernate.SQL - select u1_0.id,u1_0.avatar_id,u1_0.background_id,u1_0.created_at,u1_0.email,u1_0.name,u1_0.password,u1_0.role_id,u1_0.username from app_user u1_0 where u1_0.email=?
2026-01-16 18:33:36.112 [Test worker] DEBUG org.hibernate.SQL - select u1_0.id,u1_0.avatar_id,u1_0.background_id,u1_0.created_at,u1_0.email,u1_0.name,u1_0.password,u1_0.role_id,u1_0.username from app_user u1_0 where u1_0.email=?
2026-01-16 18:33:36.115 [Test worker] INFO  n.f.d.b.controller.VoteController - Vote request - email: voter@test.com, hazardId: 1645, voteType: DOWNVOTE
2026-01-16 18:33:36.116 [Test worker] DEBUG org.hibernate.SQL - select u1_0.id,u1_0.avatar_id,u1_0.background_id,u1_0.created_at,u1_0.email,u1_0.name,u1_0.password,u1_0.role_id,u1_0.username from app_user u1_0 where u1_0.email=?
2026-01-16 18:33:36.118 [Test worker] DEBUG org.hibernate.SQL - select v1_0.id from vote v1_0 join hazard_report hr1_0 on hr1_0.id=v1_0.hazard_report_id join app_user u1_0 on u1_0.id=v1_0.user_id where hr1_0.id=? and u1_0.id=? fetch first ? rows only
2026-01-16 18:33:36.120 [Test worker] DEBUG org.hibernate.SQL - insert into vote (created_at,hazard_report_id,user_id,vote_type) values (?,?,?,?)
2026-01-16 18:33:36.122 [Test worker] DEBUG org.hibernate.SQL - select s1_0.id from "statistics" s1_0 join app_user u1_0 on u1_0.id=s1_0.user_id where u1_0.id=? fetch first ? rows only
2026-01-16 18:33:36.123 [Test worker] DEBUG org.hibernate.SQL - insert into "statistics" (total_distance_km,total_hazards_reported,total_trips,total_votes,user_id) values (?,?,?,?,?)
2026-01-16 18:33:36.125 [Test worker] DEBUG org.hibernate.SQL - update "statistics" s1_0 set total_votes=(s1_0.total_votes+1) where s1_0.user_id=?
2026-01-16 18:33:36.127 [Test worker] INFO  n.f.db3.backend.service.VoteService - Vote saved successfully - voteId: 694, userId: 8160, hazardId: 1645, voteType: DOWNVOTE
2026-01-16 18:33:36.127 [Test worker] INFO  n.f.d.b.controller.VoteController - Vote saved successfully - voteId: 694, email: voter@test.com, hazardId: 1645, voteType: DOWNVOTE
2026-01-16 18:33:36.133 [Test worker] DEBUG org.hibernate.SQL - select r1_0.id,r1_0.name from role r1_0 where r1_0.name=?
2026-01-16 18:33:36.135 [Test worker] DEBUG org.hibernate.SQL - insert into role (name) values (?)
2026-01-16 18:33:36.190 [Test worker] DEBUG org.hibernate.SQL - insert into app_user (avatar_id,background_id,created_at,email,name,password,role_id,username) values (?,?,?,?,?,?,?,?)
2026-01-16 18:33:36.248 [Test worker] DEBUG org.hibernate.SQL - insert into app_user (avatar_id,background_id,created_at,email,name,password,role_id,username) values (?,?,?,?,?,?,?,?)
2026-01-16 18:33:36.250 [Test worker] DEBUG org.hibernate.SQL - insert into hazard_category (active,icon_path,name) values (?,?,?)
2026-01-16 18:33:36.252 [Test worker] DEBUG org.hibernate.SQL - insert into hazard_report (category_id,created_at,created_by_id,latitude,longitude,status) values (?,?,?,?,?,?)
2026-01-16 18:33:36.254 [Test worker] DEBUG org.hibernate.SQL - select u1_0.id,u1_0.avatar_id,u1_0.background_id,u1_0.created_at,u1_0.email,u1_0.name,u1_0.password,u1_0.role_id,u1_0.username from app_user u1_0 where u1_0.email=?
2026-01-16 18:33:36.264 [Test worker] DEBUG org.hibernate.SQL - select r1_0.id,r1_0.name from role r1_0 where r1_0.name=?
2026-01-16 18:33:36.265 [Test worker] DEBUG org.hibernate.SQL - insert into role (name) values (?)
2026-01-16 18:33:36.323 [Test worker] DEBUG org.hibernate.SQL - insert into app_user (avatar_id,background_id,created_at,email,name,password,role_id,username) values (?,?,?,?,?,?,?,?)
2026-01-16 18:33:36.380 [Test worker] DEBUG org.hibernate.SQL - insert into app_user (avatar_id,background_id,created_at,email,name,password,role_id,username) values (?,?,?,?,?,?,?,?)
2026-01-16 18:33:36.383 [Test worker] DEBUG org.hibernate.SQL - insert into hazard_category (active,icon_path,name) values (?,?,?)
2026-01-16 18:33:36.384 [Test worker] DEBUG org.hibernate.SQL - insert into hazard_report (category_id,created_at,created_by_id,latitude,longitude,status) values (?,?,?,?,?,?)
2026-01-16 18:33:36.387 [Test worker] DEBUG org.hibernate.SQL - select u1_0.id,u1_0.avatar_id,u1_0.background_id,u1_0.created_at,u1_0.email,u1_0.name,u1_0.password,u1_0.role_id,u1_0.username from app_user u1_0 where u1_0.email=?
2026-01-16 18:33:36.389 [Test worker] DEBUG org.hibernate.SQL - insert into vote (created_at,hazard_report_id,user_id,vote_type) values (?,?,?,?)
2026-01-16 18:33:36.392 [Test worker] DEBUG org.hibernate.SQL - select u1_0.id,u1_0.avatar_id,u1_0.background_id,u1_0.created_at,u1_0.email,u1_0.name,u1_0.password,u1_0.role_id,u1_0.username from app_user u1_0 where u1_0.email=?
2026-01-16 18:33:36.396 [Test worker] DEBUG org.hibernate.SQL - select v1_0.id,v1_0.created_at,v1_0.hazard_report_id,v1_0.user_id,v1_0.vote_type from vote v1_0
2026-01-16 18:33:36.405 [Test worker] DEBUG org.hibernate.SQL - select r1_0.id,r1_0.name from role r1_0 where r1_0.name=?
2026-01-16 18:33:36.407 [Test worker] DEBUG org.hibernate.SQL - insert into role (name) values (?)
2026-01-16 18:33:36.462 [Test worker] DEBUG org.hibernate.SQL - insert into app_user (avatar_id,background_id,created_at,email,name,password,role_id,username) values (?,?,?,?,?,?,?,?)
2026-01-16 18:33:36.519 [Test worker] DEBUG org.hibernate.SQL - insert into app_user (avatar_id,background_id,created_at,email,name,password,role_id,username) values (?,?,?,?,?,?,?,?)
2026-01-16 18:33:36.522 [Test worker] DEBUG org.hibernate.SQL - insert into hazard_category (active,icon_path,name) values (?,?,?)
2026-01-16 18:33:36.523 [Test worker] DEBUG org.hibernate.SQL - insert into hazard_report (category_id,created_at,created_by_id,latitude,longitude,status) values (?,?,?,?,?,?)
2026-01-16 18:33:36.525 [Test worker] DEBUG org.hibernate.SQL - select u1_0.id,u1_0.avatar_id,u1_0.background_id,u1_0.created_at,u1_0.email,u1_0.name,u1_0.password,u1_0.role_id,u1_0.username from app_user u1_0 where u1_0.email=?
2026-01-16 18:33:36.528 [Test worker] DEBUG org.hibernate.SQL - insert into vote (created_at,hazard_report_id,user_id,vote_type) values (?,?,?,?)
2026-01-16 18:33:36.531 [Test worker] DEBUG org.hibernate.SQL - select u1_0.id,u1_0.avatar_id,u1_0.background_id,u1_0.created_at,u1_0.email,u1_0.name,u1_0.password,u1_0.role_id,u1_0.username from app_user u1_0 where u1_0.email=?
2026-01-16 18:33:36.535 [Test worker] DEBUG org.hibernate.SQL - select u1_0.id,u1_0.avatar_id,u1_0.background_id,u1_0.created_at,u1_0.email,u1_0.name,u1_0.password,u1_0.role_id,u1_0.username from app_user u1_0 where u1_0.email=?
2026-01-16 18:33:36.537 [Test worker] DEBUG org.hibernate.SQL - select v1_0.id,v1_0.created_at,v1_0.hazard_report_id,v1_0.user_id,v1_0.vote_type from vote v1_0 join hazard_report hr1_0 on hr1_0.id=v1_0.hazard_report_id join app_user u1_0 on u1_0.id=v1_0.user_id where hr1_0.id=? and u1_0.id=?
2026-01-16 18:33:36.545 [Test worker] INFO  o.s.t.c.s.AnnotationConfigContextLoaderUtils - Could not detect default configuration classes for test class [nl.fontys.db3.backend.integration.repository.AvatarRepositoryIT]: AvatarRepositoryIT does not declare any static, non-private, non-final, nested classes annotated with @Configuration.
2026-01-16 18:33:36.562 [Test worker] INFO  o.s.b.t.c.SpringBootTestContextBootstrapper - Found @SpringBootConfiguration nl.fontys.db3.backend.BackendApplication for test class nl.fontys.db3.backend.integration.repository.AvatarRepositoryIT
2026-01-16 18:33:36.589 [Test worker] INFO  n.f.d.b.i.r.AvatarRepositoryIT - Starting AvatarRepositoryIT using Java 21.0.9 with PID 50960 (started by Oscar in C:\Users\Oscar\source\repos\individual-project-s3\backend)
2026-01-16 18:33:36.590 [Test worker] INFO  n.f.d.b.i.r.AvatarRepositoryIT - The following 1 profile is active: "test"
2026-01-16 18:33:36.739 [Test worker] INFO  o.s.d.r.c.RepositoryConfigurationDelegate - Bootstrapping Spring Data JPA repositories in DEFAULT mode.
2026-01-16 18:33:36.792 [Test worker] INFO  o.s.d.r.c.RepositoryConfigurationDelegate - Finished Spring Data repository scanning in 51 ms. Found 14 JPA repository interfaces.
2026-01-16 18:33:36.873 [Test worker] INFO  com.zaxxer.hikari.HikariDataSource - HikariPool-2 - Starting...
2026-01-16 18:33:36.905 [Test worker] INFO  com.zaxxer.hikari.pool.HikariPool - HikariPool-2 - Added connection org.postgresql.jdbc.PgConnection@3e667a7
2026-01-16 18:33:36.905 [Test worker] INFO  com.zaxxer.hikari.HikariDataSource - HikariPool-2 - Start completed.
2026-01-16 18:33:36.907 [Test worker] INFO  org.flywaydb.core.FlywayExecutor - Database: jdbc:postgresql://localhost:5432/testdb (PostgreSQL 16.11)
2026-01-16 18:33:36.940 [Test worker] INFO  o.f.core.internal.command.DbValidate - Successfully validated 3 migrations (execution time 00:00.015s)
2026-01-16 18:33:36.974 [Test worker] INFO  o.f.core.internal.command.DbMigrate - Current version of schema "public": 3
2026-01-16 18:33:36.975 [Test worker] INFO  o.f.core.internal.command.DbMigrate - Schema "public" is up to date. No migration necessary.
2026-01-16 18:33:37.027 [Test worker] INFO  o.s.o.j.p.SpringPersistenceUnitInfo - No LoadTimeWeaver setup: ignoring JPA class transformer
2026-01-16 18:33:37.035 [Test worker] WARN  org.hibernate.orm.deprecation - HHH90000025: PostgreSQLDialect does not need to be specified explicitly using 'hibernate.dialect' (remove the property setting and it will be selected by default)
2026-01-16 18:33:37.246 [Test worker] INFO  o.s.o.j.LocalContainerEntityManagerFactoryBean - Initialized JPA EntityManagerFactory for persistence unit 'default'
2026-01-16 18:33:37.524 [Test worker] INFO  n.f.d.b.i.r.AvatarRepositoryIT - Started AvatarRepositoryIT in 0.959 seconds (process running for 28.902)
2026-01-16 18:33:37.532 [Test worker] DEBUG org.hibernate.SQL - select a1_0.id,a1_0.active,a1_0.image_path,a1_0.name from avatar a1_0
2026-01-16 18:33:37.538 [Test worker] DEBUG org.hibernate.SQL - insert into avatar (active,image_path,name) values (?,?,?)
2026-01-16 18:33:37.540 [Test worker] DEBUG org.hibernate.SQL - insert into avatar (active,image_path,name) values (?,?,?)
2026-01-16 18:33:37.544 [Test worker] DEBUG org.hibernate.SQL - insert into avatar (active,image_path,name) values (?,?,?)
2026-01-16 18:33:37.548 [Test worker] DEBUG org.hibernate.SQL - select a1_0.id,a1_0.active,a1_0.image_path,a1_0.name from avatar a1_0 where a1_0.active order by a1_0.name
2026-01-16 18:33:37.561 [Test worker] DEBUG org.hibernate.SQL - select a1_0.id,a1_0.active,a1_0.image_path,a1_0.name from avatar a1_0
2026-01-16 18:33:37.565 [Test worker] DEBUG org.hibernate.SQL - select a1_0.id from avatar a1_0 where a1_0.name=? fetch first ? rows only
2026-01-16 18:33:37.579 [Test worker] DEBUG org.hibernate.SQL - select a1_0.id,a1_0.active,a1_0.image_path,a1_0.name from avatar a1_0
2026-01-16 18:33:37.581 [Test worker] DEBUG org.hibernate.SQL - insert into avatar (active,image_path,name) values (?,?,?)
2026-01-16 18:33:37.586 [Test worker] DEBUG org.hibernate.SQL - select a1_0.id,a1_0.active,a1_0.image_path,a1_0.name from avatar a1_0 where upper(a1_0.name)=upper(?) and a1_0.active
2026-01-16 18:33:37.595 [Test worker] DEBUG org.hibernate.SQL - select a1_0.id,a1_0.active,a1_0.image_path,a1_0.name from avatar a1_0
2026-01-16 18:33:37.598 [Test worker] DEBUG org.hibernate.SQL - insert into avatar (active,image_path,name) values (?,?,?)
2026-01-16 18:33:37.600 [Test worker] DEBUG org.hibernate.SQL - select a1_0.id from avatar a1_0 where a1_0.image_path=? fetch first ? rows only
2026-01-16 18:33:37.610 [Test worker] DEBUG org.hibernate.SQL - select a1_0.id,a1_0.active,a1_0.image_path,a1_0.name from avatar a1_0
2026-01-16 18:33:37.612 [Test worker] DEBUG org.hibernate.SQL - insert into avatar (active,image_path,name) values (?,?,?)
2026-01-16 18:33:37.615 [Test worker] DEBUG org.hibernate.SQL - insert into avatar (active,image_path,name) values (?,?,?)
2026-01-16 18:33:37.635 [Test worker] WARN  o.h.e.jdbc.spi.SqlExceptionHelper - SQL Error: 0, SQLState: 23505
2026-01-16 18:33:37.636 [Test worker] ERROR o.h.e.jdbc.spi.SqlExceptionHelper - ERROR: duplicate key value violates unique constraint "uq_avatar_image_path"
  Detail: Key (image_path)=(avatars/same.png) already exists.
2026-01-16 18:33:37.662 [Test worker] DEBUG org.hibernate.SQL - select a1_0.id,a1_0.active,a1_0.image_path,a1_0.name from avatar a1_0
2026-01-16 18:33:37.665 [Test worker] DEBUG org.hibernate.SQL - select a1_0.id from avatar a1_0 where a1_0.image_path=? fetch first ? rows only
2026-01-16 18:33:37.673 [Test worker] DEBUG org.hibernate.SQL - select a1_0.id,a1_0.active,a1_0.image_path,a1_0.name from avatar a1_0
2026-01-16 18:33:37.676 [Test worker] DEBUG org.hibernate.SQL - insert into avatar (active,image_path,name) values (?,?,?)
2026-01-16 18:33:37.680 [Test worker] DEBUG org.hibernate.SQL - select a1_0.id from avatar a1_0 where a1_0.name=? fetch first ? rows only
2026-01-16 18:33:37.688 [Test worker] DEBUG org.hibernate.SQL - select a1_0.id,a1_0.active,a1_0.image_path,a1_0.name from avatar a1_0
2026-01-16 18:33:37.691 [Test worker] DEBUG org.hibernate.SQL - insert into avatar (active,image_path,name) values (?,?,?)
2026-01-16 18:33:37.694 [Test worker] DEBUG org.hibernate.SQL - insert into avatar (active,image_path,name) values (?,?,?)
2026-01-16 18:33:37.696 [Test worker] WARN  o.h.e.jdbc.spi.SqlExceptionHelper - SQL Error: 0, SQLState: 23505
2026-01-16 18:33:37.696 [Test worker] ERROR o.h.e.jdbc.spi.SqlExceptionHelper - ERROR: duplicate key value violates unique constraint "uq_avatar_name"
  Detail: Key (name)=(Duplicate) already exists.
2026-01-16 18:33:37.703 [Test worker] DEBUG org.hibernate.SQL - select a1_0.id,a1_0.active,a1_0.image_path,a1_0.name from avatar a1_0
2026-01-16 18:33:37.705 [Test worker] DEBUG org.hibernate.SQL - insert into avatar (active,image_path,name) values (?,?,?)
2026-01-16 18:33:37.708 [Test worker] DEBUG org.hibernate.SQL - select a1_0.id,a1_0.active,a1_0.image_path,a1_0.name from avatar a1_0 where upper(a1_0.name)=upper(?) and a1_0.active
2026-01-16 18:33:37.719 [Test worker] DEBUG org.hibernate.SQL - select a1_0.id,a1_0.active,a1_0.image_path,a1_0.name from avatar a1_0
2026-01-16 18:33:37.721 [Test worker] DEBUG org.hibernate.SQL - insert into avatar (active,image_path,name) values (?,?,?)
2026-01-16 18:33:37.729 [Test worker] INFO  o.s.t.c.s.AnnotationConfigContextLoaderUtils - Could not detect default configuration classes for test class [nl.fontys.db3.backend.integration.repository.BackgroundRepositoryIT]: BackgroundRepositoryIT does not declare any static, non-private, non-final, nested classes annotated with @Configuration.
2026-01-16 18:33:37.739 [Test worker] INFO  o.s.b.t.c.SpringBootTestContextBootstrapper - Found @SpringBootConfiguration nl.fontys.db3.backend.BackendApplication for test class nl.fontys.db3.backend.integration.repository.BackgroundRepositoryIT
2026-01-16 18:33:37.744 [Test worker] DEBUG org.hibernate.SQL - select b1_0.id,b1_0.active,b1_0.image_path,b1_0.name from background b1_0
2026-01-16 18:33:37.748 [Test worker] DEBUG org.hibernate.SQL - insert into background (active,image_path,name) values (?,?,?)
2026-01-16 18:33:37.749 [Test worker] DEBUG org.hibernate.SQL - insert into background (active,image_path,name) values (?,?,?)
2026-01-16 18:33:37.752 [Test worker] DEBUG org.hibernate.SQL - insert into background (active,image_path,name) values (?,?,?)
2026-01-16 18:33:37.754 [Test worker] DEBUG org.hibernate.SQL - select b1_0.id,b1_0.active,b1_0.image_path,b1_0.name from background b1_0 where b1_0.active order by b1_0.name
2026-01-16 18:33:37.764 [Test worker] DEBUG org.hibernate.SQL - select b1_0.id,b1_0.active,b1_0.image_path,b1_0.name from background b1_0
2026-01-16 18:33:37.767 [Test worker] DEBUG org.hibernate.SQL - select b1_0.id from background b1_0 where b1_0.name=? fetch first ? rows only
2026-01-16 18:33:37.773 [Test worker] DEBUG org.hibernate.SQL - select b1_0.id,b1_0.active,b1_0.image_path,b1_0.name from background b1_0
2026-01-16 18:33:37.775 [Test worker] DEBUG org.hibernate.SQL - insert into background (active,image_path,name) values (?,?,?)
2026-01-16 18:33:37.778 [Test worker] DEBUG org.hibernate.SQL - select b1_0.id,b1_0.active,b1_0.image_path,b1_0.name from background b1_0 where upper(b1_0.name)=upper(?) and b1_0.active
2026-01-16 18:33:37.789 [Test worker] DEBUG org.hibernate.SQL - select b1_0.id,b1_0.active,b1_0.image_path,b1_0.name from background b1_0
2026-01-16 18:33:37.791 [Test worker] DEBUG org.hibernate.SQL - insert into background (active,image_path,name) values (?,?,?)
2026-01-16 18:33:37.795 [Test worker] DEBUG org.hibernate.SQL - select b1_0.id from background b1_0 where b1_0.image_path=? fetch first ? rows only
2026-01-16 18:33:37.804 [Test worker] DEBUG org.hibernate.SQL - select b1_0.id,b1_0.active,b1_0.image_path,b1_0.name from background b1_0
2026-01-16 18:33:37.807 [Test worker] DEBUG org.hibernate.SQL - select b1_0.id from background b1_0 where b1_0.image_path=? fetch first ? rows only
2026-01-16 18:33:37.814 [Test worker] DEBUG org.hibernate.SQL - select b1_0.id,b1_0.active,b1_0.image_path,b1_0.name from background b1_0
2026-01-16 18:33:37.817 [Test worker] DEBUG org.hibernate.SQL - insert into background (active,image_path,name) values (?,?,?)
2026-01-16 18:33:37.819 [Test worker] DEBUG org.hibernate.SQL - select b1_0.id from background b1_0 where b1_0.name=? fetch first ? rows only
2026-01-16 18:33:37.827 [Test worker] DEBUG org.hibernate.SQL - select b1_0.id,b1_0.active,b1_0.image_path,b1_0.name from background b1_0
2026-01-16 18:33:37.831 [Test worker] DEBUG org.hibernate.SQL - insert into background (active,image_path,name) values (?,?,?)
2026-01-16 18:33:37.836 [Test worker] DEBUG org.hibernate.SQL - select b1_0.id,b1_0.active,b1_0.image_path,b1_0.name from background b1_0 where upper(b1_0.name)=upper(?) and b1_0.active
2026-01-16 18:33:37.844 [Test worker] DEBUG org.hibernate.SQL - select b1_0.id,b1_0.active,b1_0.image_path,b1_0.name from background b1_0
2026-01-16 18:33:37.847 [Test worker] DEBUG org.hibernate.SQL - insert into background (active,image_path,name) values (?,?,?)
2026-01-16 18:33:37.854 [Test worker] INFO  o.s.t.c.s.AnnotationConfigContextLoaderUtils - Could not detect default configuration classes for test class [nl.fontys.db3.backend.integration.repository.DeviceOwnershipRepositoryIT]: DeviceOwnershipRepositoryIT does not declare any static, non-private, non-final, nested classes annotated with @Configuration.
2026-01-16 18:33:37.866 [Test worker] INFO  o.s.b.t.c.SpringBootTestContextBootstrapper - Found @SpringBootConfiguration nl.fontys.db3.backend.BackendApplication for test class nl.fontys.db3.backend.integration.repository.DeviceOwnershipRepositoryIT
2026-01-16 18:33:37.872 [Test worker] DEBUG org.hibernate.SQL - select do1_0.id,do1_0.active,do1_0.created_at,do1_0.device_id,do1_0.notes,do1_0.transferred_at,do1_0.user_id from device_ownership do1_0
2026-01-16 18:33:37.876 [Test worker] DEBUG org.hibernate.SQL - select u1_0.id,u1_0.avatar_id,u1_0.background_id,u1_0.created_at,u1_0.email,u1_0.name,u1_0.password,u1_0.role_id,u1_0.username from app_user u1_0
2026-01-16 18:33:37.879 [Test worker] DEBUG org.hibernate.SQL - select r1_0.id,r1_0.name from role r1_0
2026-01-16 18:33:37.881 [Test worker] DEBUG org.hibernate.SQL - insert into role (name) values (?)
2026-01-16 18:33:37.884 [Test worker] DEBUG org.hibernate.SQL - insert into app_user (avatar_id,background_id,created_at,email,name,password,role_id,username) values (?,?,?,?,?,?,?,?)
2026-01-16 18:33:37.886 [Test worker] DEBUG org.hibernate.SQL - insert into app_user (avatar_id,background_id,created_at,email,name,password,role_id,username) values (?,?,?,?,?,?,?,?)
2026-01-16 18:33:37.889 [Test worker] DEBUG org.hibernate.SQL - insert into device_ownership (active,created_at,device_id,notes,transferred_at,user_id) values (?,?,?,?,?,?)
2026-01-16 18:33:37.893 [Test worker] DEBUG org.hibernate.SQL - select do1_0.id,do1_0.active,do1_0.created_at,do1_0.device_id,do1_0.notes,do1_0.transferred_at,do1_0.user_id from device_ownership do1_0 where do1_0.device_id=? and do1_0.active
2026-01-16 18:33:37.905 [Test worker] DEBUG org.hibernate.SQL - select do1_0.id,do1_0.active,do1_0.created_at,do1_0.device_id,do1_0.notes,do1_0.transferred_at,do1_0.user_id from device_ownership do1_0
2026-01-16 18:33:37.907 [Test worker] DEBUG org.hibernate.SQL - select u1_0.id,u1_0.avatar_id,u1_0.background_id,u1_0.created_at,u1_0.email,u1_0.name,u1_0.password,u1_0.role_id,u1_0.username from app_user u1_0
2026-01-16 18:33:37.909 [Test worker] DEBUG org.hibernate.SQL - select r1_0.id,r1_0.name from role r1_0
2026-01-16 18:33:37.911 [Test worker] DEBUG org.hibernate.SQL - insert into role (name) values (?)
2026-01-16 18:33:37.913 [Test worker] DEBUG org.hibernate.SQL - insert into app_user (avatar_id,background_id,created_at,email,name,password,role_id,username) values (?,?,?,?,?,?,?,?)
2026-01-16 18:33:37.914 [Test worker] DEBUG org.hibernate.SQL - insert into app_user (avatar_id,background_id,created_at,email,name,password,role_id,username) values (?,?,?,?,?,?,?,?)
2026-01-16 18:33:37.917 [Test worker] DEBUG org.hibernate.SQL - insert into device_ownership (active,created_at,device_id,notes,transferred_at,user_id) values (?,?,?,?,?,?)
2026-01-16 18:33:37.919 [Test worker] DEBUG org.hibernate.SQL - insert into device_ownership (active,created_at,device_id,notes,transferred_at,user_id) values (?,?,?,?,?,?)
2026-01-16 18:33:37.922 [Test worker] DEBUG org.hibernate.SQL - select do1_0.id,do1_0.active,do1_0.created_at,do1_0.device_id,do1_0.notes,do1_0.transferred_at,do1_0.user_id from device_ownership do1_0 where do1_0.device_id=? order by do1_0.created_at desc
2026-01-16 18:33:37.930 [Test worker] DEBUG org.hibernate.SQL - select do1_0.id,do1_0.active,do1_0.created_at,do1_0.device_id,do1_0.notes,do1_0.transferred_at,do1_0.user_id from device_ownership do1_0
2026-01-16 18:33:37.933 [Test worker] DEBUG org.hibernate.SQL - select u1_0.id,u1_0.avatar_id,u1_0.background_id,u1_0.created_at,u1_0.email,u1_0.name,u1_0.password,u1_0.role_id,u1_0.username from app_user u1_0
2026-01-16 18:33:37.934 [Test worker] DEBUG org.hibernate.SQL - select r1_0.id,r1_0.name from role r1_0
2026-01-16 18:33:37.936 [Test worker] DEBUG org.hibernate.SQL - insert into role (name) values (?)
2026-01-16 18:33:37.938 [Test worker] DEBUG org.hibernate.SQL - insert into app_user (avatar_id,background_id,created_at,email,name,password,role_id,username) values (?,?,?,?,?,?,?,?)
2026-01-16 18:33:37.940 [Test worker] DEBUG org.hibernate.SQL - insert into app_user (avatar_id,background_id,created_at,email,name,password,role_id,username) values (?,?,?,?,?,?,?,?)
2026-01-16 18:33:37.942 [Test worker] DEBUG org.hibernate.SQL - insert into device_ownership (active,created_at,device_id,notes,transferred_at,user_id) values (?,?,?,?,?,?)
2026-01-16 18:33:37.945 [Test worker] DEBUG org.hibernate.SQL - select do1_0.id,do1_0.active,do1_0.created_at,do1_0.device_id,do1_0.notes,do1_0.transferred_at,do1_0.user_id from device_ownership do1_0 where do1_0.device_id=? and do1_0.active
2026-01-16 18:33:37.951 [Test worker] DEBUG org.hibernate.SQL - select do1_0.id,do1_0.active,do1_0.created_at,do1_0.device_id,do1_0.notes,do1_0.transferred_at,do1_0.user_id from device_ownership do1_0
2026-01-16 18:33:37.954 [Test worker] DEBUG org.hibernate.SQL - select u1_0.id,u1_0.avatar_id,u1_0.background_id,u1_0.created_at,u1_0.email,u1_0.name,u1_0.password,u1_0.role_id,u1_0.username from app_user u1_0
2026-01-16 18:33:37.955 [Test worker] DEBUG org.hibernate.SQL - select r1_0.id,r1_0.name from role r1_0
2026-01-16 18:33:37.956 [Test worker] DEBUG org.hibernate.SQL - insert into role (name) values (?)
2026-01-16 18:33:37.958 [Test worker] DEBUG org.hibernate.SQL - insert into app_user (avatar_id,background_id,created_at,email,name,password,role_id,username) values (?,?,?,?,?,?,?,?)
2026-01-16 18:33:37.960 [Test worker] DEBUG org.hibernate.SQL - insert into app_user (avatar_id,background_id,created_at,email,name,password,role_id,username) values (?,?,?,?,?,?,?,?)
2026-01-16 18:33:37.963 [Test worker] DEBUG org.hibernate.SQL - insert into device_ownership (active,created_at,device_id,notes,transferred_at,user_id) values (?,?,?,?,?,?)
2026-01-16 18:33:37.965 [Test worker] DEBUG org.hibernate.SQL - insert into device_ownership (active,created_at,device_id,notes,transferred_at,user_id) values (?,?,?,?,?,?)
2026-01-16 18:33:37.967 [Test worker] DEBUG org.hibernate.SQL - insert into device_ownership (active,created_at,device_id,notes,transferred_at,user_id) values (?,?,?,?,?,?)
2026-01-16 18:33:37.970 [Test worker] DEBUG org.hibernate.SQL - select do1_0.id,do1_0.active,do1_0.created_at,do1_0.device_id,do1_0.notes,do1_0.transferred_at,do1_0.user_id from device_ownership do1_0 left join app_user u1_0 on u1_0.id=do1_0.user_id where u1_0.id=? and do1_0.active
2026-01-16 18:33:37.978 [Test worker] DEBUG org.hibernate.SQL - select do1_0.id,do1_0.active,do1_0.created_at,do1_0.device_id,do1_0.notes,do1_0.transferred_at,do1_0.user_id from device_ownership do1_0
2026-01-16 18:33:37.980 [Test worker] DEBUG org.hibernate.SQL - select u1_0.id,u1_0.avatar_id,u1_0.background_id,u1_0.created_at,u1_0.email,u1_0.name,u1_0.password,u1_0.role_id,u1_0.username from app_user u1_0
2026-01-16 18:33:37.982 [Test worker] DEBUG org.hibernate.SQL - select r1_0.id,r1_0.name from role r1_0
2026-01-16 18:33:37.983 [Test worker] DEBUG org.hibernate.SQL - insert into role (name) values (?)
2026-01-16 18:33:37.985 [Test worker] DEBUG org.hibernate.SQL - insert into app_user (avatar_id,background_id,created_at,email,name,password,role_id,username) values (?,?,?,?,?,?,?,?)
2026-01-16 18:33:37.988 [Test worker] DEBUG org.hibernate.SQL - insert into app_user (avatar_id,background_id,created_at,email,name,password,role_id,username) values (?,?,?,?,?,?,?,?)
2026-01-16 18:33:37.990 [Test worker] DEBUG org.hibernate.SQL - insert into device_ownership (active,created_at,device_id,notes,transferred_at,user_id) values (?,?,?,?,?,?)
2026-01-16 18:33:37.993 [Test worker] DEBUG org.hibernate.SQL - insert into device_ownership (active,created_at,device_id,notes,transferred_at,user_id) values (?,?,?,?,?,?)
2026-01-16 18:33:37.996 [Test worker] DEBUG org.hibernate.SQL - select do1_0.id,do1_0.active,do1_0.created_at,do1_0.device_id,do1_0.notes,do1_0.transferred_at,do1_0.user_id from device_ownership do1_0 left join app_user u1_0 on u1_0.id=do1_0.user_id where u1_0.id=? order by do1_0.created_at desc
2026-01-16 18:33:38.003 [Test worker] DEBUG org.hibernate.SQL - select do1_0.id,do1_0.active,do1_0.created_at,do1_0.device_id,do1_0.notes,do1_0.transferred_at,do1_0.user_id from device_ownership do1_0
2026-01-16 18:33:38.005 [Test worker] DEBUG org.hibernate.SQL - select u1_0.id,u1_0.avatar_id,u1_0.background_id,u1_0.created_at,u1_0.email,u1_0.name,u1_0.password,u1_0.role_id,u1_0.username from app_user u1_0
2026-01-16 18:33:38.007 [Test worker] DEBUG org.hibernate.SQL - select r1_0.id,r1_0.name from role r1_0
2026-01-16 18:33:38.008 [Test worker] DEBUG org.hibernate.SQL - insert into role (name) values (?)
2026-01-16 18:33:38.010 [Test worker] DEBUG org.hibernate.SQL - insert into app_user (avatar_id,background_id,created_at,email,name,password,role_id,username) values (?,?,?,?,?,?,?,?)
2026-01-16 18:33:38.012 [Test worker] DEBUG org.hibernate.SQL - insert into app_user (avatar_id,background_id,created_at,email,name,password,role_id,username) values (?,?,?,?,?,?,?,?)
2026-01-16 18:33:38.015 [Test worker] DEBUG org.hibernate.SQL - insert into device_ownership (active,created_at,device_id,notes,transferred_at,user_id) values (?,?,?,?,?,?)
2026-01-16 18:33:38.018 [Test worker] DEBUG org.hibernate.SQL - update device_ownership set active=?,created_at=?,device_id=?,notes=?,transferred_at=?,user_id=? where id=?
2026-01-16 18:33:38.020 [Test worker] DEBUG org.hibernate.SQL - insert into device_ownership (active,created_at,device_id,notes,transferred_at,user_id) values (?,?,?,?,?,?)
2026-01-16 18:33:38.023 [Test worker] DEBUG org.hibernate.SQL - select do1_0.id,do1_0.active,do1_0.created_at,do1_0.device_id,do1_0.notes,do1_0.transferred_at,do1_0.user_id from device_ownership do1_0 where do1_0.device_id=? and do1_0.active
2026-01-16 18:33:38.029 [Test worker] DEBUG org.hibernate.SQL - select do1_0.id,do1_0.active,do1_0.created_at,do1_0.device_id,do1_0.notes,do1_0.transferred_at,do1_0.user_id from device_ownership do1_0
2026-01-16 18:33:38.030 [Test worker] DEBUG org.hibernate.SQL - select u1_0.id,u1_0.avatar_id,u1_0.background_id,u1_0.created_at,u1_0.email,u1_0.name,u1_0.password,u1_0.role_id,u1_0.username from app_user u1_0
2026-01-16 18:33:38.031 [Test worker] DEBUG org.hibernate.SQL - select r1_0.id,r1_0.name from role r1_0
2026-01-16 18:33:38.033 [Test worker] DEBUG org.hibernate.SQL - insert into role (name) values (?)
2026-01-16 18:33:38.036 [Test worker] DEBUG org.hibernate.SQL - insert into app_user (avatar_id,background_id,created_at,email,name,password,role_id,username) values (?,?,?,?,?,?,?,?)
2026-01-16 18:33:38.038 [Test worker] DEBUG org.hibernate.SQL - insert into app_user (avatar_id,background_id,created_at,email,name,password,role_id,username) values (?,?,?,?,?,?,?,?)
2026-01-16 18:33:38.041 [Test worker] DEBUG org.hibernate.SQL - insert into device_ownership (active,created_at,device_id,notes,transferred_at,user_id) values (?,?,?,?,?,?)
2026-01-16 18:33:38.047 [Test worker] INFO  o.s.t.c.s.AnnotationConfigContextLoaderUtils - Could not detect default configuration classes for test class [nl.fontys.db3.backend.integration.repository.DeviceRepositoryIT]: DeviceRepositoryIT does not declare any static, non-private, non-final, nested classes annotated with @Configuration.
2026-01-16 18:33:38.056 [Test worker] INFO  o.s.b.t.c.SpringBootTestContextBootstrapper - Found @SpringBootConfiguration nl.fontys.db3.backend.BackendApplication for test class nl.fontys.db3.backend.integration.repository.DeviceRepositoryIT
2026-01-16 18:33:38.060 [Test worker] DEBUG org.hibernate.SQL - select d1_0.id,d1_0.active,d1_0.api_key_hash,d1_0.created_at,d1_0.description,d1_0.device_id,d1_0.device_type,d1_0.firmware_version,d1_0.last_seen_at from device d1_0
2026-01-16 18:33:38.063 [Test worker] DEBUG org.hibernate.SQL - insert into device (active,api_key_hash,created_at,description,device_id,device_type,firmware_version,last_seen_at) values (?,?,?,?,?,?,?,?)
2026-01-16 18:33:38.066 [Test worker] DEBUG org.hibernate.SQL - select d1_0.id,d1_0.active,d1_0.api_key_hash,d1_0.created_at,d1_0.description,d1_0.device_id,d1_0.device_type,d1_0.firmware_version,d1_0.last_seen_at from device d1_0 where d1_0.device_id=? and d1_0.active
2026-01-16 18:33:38.073 [Test worker] DEBUG org.hibernate.SQL - select d1_0.id,d1_0.active,d1_0.api_key_hash,d1_0.created_at,d1_0.description,d1_0.device_id,d1_0.device_type,d1_0.firmware_version,d1_0.last_seen_at from device d1_0
2026-01-16 18:33:38.075 [Test worker] DEBUG org.hibernate.SQL - select d1_0.id,d1_0.active,d1_0.api_key_hash,d1_0.created_at,d1_0.description,d1_0.device_id,d1_0.device_type,d1_0.firmware_version,d1_0.last_seen_at from device d1_0 where d1_0.device_id=?
2026-01-16 18:33:38.083 [Test worker] DEBUG org.hibernate.SQL - select d1_0.id,d1_0.active,d1_0.api_key_hash,d1_0.created_at,d1_0.description,d1_0.device_id,d1_0.device_type,d1_0.firmware_version,d1_0.last_seen_at from device d1_0
2026-01-16 18:33:38.085 [Test worker] DEBUG org.hibernate.SQL - insert into device (active,api_key_hash,created_at,description,device_id,device_type,firmware_version,last_seen_at) values (?,?,?,?,?,?,?,?)
2026-01-16 18:33:38.089 [Test worker] DEBUG org.hibernate.SQL - select d1_0.id,d1_0.active,d1_0.api_key_hash,d1_0.created_at,d1_0.description,d1_0.device_id,d1_0.device_type,d1_0.firmware_version,d1_0.last_seen_at from device d1_0 where d1_0.device_id=?
2026-01-16 18:33:38.095 [Test worker] DEBUG org.hibernate.SQL - select d1_0.id,d1_0.active,d1_0.api_key_hash,d1_0.created_at,d1_0.description,d1_0.device_id,d1_0.device_type,d1_0.firmware_version,d1_0.last_seen_at from device d1_0
2026-01-16 18:33:38.097 [Test worker] DEBUG org.hibernate.SQL - insert into device (active,api_key_hash,created_at,description,device_id,device_type,firmware_version,last_seen_at) values (?,?,?,?,?,?,?,?)
2026-01-16 18:33:38.102 [Test worker] DEBUG org.hibernate.SQL - select d1_0.id,d1_0.active,d1_0.api_key_hash,d1_0.created_at,d1_0.description,d1_0.device_id,d1_0.device_type,d1_0.firmware_version,d1_0.last_seen_at from device d1_0 where d1_0.api_key_hash=? and d1_0.active
2026-01-16 18:33:38.108 [Test worker] DEBUG org.hibernate.SQL - select d1_0.id,d1_0.active,d1_0.api_key_hash,d1_0.created_at,d1_0.description,d1_0.device_id,d1_0.device_type,d1_0.firmware_version,d1_0.last_seen_at from device d1_0
2026-01-16 18:33:38.111 [Test worker] DEBUG org.hibernate.SQL - insert into device (active,api_key_hash,created_at,description,device_id,device_type,firmware_version,last_seen_at) values (?,?,?,?,?,?,?,?)
2026-01-16 18:33:38.114 [Test worker] DEBUG org.hibernate.SQL - select d1_0.id,d1_0.active,d1_0.api_key_hash,d1_0.created_at,d1_0.description,d1_0.device_id,d1_0.device_type,d1_0.firmware_version,d1_0.last_seen_at from device d1_0 where d1_0.api_key_hash=?
2026-01-16 18:33:38.120 [Test worker] DEBUG org.hibernate.SQL - select d1_0.id,d1_0.active,d1_0.api_key_hash,d1_0.created_at,d1_0.description,d1_0.device_id,d1_0.device_type,d1_0.firmware_version,d1_0.last_seen_at from device d1_0
2026-01-16 18:33:38.122 [Test worker] DEBUG org.hibernate.SQL - insert into device (active,api_key_hash,created_at,description,device_id,device_type,firmware_version,last_seen_at) values (?,?,?,?,?,?,?,?)
2026-01-16 18:33:38.125 [Test worker] DEBUG org.hibernate.SQL - update device set active=?,api_key_hash=?,created_at=?,description=?,device_id=?,device_type=?,firmware_version=?,last_seen_at=? where id=?
2026-01-16 18:33:38.127 [Test worker] DEBUG org.hibernate.SQL - select d1_0.id,d1_0.active,d1_0.api_key_hash,d1_0.created_at,d1_0.description,d1_0.device_id,d1_0.device_type,d1_0.firmware_version,d1_0.last_seen_at from device d1_0 where d1_0.device_id=? and d1_0.active
2026-01-16 18:33:38.132 [Test worker] DEBUG org.hibernate.SQL - select d1_0.id,d1_0.active,d1_0.api_key_hash,d1_0.created_at,d1_0.description,d1_0.device_id,d1_0.device_type,d1_0.firmware_version,d1_0.last_seen_at from device d1_0
2026-01-16 18:33:38.133 [Test worker] DEBUG org.hibernate.SQL - insert into device (active,api_key_hash,created_at,description,device_id,device_type,firmware_version,last_seen_at) values (?,?,?,?,?,?,?,?)
2026-01-16 18:33:38.136 [Test worker] DEBUG org.hibernate.SQL - select d1_0.id,d1_0.active,d1_0.api_key_hash,d1_0.created_at,d1_0.description,d1_0.device_id,d1_0.device_type,d1_0.firmware_version,d1_0.last_seen_at from device d1_0 where d1_0.api_key_hash=? and d1_0.active
2026-01-16 18:33:38.142 [Test worker] DEBUG org.hibernate.SQL - select d1_0.id,d1_0.active,d1_0.api_key_hash,d1_0.created_at,d1_0.description,d1_0.device_id,d1_0.device_type,d1_0.firmware_version,d1_0.last_seen_at from device d1_0
2026-01-16 18:33:38.144 [Test worker] DEBUG org.hibernate.SQL - insert into device (active,api_key_hash,created_at,description,device_id,device_type,firmware_version,last_seen_at) values (?,?,?,?,?,?,?,?)
2026-01-16 18:33:38.150 [Test worker] DEBUG org.hibernate.SQL - select d1_0.id,d1_0.active,d1_0.api_key_hash,d1_0.created_at,d1_0.description,d1_0.device_id,d1_0.device_type,d1_0.firmware_version,d1_0.last_seen_at from device d1_0
2026-01-16 18:33:38.151 [Test worker] DEBUG org.hibernate.SQL - insert into device (active,api_key_hash,created_at,description,device_id,device_type,firmware_version,last_seen_at) values (?,?,?,?,?,?,?,?)
2026-01-16 18:33:38.154 [Test worker] DEBUG org.hibernate.SQL - select d1_0.id,d1_0.active,d1_0.api_key_hash,d1_0.created_at,d1_0.description,d1_0.device_id,d1_0.device_type,d1_0.firmware_version,d1_0.last_seen_at from device d1_0 where d1_0.device_id=? and d1_0.active
2026-01-16 18:33:38.159 [Test worker] DEBUG org.hibernate.SQL - select d1_0.id,d1_0.active,d1_0.api_key_hash,d1_0.created_at,d1_0.description,d1_0.device_id,d1_0.device_type,d1_0.firmware_version,d1_0.last_seen_at from device d1_0
2026-01-16 18:33:38.161 [Test worker] DEBUG org.hibernate.SQL - insert into device (active,api_key_hash,created_at,description,device_id,device_type,firmware_version,last_seen_at) values (?,?,?,?,?,?,?,?)
2026-01-16 18:33:38.163 [Test worker] DEBUG org.hibernate.SQL - insert into device (active,api_key_hash,created_at,description,device_id,device_type,firmware_version,last_seen_at) values (?,?,?,?,?,?,?,?)
2026-01-16 18:33:38.165 [Test worker] WARN  o.h.e.jdbc.spi.SqlExceptionHelper - SQL Error: 0, SQLState: 23505
2026-01-16 18:33:38.165 [Test worker] ERROR o.h.e.jdbc.spi.SqlExceptionHelper - ERROR: duplicate key value violates unique constraint "uq_device_api_key_hash"
  Detail: Key (api_key_hash)=(same-hash) already exists.
2026-01-16 18:33:38.171 [Test worker] DEBUG org.hibernate.SQL - select d1_0.id,d1_0.active,d1_0.api_key_hash,d1_0.created_at,d1_0.description,d1_0.device_id,d1_0.device_type,d1_0.firmware_version,d1_0.last_seen_at from device d1_0
2026-01-16 18:33:38.174 [Test worker] DEBUG org.hibernate.SQL - insert into device (active,api_key_hash,created_at,description,device_id,device_type,firmware_version,last_seen_at) values (?,?,?,?,?,?,?,?)
2026-01-16 18:33:38.185 [Test worker] DEBUG org.hibernate.SQL - select d1_0.id,d1_0.active,d1_0.api_key_hash,d1_0.created_at,d1_0.description,d1_0.device_id,d1_0.device_type,d1_0.firmware_version,d1_0.last_seen_at from device d1_0
2026-01-16 18:33:38.188 [Test worker] DEBUG org.hibernate.SQL - insert into device (active,api_key_hash,created_at,description,device_id,device_type,firmware_version,last_seen_at) values (?,?,?,?,?,?,?,?)
2026-01-16 18:33:38.191 [Test worker] DEBUG org.hibernate.SQL - insert into device (active,api_key_hash,created_at,description,device_id,device_type,firmware_version,last_seen_at) values (?,?,?,?,?,?,?,?)
2026-01-16 18:33:38.194 [Test worker] WARN  o.h.e.jdbc.spi.SqlExceptionHelper - SQL Error: 0, SQLState: 23505
2026-01-16 18:33:38.194 [Test worker] ERROR o.h.e.jdbc.spi.SqlExceptionHelper - ERROR: duplicate key value violates unique constraint "uq_device_device_id"
  Detail: Key (device_id)=(ESP32-UNIQUE) already exists.
2026-01-16 18:33:38.199 [Test worker] INFO  o.s.t.c.s.AnnotationConfigContextLoaderUtils - Could not detect default configuration classes for test class [nl.fontys.db3.backend.integration.repository.FriendshipRepositoryIT]: FriendshipRepositoryIT does not declare any static, non-private, non-final, nested classes annotated with @Configuration.
2026-01-16 18:33:38.210 [Test worker] INFO  o.s.b.t.c.SpringBootTestContextBootstrapper - Found @SpringBootConfiguration nl.fontys.db3.backend.BackendApplication for test class nl.fontys.db3.backend.integration.repository.FriendshipRepositoryIT
2026-01-16 18:33:38.214 [Test worker] DEBUG org.hibernate.SQL - select f1_0.id,f1_0.addressee_id,f1_0.created_at,f1_0.requester_id,f1_0.status from friendship f1_0
2026-01-16 18:33:38.217 [Test worker] DEBUG org.hibernate.SQL - select u1_0.id,u1_0.avatar_id,u1_0.background_id,u1_0.created_at,u1_0.email,u1_0.name,u1_0.password,u1_0.role_id,u1_0.username from app_user u1_0
2026-01-16 18:33:38.220 [Test worker] DEBUG org.hibernate.SQL - select r1_0.id,r1_0.name from role r1_0
2026-01-16 18:33:38.221 [Test worker] DEBUG org.hibernate.SQL - insert into role (name) values (?)
2026-01-16 18:33:38.223 [Test worker] DEBUG org.hibernate.SQL - insert into app_user (avatar_id,background_id,created_at,email,name,password,role_id,username) values (?,?,?,?,?,?,?,?)
2026-01-16 18:33:38.226 [Test worker] DEBUG org.hibernate.SQL - insert into app_user (avatar_id,background_id,created_at,email,name,password,role_id,username) values (?,?,?,?,?,?,?,?)
2026-01-16 18:33:38.229 [Test worker] DEBUG org.hibernate.SQL - insert into app_user (avatar_id,background_id,created_at,email,name,password,role_id,username) values (?,?,?,?,?,?,?,?)
2026-01-16 18:33:38.232 [Test worker] DEBUG org.hibernate.SQL - insert into friendship (addressee_id,created_at,requester_id,status) values (?,?,?,?)
2026-01-16 18:33:38.234 [Test worker] DEBUG org.hibernate.SQL - insert into friendship (addressee_id,created_at,requester_id,status) values (?,?,?,?)
2026-01-16 18:33:38.238 [Test worker] DEBUG org.hibernate.SQL - select f1_0.id,f1_0.addressee_id,f1_0.created_at,f1_0.requester_id,f1_0.status from friendship f1_0 join app_user r1_0 on r1_0.id=f1_0.requester_id join app_user a1_0 on a1_0.id=f1_0.addressee_id where f1_0.status=? and r1_0.id=? or f1_0.status=? and a1_0.id=?
2026-01-16 18:33:38.244 [Test worker] DEBUG org.hibernate.SQL - select f1_0.id,f1_0.addressee_id,f1_0.created_at,f1_0.requester_id,f1_0.status from friendship f1_0
2026-01-16 18:33:38.246 [Test worker] DEBUG org.hibernate.SQL - select u1_0.id,u1_0.avatar_id,u1_0.background_id,u1_0.created_at,u1_0.email,u1_0.name,u1_0.password,u1_0.role_id,u1_0.username from app_user u1_0
2026-01-16 18:33:38.247 [Test worker] DEBUG org.hibernate.SQL - select r1_0.id,r1_0.name from role r1_0
2026-01-16 18:33:38.249 [Test worker] DEBUG org.hibernate.SQL - insert into role (name) values (?)
2026-01-16 18:33:38.250 [Test worker] DEBUG org.hibernate.SQL - insert into app_user (avatar_id,background_id,created_at,email,name,password,role_id,username) values (?,?,?,?,?,?,?,?)
2026-01-16 18:33:38.252 [Test worker] DEBUG org.hibernate.SQL - insert into app_user (avatar_id,background_id,created_at,email,name,password,role_id,username) values (?,?,?,?,?,?,?,?)
2026-01-16 18:33:38.254 [Test worker] DEBUG org.hibernate.SQL - insert into app_user (avatar_id,background_id,created_at,email,name,password,role_id,username) values (?,?,?,?,?,?,?,?)
2026-01-16 18:33:38.261 [Test worker] DEBUG org.hibernate.SQL - select f1_0.id,f1_0.addressee_id,f1_0.created_at,f1_0.requester_id,f1_0.status from friendship f1_0 where (f1_0.requester_id=? and f1_0.addressee_id=?) or (f1_0.requester_id=? and f1_0.addressee_id=?)
2026-01-16 18:33:38.267 [Test worker] DEBUG org.hibernate.SQL - select f1_0.id,f1_0.addressee_id,f1_0.created_at,f1_0.requester_id,f1_0.status from friendship f1_0
2026-01-16 18:33:38.269 [Test worker] DEBUG org.hibernate.SQL - select u1_0.id,u1_0.avatar_id,u1_0.background_id,u1_0.created_at,u1_0.email,u1_0.name,u1_0.password,u1_0.role_id,u1_0.username from app_user u1_0
2026-01-16 18:33:38.270 [Test worker] DEBUG org.hibernate.SQL - select r1_0.id,r1_0.name from role r1_0
2026-01-16 18:33:38.271 [Test worker] DEBUG org.hibernate.SQL - insert into role (name) values (?)
2026-01-16 18:33:38.272 [Test worker] DEBUG org.hibernate.SQL - insert into app_user (avatar_id,background_id,created_at,email,name,password,role_id,username) values (?,?,?,?,?,?,?,?)
2026-01-16 18:33:38.274 [Test worker] DEBUG org.hibernate.SQL - insert into app_user (avatar_id,background_id,created_at,email,name,password,role_id,username) values (?,?,?,?,?,?,?,?)
2026-01-16 18:33:38.276 [Test worker] DEBUG org.hibernate.SQL - insert into app_user (avatar_id,background_id,created_at,email,name,password,role_id,username) values (?,?,?,?,?,?,?,?)
2026-01-16 18:33:38.279 [Test worker] DEBUG org.hibernate.SQL - insert into friendship (addressee_id,created_at,requester_id,status) values (?,?,?,?)
2026-01-16 18:33:38.284 [Test worker] DEBUG org.hibernate.SQL - select f1_0.id,f1_0.addressee_id,f1_0.created_at,f1_0.requester_id,f1_0.status from friendship f1_0
2026-01-16 18:33:38.286 [Test worker] DEBUG org.hibernate.SQL - select u1_0.id,u1_0.avatar_id,u1_0.background_id,u1_0.created_at,u1_0.email,u1_0.name,u1_0.password,u1_0.role_id,u1_0.username from app_user u1_0
2026-01-16 18:33:38.288 [Test worker] DEBUG org.hibernate.SQL - select r1_0.id,r1_0.name from role r1_0
2026-01-16 18:33:38.289 [Test worker] DEBUG org.hibernate.SQL - insert into role (name) values (?)
2026-01-16 18:33:38.290 [Test worker] DEBUG org.hibernate.SQL - insert into app_user (avatar_id,background_id,created_at,email,name,password,role_id,username) values (?,?,?,?,?,?,?,?)
2026-01-16 18:33:38.292 [Test worker] DEBUG org.hibernate.SQL - insert into app_user (avatar_id,background_id,created_at,email,name,password,role_id,username) values (?,?,?,?,?,?,?,?)
2026-01-16 18:33:38.294 [Test worker] DEBUG org.hibernate.SQL - insert into app_user (avatar_id,background_id,created_at,email,name,password,role_id,username) values (?,?,?,?,?,?,?,?)
2026-01-16 18:33:38.296 [Test worker] DEBUG org.hibernate.SQL - insert into friendship (addressee_id,created_at,requester_id,status) values (?,?,?,?)
2026-01-16 18:33:38.298 [Test worker] DEBUG org.hibernate.SQL - insert into friendship (addressee_id,created_at,requester_id,status) values (?,?,?,?)
2026-01-16 18:33:38.301 [Test worker] DEBUG org.hibernate.SQL - select f1_0.id,f1_0.addressee_id,f1_0.created_at,f1_0.requester_id,f1_0.status from friendship f1_0 join app_user r1_0 on r1_0.id=f1_0.requester_id where r1_0.id=? and f1_0.status=?
2026-01-16 18:33:38.306 [Test worker] DEBUG org.hibernate.SQL - select f1_0.id,f1_0.addressee_id,f1_0.created_at,f1_0.requester_id,f1_0.status from friendship f1_0
2026-01-16 18:33:38.309 [Test worker] DEBUG org.hibernate.SQL - select u1_0.id,u1_0.avatar_id,u1_0.background_id,u1_0.created_at,u1_0.email,u1_0.name,u1_0.password,u1_0.role_id,u1_0.username from app_user u1_0
2026-01-16 18:33:38.312 [Test worker] DEBUG org.hibernate.SQL - select r1_0.id,r1_0.name from role r1_0
2026-01-16 18:33:38.313 [Test worker] DEBUG org.hibernate.SQL - insert into role (name) values (?)
2026-01-16 18:33:38.314 [Test worker] DEBUG org.hibernate.SQL - insert into app_user (avatar_id,background_id,created_at,email,name,password,role_id,username) values (?,?,?,?,?,?,?,?)
2026-01-16 18:33:38.317 [Test worker] DEBUG org.hibernate.SQL - insert into app_user (avatar_id,background_id,created_at,email,name,password,role_id,username) values (?,?,?,?,?,?,?,?)
2026-01-16 18:33:38.319 [Test worker] DEBUG org.hibernate.SQL - insert into app_user (avatar_id,background_id,created_at,email,name,password,role_id,username) values (?,?,?,?,?,?,?,?)
2026-01-16 18:33:38.322 [Test worker] DEBUG org.hibernate.SQL - insert into friendship (addressee_id,created_at,requester_id,status) values (?,?,?,?)
2026-01-16 18:33:38.326 [Test worker] DEBUG org.hibernate.SQL - insert into friendship (addressee_id,created_at,requester_id,status) values (?,?,?,?)
2026-01-16 18:33:38.329 [Test worker] DEBUG org.hibernate.SQL - insert into friendship (addressee_id,created_at,requester_id,status) values (?,?,?,?)
2026-01-16 18:33:38.332 [Test worker] DEBUG org.hibernate.SQL - select f1_0.id,f1_0.addressee_id,f1_0.created_at,f1_0.requester_id,f1_0.status from friendship f1_0 join app_user a1_0 on a1_0.id=f1_0.addressee_id where a1_0.id=? and f1_0.status=?
2026-01-16 18:33:38.339 [Test worker] DEBUG org.hibernate.SQL - select f1_0.id,f1_0.addressee_id,f1_0.created_at,f1_0.requester_id,f1_0.status from friendship f1_0
2026-01-16 18:33:38.341 [Test worker] DEBUG org.hibernate.SQL - select u1_0.id,u1_0.avatar_id,u1_0.background_id,u1_0.created_at,u1_0.email,u1_0.name,u1_0.password,u1_0.role_id,u1_0.username from app_user u1_0
2026-01-16 18:33:38.343 [Test worker] DEBUG org.hibernate.SQL - select r1_0.id,r1_0.name from role r1_0
2026-01-16 18:33:38.346 [Test worker] DEBUG org.hibernate.SQL - insert into role (name) values (?)
2026-01-16 18:33:38.348 [Test worker] DEBUG org.hibernate.SQL - insert into app_user (avatar_id,background_id,created_at,email,name,password,role_id,username) values (?,?,?,?,?,?,?,?)
2026-01-16 18:33:38.350 [Test worker] DEBUG org.hibernate.SQL - insert into app_user (avatar_id,background_id,created_at,email,name,password,role_id,username) values (?,?,?,?,?,?,?,?)
2026-01-16 18:33:38.353 [Test worker] DEBUG org.hibernate.SQL - insert into app_user (avatar_id,background_id,created_at,email,name,password,role_id,username) values (?,?,?,?,?,?,?,?)
2026-01-16 18:33:38.356 [Test worker] DEBUG org.hibernate.SQL - insert into friendship (addressee_id,created_at,requester_id,status) values (?,?,?,?)
2026-01-16 18:33:38.358 [Test worker] DEBUG org.hibernate.SQL - select f1_0.id,f1_0.addressee_id,f1_0.created_at,f1_0.requester_id,f1_0.status from friendship f1_0 where (f1_0.requester_id=? and f1_0.addressee_id=?) or (f1_0.requester_id=? and f1_0.addressee_id=?)
2026-01-16 18:33:38.365 [Test worker] DEBUG org.hibernate.SQL - select f1_0.id,f1_0.addressee_id,f1_0.created_at,f1_0.requester_id,f1_0.status from friendship f1_0
2026-01-16 18:33:38.368 [Test worker] DEBUG org.hibernate.SQL - select u1_0.id,u1_0.avatar_id,u1_0.background_id,u1_0.created_at,u1_0.email,u1_0.name,u1_0.password,u1_0.role_id,u1_0.username from app_user u1_0
2026-01-16 18:33:38.370 [Test worker] DEBUG org.hibernate.SQL - select r1_0.id,r1_0.name from role r1_0
2026-01-16 18:33:38.372 [Test worker] DEBUG org.hibernate.SQL - insert into role (name) values (?)
2026-01-16 18:33:38.373 [Test worker] DEBUG org.hibernate.SQL - insert into app_user (avatar_id,background_id,created_at,email,name,password,role_id,username) values (?,?,?,?,?,?,?,?)
2026-01-16 18:33:38.376 [Test worker] DEBUG org.hibernate.SQL - insert into app_user (avatar_id,background_id,created_at,email,name,password,role_id,username) values (?,?,?,?,?,?,?,?)
2026-01-16 18:33:38.380 [Test worker] DEBUG org.hibernate.SQL - insert into app_user (avatar_id,background_id,created_at,email,name,password,role_id,username) values (?,?,?,?,?,?,?,?)
2026-01-16 18:33:38.383 [Test worker] DEBUG org.hibernate.SQL - insert into friendship (addressee_id,created_at,requester_id,status) values (?,?,?,?)
2026-01-16 18:33:38.391 [Test worker] DEBUG org.hibernate.SQL - select f1_0.id,f1_0.addressee_id,f1_0.created_at,f1_0.requester_id,f1_0.status from friendship f1_0
2026-01-16 18:33:38.393 [Test worker] DEBUG org.hibernate.SQL - select u1_0.id,u1_0.avatar_id,u1_0.background_id,u1_0.created_at,u1_0.email,u1_0.name,u1_0.password,u1_0.role_id,u1_0.username from app_user u1_0
2026-01-16 18:33:38.395 [Test worker] DEBUG org.hibernate.SQL - select r1_0.id,r1_0.name from role r1_0
2026-01-16 18:33:38.396 [Test worker] DEBUG org.hibernate.SQL - insert into role (name) values (?)
2026-01-16 18:33:38.397 [Test worker] DEBUG org.hibernate.SQL - insert into app_user (avatar_id,background_id,created_at,email,name,password,role_id,username) values (?,?,?,?,?,?,?,?)
2026-01-16 18:33:38.399 [Test worker] DEBUG org.hibernate.SQL - insert into app_user (avatar_id,background_id,created_at,email,name,password,role_id,username) values (?,?,?,?,?,?,?,?)
2026-01-16 18:33:38.401 [Test worker] DEBUG org.hibernate.SQL - insert into app_user (avatar_id,background_id,created_at,email,name,password,role_id,username) values (?,?,?,?,?,?,?,?)
2026-01-16 18:33:38.405 [Test worker] DEBUG org.hibernate.SQL - insert into friendship (addressee_id,created_at,requester_id,status) values (?,?,?,?)
2026-01-16 18:33:38.407 [Test worker] DEBUG org.hibernate.SQL - select f1_0.id,f1_0.addressee_id,f1_0.created_at,f1_0.requester_id,f1_0.status from friendship f1_0 where (f1_0.requester_id=? and f1_0.addressee_id=?) or (f1_0.requester_id=? and f1_0.addressee_id=?)
2026-01-16 18:33:38.414 [Test worker] INFO  o.s.t.c.s.AnnotationConfigContextLoaderUtils - Could not detect default configuration classes for test class [nl.fontys.db3.backend.integration.repository.HazardCategoryRepositoryIT]: HazardCategoryRepositoryIT does not declare any static, non-private, non-final, nested classes annotated with @Configuration.
2026-01-16 18:33:38.422 [Test worker] INFO  o.s.b.t.c.SpringBootTestContextBootstrapper - Found @SpringBootConfiguration nl.fontys.db3.backend.BackendApplication for test class nl.fontys.db3.backend.integration.repository.HazardCategoryRepositoryIT
2026-01-16 18:33:38.425 [Test worker] DEBUG org.hibernate.SQL - select hc1_0.id,hc1_0.active,hc1_0.icon_path,hc1_0.name from hazard_category hc1_0
2026-01-16 18:33:38.428 [Test worker] DEBUG org.hibernate.SQL - insert into hazard_category (active,icon_path,name) values (?,?,?)
2026-01-16 18:33:38.431 [Test worker] DEBUG org.hibernate.SQL - insert into hazard_category (active,icon_path,name) values (?,?,?)
2026-01-16 18:33:38.438 [Test worker] DEBUG org.hibernate.SQL - select hc1_0.id,hc1_0.active,hc1_0.icon_path,hc1_0.name from hazard_category hc1_0
2026-01-16 18:33:38.440 [Test worker] DEBUG org.hibernate.SQL - insert into hazard_category (active,icon_path,name) values (?,?,?)
2026-01-16 18:33:38.441 [Test worker] DEBUG org.hibernate.SQL - insert into hazard_category (active,icon_path,name) values (?,?,?)
2026-01-16 18:33:38.443 [Test worker] DEBUG org.hibernate.SQL - select hc1_0.id,hc1_0.active,hc1_0.icon_path,hc1_0.name from hazard_category hc1_0
2026-01-16 18:33:38.449 [Test worker] DEBUG org.hibernate.SQL - select hc1_0.id,hc1_0.active,hc1_0.icon_path,hc1_0.name from hazard_category hc1_0
2026-01-16 18:33:38.451 [Test worker] DEBUG org.hibernate.SQL - insert into hazard_category (active,icon_path,name) values (?,?,?)
2026-01-16 18:33:38.457 [Test worker] DEBUG org.hibernate.SQL - select hc1_0.id,hc1_0.active,hc1_0.icon_path,hc1_0.name from hazard_category hc1_0
2026-01-16 18:33:38.465 [Test worker] DEBUG org.hibernate.SQL - insert into hazard_category (active,icon_path,name) values (?,?,?)
2026-01-16 18:33:38.472 [Test worker] INFO  o.s.t.c.s.AnnotationConfigContextLoaderUtils - Could not detect default configuration classes for test class [nl.fontys.db3.backend.integration.repository.HazardReportRepositoryIT]: HazardReportRepositoryIT does not declare any static, non-private, non-final, nested classes annotated with @Configuration.
2026-01-16 18:33:38.481 [Test worker] INFO  o.s.b.t.c.SpringBootTestContextBootstrapper - Found @SpringBootConfiguration nl.fontys.db3.backend.BackendApplication for test class nl.fontys.db3.backend.integration.repository.HazardReportRepositoryIT
2026-01-16 18:33:38.485 [Test worker] DEBUG org.hibernate.SQL - select hr1_0.id,hr1_0.category_id,hr1_0.created_at,hr1_0.created_by_id,hr1_0.latitude,hr1_0.longitude,hr1_0.status from hazard_report hr1_0
2026-01-16 18:33:38.487 [Test worker] DEBUG org.hibernate.SQL - select u1_0.id,u1_0.avatar_id,u1_0.background_id,u1_0.created_at,u1_0.email,u1_0.name,u1_0.password,u1_0.role_id,u1_0.username from app_user u1_0
2026-01-16 18:33:38.488 [Test worker] DEBUG org.hibernate.SQL - select hc1_0.id,hc1_0.active,hc1_0.icon_path,hc1_0.name from hazard_category hc1_0
2026-01-16 18:33:38.489 [Test worker] DEBUG org.hibernate.SQL - select r1_0.id,r1_0.name from role r1_0
2026-01-16 18:33:38.490 [Test worker] DEBUG org.hibernate.SQL - insert into role (name) values (?)
2026-01-16 18:33:38.492 [Test worker] DEBUG org.hibernate.SQL - insert into app_user (avatar_id,background_id,created_at,email,name,password,role_id,username) values (?,?,?,?,?,?,?,?)
2026-01-16 18:33:38.494 [Test worker] DEBUG org.hibernate.SQL - insert into hazard_category (active,icon_path,name) values (?,?,?)
2026-01-16 18:33:38.495 [Test worker] DEBUG org.hibernate.SQL - insert into hazard_category (active,icon_path,name) values (?,?,?)
2026-01-16 18:33:38.497 [Test worker] DEBUG org.hibernate.SQL - insert into hazard_report (category_id,created_at,created_by_id,latitude,longitude,status) values (?,?,?,?,?,?)
2026-01-16 18:33:38.498 [Test worker] DEBUG org.hibernate.SQL - insert into hazard_report (category_id,created_at,created_by_id,latitude,longitude,status) values (?,?,?,?,?,?)
2026-01-16 18:33:38.502 [Test worker] DEBUG org.hibernate.SQL - select hr1_0.id,hr1_0.category_id,hr1_0.created_at,hr1_0.created_by_id,hr1_0.latitude,hr1_0.longitude,hr1_0.status from hazard_report hr1_0 left join hazard_category c1_0 on c1_0.id=hr1_0.category_id where c1_0.name=?
2026-01-16 18:33:38.508 [Test worker] DEBUG org.hibernate.SQL - select hr1_0.id,hr1_0.category_id,hr1_0.created_at,hr1_0.created_by_id,hr1_0.latitude,hr1_0.longitude,hr1_0.status from hazard_report hr1_0
2026-01-16 18:33:38.510 [Test worker] DEBUG org.hibernate.SQL - select u1_0.id,u1_0.avatar_id,u1_0.background_id,u1_0.created_at,u1_0.email,u1_0.name,u1_0.password,u1_0.role_id,u1_0.username from app_user u1_0
2026-01-16 18:33:38.511 [Test worker] DEBUG org.hibernate.SQL - select hc1_0.id,hc1_0.active,hc1_0.icon_path,hc1_0.name from hazard_category hc1_0
2026-01-16 18:33:38.512 [Test worker] DEBUG org.hibernate.SQL - select r1_0.id,r1_0.name from role r1_0
2026-01-16 18:33:38.514 [Test worker] DEBUG org.hibernate.SQL - insert into role (name) values (?)
2026-01-16 18:33:38.515 [Test worker] DEBUG org.hibernate.SQL - insert into app_user (avatar_id,background_id,created_at,email,name,password,role_id,username) values (?,?,?,?,?,?,?,?)
2026-01-16 18:33:38.517 [Test worker] DEBUG org.hibernate.SQL - insert into hazard_category (active,icon_path,name) values (?,?,?)
2026-01-16 18:33:38.519 [Test worker] DEBUG org.hibernate.SQL - insert into hazard_report (category_id,created_at,created_by_id,latitude,longitude,status) values (?,?,?,?,?,?)
2026-01-16 18:33:38.521 [Test worker] DEBUG org.hibernate.SQL - insert into hazard_report (category_id,created_at,created_by_id,latitude,longitude,status) values (?,?,?,?,?,?)
2026-01-16 18:33:38.524 [Test worker] DEBUG org.hibernate.SQL - select hr1_0.id,hr1_0.category_id,hr1_0.created_at,hr1_0.created_by_id,hr1_0.latitude,hr1_0.longitude,hr1_0.status from hazard_report hr1_0 left join app_user cb1_0 on cb1_0.id=hr1_0.created_by_id where cb1_0.username=? order by hr1_0.id desc
2026-01-16 18:33:38.529 [Test worker] DEBUG org.hibernate.SQL - select hr1_0.id,hr1_0.category_id,hr1_0.created_at,hr1_0.created_by_id,hr1_0.latitude,hr1_0.longitude,hr1_0.status from hazard_report hr1_0
2026-01-16 18:33:38.532 [Test worker] DEBUG org.hibernate.SQL - select u1_0.id,u1_0.avatar_id,u1_0.background_id,u1_0.created_at,u1_0.email,u1_0.name,u1_0.password,u1_0.role_id,u1_0.username from app_user u1_0
2026-01-16 18:33:38.533 [Test worker] DEBUG org.hibernate.SQL - select hc1_0.id,hc1_0.active,hc1_0.icon_path,hc1_0.name from hazard_category hc1_0
2026-01-16 18:33:38.534 [Test worker] DEBUG org.hibernate.SQL - select r1_0.id,r1_0.name from role r1_0
2026-01-16 18:33:38.535 [Test worker] DEBUG org.hibernate.SQL - insert into role (name) values (?)
2026-01-16 18:33:38.537 [Test worker] DEBUG org.hibernate.SQL - insert into app_user (avatar_id,background_id,created_at,email,name,password,role_id,username) values (?,?,?,?,?,?,?,?)
2026-01-16 18:33:38.539 [Test worker] DEBUG org.hibernate.SQL - insert into hazard_category (active,icon_path,name) values (?,?,?)
2026-01-16 18:33:38.541 [Test worker] DEBUG org.hibernate.SQL - insert into hazard_report (category_id,created_at,created_by_id,latitude,longitude,status) values (?,?,?,?,?,?)
2026-01-16 18:33:38.542 [Test worker] DEBUG org.hibernate.SQL - insert into hazard_report (category_id,created_at,created_by_id,latitude,longitude,status) values (?,?,?,?,?,?)
2026-01-16 18:33:38.547 [Test worker] DEBUG org.hibernate.SQL - select hr1_0.id,hr1_0.category_id,hr1_0.created_at,hr1_0.created_by_id,hr1_0.latitude,hr1_0.longitude,hr1_0.status from hazard_report hr1_0 where hr1_0.status in (?)
2026-01-16 18:33:38.554 [Test worker] DEBUG org.hibernate.SQL - select hr1_0.id,hr1_0.category_id,hr1_0.created_at,hr1_0.created_by_id,hr1_0.latitude,hr1_0.longitude,hr1_0.status from hazard_report hr1_0
2026-01-16 18:33:38.556 [Test worker] DEBUG org.hibernate.SQL - select u1_0.id,u1_0.avatar_id,u1_0.background_id,u1_0.created_at,u1_0.email,u1_0.name,u1_0.password,u1_0.role_id,u1_0.username from app_user u1_0
2026-01-16 18:33:38.557 [Test worker] DEBUG org.hibernate.SQL - select hc1_0.id,hc1_0.active,hc1_0.icon_path,hc1_0.name from hazard_category hc1_0
2026-01-16 18:33:38.558 [Test worker] DEBUG org.hibernate.SQL - select r1_0.id,r1_0.name from role r1_0
2026-01-16 18:33:38.559 [Test worker] DEBUG org.hibernate.SQL - insert into role (name) values (?)
2026-01-16 18:33:38.561 [Test worker] DEBUG org.hibernate.SQL - insert into app_user (avatar_id,background_id,created_at,email,name,password,role_id,username) values (?,?,?,?,?,?,?,?)
2026-01-16 18:33:38.563 [Test worker] DEBUG org.hibernate.SQL - insert into hazard_category (active,icon_path,name) values (?,?,?)
2026-01-16 18:33:38.564 [Test worker] DEBUG org.hibernate.SQL - insert into hazard_report (category_id,created_at,created_by_id,latitude,longitude,status) values (?,?,?,?,?,?)
2026-01-16 18:33:38.566 [Test worker] DEBUG org.hibernate.SQL - insert into hazard_report (category_id,created_at,created_by_id,latitude,longitude,status) values (?,?,?,?,?,?)
2026-01-16 18:33:38.569 [Test worker] DEBUG org.hibernate.SQL - select hr1_0.id,hr1_0.category_id,hr1_0.created_at,hr1_0.created_by_id,hr1_0.latitude,hr1_0.longitude,hr1_0.status from hazard_report hr1_0 left join app_user cb1_0 on cb1_0.id=hr1_0.created_by_id where cb1_0.id=?
2026-01-16 18:33:38.577 [Test worker] DEBUG org.hibernate.SQL - select hr1_0.id,hr1_0.category_id,hr1_0.created_at,hr1_0.created_by_id,hr1_0.latitude,hr1_0.longitude,hr1_0.status from hazard_report hr1_0
2026-01-16 18:33:38.579 [Test worker] DEBUG org.hibernate.SQL - select u1_0.id,u1_0.avatar_id,u1_0.background_id,u1_0.created_at,u1_0.email,u1_0.name,u1_0.password,u1_0.role_id,u1_0.username from app_user u1_0
2026-01-16 18:33:38.580 [Test worker] DEBUG org.hibernate.SQL - select hc1_0.id,hc1_0.active,hc1_0.icon_path,hc1_0.name from hazard_category hc1_0
2026-01-16 18:33:38.581 [Test worker] DEBUG org.hibernate.SQL - select r1_0.id,r1_0.name from role r1_0
2026-01-16 18:33:38.582 [Test worker] DEBUG org.hibernate.SQL - insert into role (name) values (?)
2026-01-16 18:33:38.583 [Test worker] DEBUG org.hibernate.SQL - insert into app_user (avatar_id,background_id,created_at,email,name,password,role_id,username) values (?,?,?,?,?,?,?,?)
2026-01-16 18:33:38.585 [Test worker] DEBUG org.hibernate.SQL - insert into hazard_category (active,icon_path,name) values (?,?,?)
2026-01-16 18:33:38.587 [Test worker] DEBUG org.hibernate.SQL - insert into hazard_report (category_id,created_at,created_by_id,latitude,longitude,status) values (?,?,?,?,?,?)
2026-01-16 18:33:38.589 [Test worker] DEBUG org.hibernate.SQL - insert into hazard_report (category_id,created_at,created_by_id,latitude,longitude,status) values (?,?,?,?,?,?)
2026-01-16 18:33:38.593 [Test worker] DEBUG org.hibernate.SQL - select hr1_0.id,hr1_0.category_id,hr1_0.created_at,hr1_0.created_by_id,hr1_0.latitude,hr1_0.longitude,hr1_0.status from hazard_report hr1_0 where hr1_0.created_at>?
2026-01-16 18:33:38.601 [Test worker] DEBUG org.hibernate.SQL - select hr1_0.id,hr1_0.category_id,hr1_0.created_at,hr1_0.created_by_id,hr1_0.latitude,hr1_0.longitude,hr1_0.status from hazard_report hr1_0
2026-01-16 18:33:38.602 [Test worker] DEBUG org.hibernate.SQL - select u1_0.id,u1_0.avatar_id,u1_0.background_id,u1_0.created_at,u1_0.email,u1_0.name,u1_0.password,u1_0.role_id,u1_0.username from app_user u1_0
2026-01-16 18:33:38.604 [Test worker] DEBUG org.hibernate.SQL - select hc1_0.id,hc1_0.active,hc1_0.icon_path,hc1_0.name from hazard_category hc1_0
2026-01-16 18:33:38.605 [Test worker] DEBUG org.hibernate.SQL - select r1_0.id,r1_0.name from role r1_0
2026-01-16 18:33:38.605 [Test worker] DEBUG org.hibernate.SQL - insert into role (name) values (?)
2026-01-16 18:33:38.607 [Test worker] DEBUG org.hibernate.SQL - insert into app_user (avatar_id,background_id,created_at,email,name,password,role_id,username) values (?,?,?,?,?,?,?,?)
2026-01-16 18:33:38.609 [Test worker] DEBUG org.hibernate.SQL - insert into hazard_category (active,icon_path,name) values (?,?,?)
2026-01-16 18:33:38.611 [Test worker] DEBUG org.hibernate.SQL - insert into hazard_report (category_id,created_at,created_by_id,latitude,longitude,status) values (?,?,?,?,?,?)
2026-01-16 18:33:38.613 [Test worker] DEBUG org.hibernate.SQL - insert into hazard_report (category_id,created_at,created_by_id,latitude,longitude,status) values (?,?,?,?,?,?)
2026-01-16 18:33:38.616 [Test worker] DEBUG org.hibernate.SQL - select hr1_0.id,hr1_0.category_id,hr1_0.created_at,hr1_0.created_by_id,hr1_0.latitude,hr1_0.longitude,hr1_0.status from hazard_report hr1_0 where hr1_0.status=?
2026-01-16 18:33:38.623 [Test worker] DEBUG org.hibernate.SQL - select hr1_0.id,hr1_0.category_id,hr1_0.created_at,hr1_0.created_by_id,hr1_0.latitude,hr1_0.longitude,hr1_0.status from hazard_report hr1_0
2026-01-16 18:33:38.625 [Test worker] DEBUG org.hibernate.SQL - select u1_0.id,u1_0.avatar_id,u1_0.background_id,u1_0.created_at,u1_0.email,u1_0.name,u1_0.password,u1_0.role_id,u1_0.username from app_user u1_0
2026-01-16 18:33:38.626 [Test worker] DEBUG org.hibernate.SQL - select hc1_0.id,hc1_0.active,hc1_0.icon_path,hc1_0.name from hazard_category hc1_0
2026-01-16 18:33:38.628 [Test worker] DEBUG org.hibernate.SQL - select r1_0.id,r1_0.name from role r1_0
2026-01-16 18:33:38.629 [Test worker] DEBUG org.hibernate.SQL - insert into role (name) values (?)
2026-01-16 18:33:38.631 [Test worker] DEBUG org.hibernate.SQL - insert into app_user (avatar_id,background_id,created_at,email,name,password,role_id,username) values (?,?,?,?,?,?,?,?)
2026-01-16 18:33:38.633 [Test worker] DEBUG org.hibernate.SQL - insert into hazard_category (active,icon_path,name) values (?,?,?)
2026-01-16 18:33:38.635 [Test worker] DEBUG org.hibernate.SQL - insert into hazard_report (category_id,created_at,created_by_id,latitude,longitude,status) values (?,?,?,?,?,?)
2026-01-16 18:33:38.641 [Test worker] INFO  o.s.t.c.s.AnnotationConfigContextLoaderUtils - Could not detect default configuration classes for test class [nl.fontys.db3.backend.integration.repository.LiveTelemetryRepositoryIT]: LiveTelemetryRepositoryIT does not declare any static, non-private, non-final, nested classes annotated with @Configuration.
2026-01-16 18:33:38.652 [Test worker] INFO  o.s.b.t.c.SpringBootTestContextBootstrapper - Found @SpringBootConfiguration nl.fontys.db3.backend.BackendApplication for test class nl.fontys.db3.backend.integration.repository.LiveTelemetryRepositoryIT
2026-01-16 18:33:38.656 [Test worker] DEBUG org.hibernate.SQL - select lt1_0.id,lt1_0.device_id,lt1_0.last_updated,lt1_0.latitude,lt1_0.longitude,lt1_0.rpm,lt1_0.speed_kph from live_telemetry lt1_0
2026-01-16 18:33:38.662 [Test worker] DEBUG org.hibernate.SQL - insert into live_telemetry (device_id,last_updated,latitude,longitude,rpm,speed_kph) values (?,?,?,?,?,?)
2026-01-16 18:33:38.672 [Test worker] DEBUG org.hibernate.SQL - select lt1_0.id,lt1_0.device_id,lt1_0.last_updated,lt1_0.latitude,lt1_0.longitude,lt1_0.rpm,lt1_0.speed_kph from live_telemetry lt1_0
2026-01-16 18:33:38.674 [Test worker] DEBUG org.hibernate.SQL - select lt1_0.id,lt1_0.device_id,lt1_0.last_updated,lt1_0.latitude,lt1_0.longitude,lt1_0.rpm,lt1_0.speed_kph from live_telemetry lt1_0 where lt1_0.device_id=?
2026-01-16 18:33:38.681 [Test worker] DEBUG org.hibernate.SQL - select lt1_0.id,lt1_0.device_id,lt1_0.last_updated,lt1_0.latitude,lt1_0.longitude,lt1_0.rpm,lt1_0.speed_kph from live_telemetry lt1_0
2026-01-16 18:33:38.683 [Test worker] DEBUG org.hibernate.SQL - insert into live_telemetry (device_id,last_updated,latitude,longitude,rpm,speed_kph) values (?,?,?,?,?,?)
2026-01-16 18:33:38.685 [Test worker] DEBUG org.hibernate.SQL - select lt1_0.id,lt1_0.device_id,lt1_0.last_updated,lt1_0.latitude,lt1_0.longitude,lt1_0.rpm,lt1_0.speed_kph from live_telemetry lt1_0 where lt1_0.device_id=?
2026-01-16 18:33:38.691 [Test worker] DEBUG org.hibernate.SQL - select lt1_0.id,lt1_0.device_id,lt1_0.last_updated,lt1_0.latitude,lt1_0.longitude,lt1_0.rpm,lt1_0.speed_kph from live_telemetry lt1_0
2026-01-16 18:33:38.694 [Test worker] DEBUG org.hibernate.SQL - insert into live_telemetry (device_id,last_updated,latitude,longitude,rpm,speed_kph) values (?,?,?,?,?,?)
2026-01-16 18:33:38.696 [Test worker] DEBUG org.hibernate.SQL - insert into live_telemetry (device_id,last_updated,latitude,longitude,rpm,speed_kph) values (?,?,?,?,?,?)
2026-01-16 18:33:38.704 [Test worker] DEBUG org.hibernate.SQL - delete from live_telemetry lt1_0 where lt1_0.last_updated<?
2026-01-16 18:33:38.706 [Test worker] DEBUG org.hibernate.SQL - select lt1_0.id,lt1_0.device_id,lt1_0.last_updated,lt1_0.latitude,lt1_0.longitude,lt1_0.rpm,lt1_0.speed_kph from live_telemetry lt1_0 where lt1_0.device_id=?
2026-01-16 18:33:38.708 [Test worker] DEBUG org.hibernate.SQL - select lt1_0.id,lt1_0.device_id,lt1_0.last_updated,lt1_0.latitude,lt1_0.longitude,lt1_0.rpm,lt1_0.speed_kph from live_telemetry lt1_0 where lt1_0.device_id=?
2026-01-16 18:33:38.714 [Test worker] DEBUG org.hibernate.SQL - select lt1_0.id,lt1_0.device_id,lt1_0.last_updated,lt1_0.latitude,lt1_0.longitude,lt1_0.rpm,lt1_0.speed_kph from live_telemetry lt1_0
2026-01-16 18:33:38.715 [Test worker] DEBUG org.hibernate.SQL - insert into live_telemetry (device_id,last_updated,latitude,longitude,rpm,speed_kph) values (?,?,?,?,?,?)
2026-01-16 18:33:38.720 [Test worker] DEBUG org.hibernate.SQL - select lt1_0.id,lt1_0.device_id,lt1_0.last_updated,lt1_0.latitude,lt1_0.longitude,lt1_0.rpm,lt1_0.speed_kph from live_telemetry lt1_0
2026-01-16 18:33:38.722 [Test worker] DEBUG org.hibernate.SQL - insert into live_telemetry (device_id,last_updated,latitude,longitude,rpm,speed_kph) values (?,?,?,?,?,?)
2026-01-16 18:33:38.724 [Test worker] DEBUG org.hibernate.SQL - insert into live_telemetry (device_id,last_updated,latitude,longitude,rpm,speed_kph) values (?,?,?,?,?,?)
2026-01-16 18:33:38.726 [Test worker] WARN  o.h.e.jdbc.spi.SqlExceptionHelper - SQL Error: 0, SQLState: 23505
2026-01-16 18:33:38.726 [Test worker] ERROR o.h.e.jdbc.spi.SqlExceptionHelper - ERROR: duplicate key value violates unique constraint "uq_live_telemetry_device_id"
  Detail: Key (device_id)=(ESP32-LIVE-TEST) already exists.
2026-01-16 18:33:38.730 [Test worker] INFO  o.s.t.c.s.AnnotationConfigContextLoaderUtils - Could not detect default configuration classes for test class [nl.fontys.db3.backend.integration.repository.RoleRepositoryIT]: RoleRepositoryIT does not declare any static, non-private, non-final, nested classes annotated with @Configuration.
2026-01-16 18:33:38.737 [Test worker] INFO  o.s.b.t.c.SpringBootTestContextBootstrapper - Found @SpringBootConfiguration nl.fontys.db3.backend.BackendApplication for test class nl.fontys.db3.backend.integration.repository.RoleRepositoryIT
2026-01-16 18:33:38.740 [Test worker] DEBUG org.hibernate.SQL - select r1_0.id,r1_0.name from role r1_0
2026-01-16 18:33:38.743 [Test worker] DEBUG org.hibernate.SQL - insert into role (name) values (?)
2026-01-16 18:33:38.745 [Test worker] DEBUG org.hibernate.SQL - insert into role (name) values (?)
2026-01-16 18:33:38.747 [Test worker] DEBUG org.hibernate.SQL - select r1_0.id,r1_0.name from role r1_0
2026-01-16 18:33:38.753 [Test worker] DEBUG org.hibernate.SQL - select r1_0.id,r1_0.name from role r1_0
2026-01-16 18:33:38.755 [Test worker] DEBUG org.hibernate.SQL - insert into role (name) values (?)
2026-01-16 18:33:38.757 [Test worker] DEBUG org.hibernate.SQL - select r1_0.id,r1_0.name from role r1_0 where r1_0.name=?
2026-01-16 18:33:38.762 [Test worker] DEBUG org.hibernate.SQL - select r1_0.id,r1_0.name from role r1_0
2026-01-16 18:33:38.764 [Test worker] DEBUG org.hibernate.SQL - select r1_0.id,r1_0.name from role r1_0 where r1_0.name=?
2026-01-16 18:33:38.769 [Test worker] DEBUG org.hibernate.SQL - select r1_0.id,r1_0.name from role r1_0
2026-01-16 18:33:38.770 [Test worker] DEBUG org.hibernate.SQL - insert into role (name) values (?)
2026-01-16 18:33:38.775 [Test worker] INFO  o.s.t.c.s.AnnotationConfigContextLoaderUtils - Could not detect default configuration classes for test class [nl.fontys.db3.backend.integration.repository.StatisticsRepositoryIT]: StatisticsRepositoryIT does not declare any static, non-private, non-final, nested classes annotated with @Configuration.
2026-01-16 18:33:38.785 [Test worker] INFO  o.s.b.t.c.SpringBootTestContextBootstrapper - Found @SpringBootConfiguration nl.fontys.db3.backend.BackendApplication for test class nl.fontys.db3.backend.integration.repository.StatisticsRepositoryIT
2026-01-16 18:33:38.789 [Test worker] DEBUG org.hibernate.SQL - select s1_0.id,s1_0.total_distance_km,s1_0.total_hazards_reported,s1_0.total_trips,s1_0.total_votes,s1_0.user_id from "statistics" s1_0
2026-01-16 18:33:38.793 [Test worker] DEBUG org.hibernate.SQL - select u1_0.id,u1_0.avatar_id,u1_0.background_id,u1_0.created_at,u1_0.email,u1_0.name,u1_0.password,u1_0.role_id,u1_0.username from app_user u1_0
2026-01-16 18:33:38.795 [Test worker] DEBUG org.hibernate.SQL - select r1_0.id,r1_0.name from role r1_0
2026-01-16 18:33:38.796 [Test worker] DEBUG org.hibernate.SQL - insert into role (name) values (?)
2026-01-16 18:33:38.797 [Test worker] DEBUG org.hibernate.SQL - insert into app_user (avatar_id,background_id,created_at,email,name,password,role_id,username) values (?,?,?,?,?,?,?,?)
2026-01-16 18:33:38.800 [Test worker] DEBUG org.hibernate.SQL - insert into "statistics" (total_distance_km,total_hazards_reported,total_trips,total_votes,user_id) values (?,?,?,?,?)
2026-01-16 18:33:38.804 [Test worker] DEBUG org.hibernate.SQL - update "statistics" s1_0 set total_hazards_reported=(s1_0.total_hazards_reported+1) where s1_0.user_id=?
2026-01-16 18:33:38.807 [Test worker] DEBUG org.hibernate.SQL - select s1_0.id,s1_0.total_distance_km,s1_0.total_hazards_reported,s1_0.total_trips,s1_0.total_votes,s1_0.user_id from "statistics" s1_0 join app_user u1_0 on u1_0.id=s1_0.user_id where u1_0.id=?
2026-01-16 18:33:38.819 [Test worker] DEBUG org.hibernate.SQL - select s1_0.id,s1_0.total_distance_km,s1_0.total_hazards_reported,s1_0.total_trips,s1_0.total_votes,s1_0.user_id from "statistics" s1_0
2026-01-16 18:33:38.821 [Test worker] DEBUG org.hibernate.SQL - select u1_0.id,u1_0.avatar_id,u1_0.background_id,u1_0.created_at,u1_0.email,u1_0.name,u1_0.password,u1_0.role_id,u1_0.username from app_user u1_0
2026-01-16 18:33:38.822 [Test worker] DEBUG org.hibernate.SQL - select r1_0.id,r1_0.name from role r1_0
2026-01-16 18:33:38.823 [Test worker] DEBUG org.hibernate.SQL - insert into role (name) values (?)
2026-01-16 18:33:38.824 [Test worker] DEBUG org.hibernate.SQL - insert into app_user (avatar_id,background_id,created_at,email,name,password,role_id,username) values (?,?,?,?,?,?,?,?)
2026-01-16 18:33:38.827 [Test worker] DEBUG org.hibernate.SQL - insert into "statistics" (total_distance_km,total_hazards_reported,total_trips,total_votes,user_id) values (?,?,?,?,?)
2026-01-16 18:33:38.830 [Test worker] DEBUG org.hibernate.SQL - update "statistics" s1_0 set total_votes=(s1_0.total_votes+1) where s1_0.user_id=?
2026-01-16 18:33:38.833 [Test worker] DEBUG org.hibernate.SQL - select s1_0.id,s1_0.total_distance_km,s1_0.total_hazards_reported,s1_0.total_trips,s1_0.total_votes,s1_0.user_id from "statistics" s1_0 join app_user u1_0 on u1_0.id=s1_0.user_id where u1_0.id=?
2026-01-16 18:33:38.839 [Test worker] DEBUG org.hibernate.SQL - select s1_0.id,s1_0.total_distance_km,s1_0.total_hazards_reported,s1_0.total_trips,s1_0.total_votes,s1_0.user_id from "statistics" s1_0
2026-01-16 18:33:38.840 [Test worker] DEBUG org.hibernate.SQL - select u1_0.id,u1_0.avatar_id,u1_0.background_id,u1_0.created_at,u1_0.email,u1_0.name,u1_0.password,u1_0.role_id,u1_0.username from app_user u1_0
2026-01-16 18:33:38.841 [Test worker] DEBUG org.hibernate.SQL - select r1_0.id,r1_0.name from role r1_0
2026-01-16 18:33:38.843 [Test worker] DEBUG org.hibernate.SQL - insert into role (name) values (?)
2026-01-16 18:33:38.845 [Test worker] DEBUG org.hibernate.SQL - insert into app_user (avatar_id,background_id,created_at,email,name,password,role_id,username) values (?,?,?,?,?,?,?,?)
2026-01-16 18:33:38.847 [Test worker] DEBUG org.hibernate.SQL - select s1_0.id from "statistics" s1_0 join app_user u1_0 on u1_0.id=s1_0.user_id where u1_0.id=? fetch first ? rows only
2026-01-16 18:33:38.855 [Test worker] DEBUG org.hibernate.SQL - select s1_0.id,s1_0.total_distance_km,s1_0.total_hazards_reported,s1_0.total_trips,s1_0.total_votes,s1_0.user_id from "statistics" s1_0
2026-01-16 18:33:38.857 [Test worker] DEBUG org.hibernate.SQL - select u1_0.id,u1_0.avatar_id,u1_0.background_id,u1_0.created_at,u1_0.email,u1_0.name,u1_0.password,u1_0.role_id,u1_0.username from app_user u1_0
2026-01-16 18:33:38.858 [Test worker] DEBUG org.hibernate.SQL - select r1_0.id,r1_0.name from role r1_0
2026-01-16 18:33:38.860 [Test worker] DEBUG org.hibernate.SQL - insert into role (name) values (?)
2026-01-16 18:33:38.861 [Test worker] DEBUG org.hibernate.SQL - insert into app_user (avatar_id,background_id,created_at,email,name,password,role_id,username) values (?,?,?,?,?,?,?,?)
2026-01-16 18:33:38.864 [Test worker] DEBUG org.hibernate.SQL - insert into "statistics" (total_distance_km,total_hazards_reported,total_trips,total_votes,user_id) values (?,?,?,?,?)
2026-01-16 18:33:38.866 [Test worker] DEBUG org.hibernate.SQL - insert into "statistics" (total_distance_km,total_hazards_reported,total_trips,total_votes,user_id) values (?,?,?,?,?)
2026-01-16 18:33:38.868 [Test worker] WARN  o.h.e.jdbc.spi.SqlExceptionHelper - SQL Error: 0, SQLState: 23505
2026-01-16 18:33:38.868 [Test worker] ERROR o.h.e.jdbc.spi.SqlExceptionHelper - ERROR: duplicate key value violates unique constraint "statistics_user_id_key"
  Detail: Key (user_id)=(8216) already exists.
2026-01-16 18:33:38.873 [Test worker] DEBUG org.hibernate.SQL - select s1_0.id,s1_0.total_distance_km,s1_0.total_hazards_reported,s1_0.total_trips,s1_0.total_votes,s1_0.user_id from "statistics" s1_0
2026-01-16 18:33:38.874 [Test worker] DEBUG org.hibernate.SQL - select u1_0.id,u1_0.avatar_id,u1_0.background_id,u1_0.created_at,u1_0.email,u1_0.name,u1_0.password,u1_0.role_id,u1_0.username from app_user u1_0
2026-01-16 18:33:38.876 [Test worker] DEBUG org.hibernate.SQL - select r1_0.id,r1_0.name from role r1_0
2026-01-16 18:33:38.878 [Test worker] DEBUG org.hibernate.SQL - insert into role (name) values (?)
2026-01-16 18:33:38.879 [Test worker] DEBUG org.hibernate.SQL - insert into app_user (avatar_id,background_id,created_at,email,name,password,role_id,username) values (?,?,?,?,?,?,?,?)
2026-01-16 18:33:38.881 [Test worker] DEBUG org.hibernate.SQL - insert into "statistics" (total_distance_km,total_hazards_reported,total_trips,total_votes,user_id) values (?,?,?,?,?)
2026-01-16 18:33:38.883 [Test worker] DEBUG org.hibernate.SQL - select s1_0.id,s1_0.total_distance_km,s1_0.total_hazards_reported,s1_0.total_trips,s1_0.total_votes,s1_0.user_id from "statistics" s1_0 join app_user u1_0 on u1_0.id=s1_0.user_id where u1_0.id=?
2026-01-16 18:33:38.889 [Test worker] DEBUG org.hibernate.SQL - select s1_0.id,s1_0.total_distance_km,s1_0.total_hazards_reported,s1_0.total_trips,s1_0.total_votes,s1_0.user_id from "statistics" s1_0
2026-01-16 18:33:38.892 [Test worker] DEBUG org.hibernate.SQL - select u1_0.id,u1_0.avatar_id,u1_0.background_id,u1_0.created_at,u1_0.email,u1_0.name,u1_0.password,u1_0.role_id,u1_0.username from app_user u1_0
2026-01-16 18:33:38.894 [Test worker] DEBUG org.hibernate.SQL - select r1_0.id,r1_0.name from role r1_0
2026-01-16 18:33:38.895 [Test worker] DEBUG org.hibernate.SQL - insert into role (name) values (?)
2026-01-16 18:33:38.896 [Test worker] DEBUG org.hibernate.SQL - insert into app_user (avatar_id,background_id,created_at,email,name,password,role_id,username) values (?,?,?,?,?,?,?,?)
2026-01-16 18:33:38.898 [Test worker] DEBUG org.hibernate.SQL - insert into "statistics" (total_distance_km,total_hazards_reported,total_trips,total_votes,user_id) values (?,?,?,?,?)
2026-01-16 18:33:38.903 [Test worker] DEBUG org.hibernate.SQL - update "statistics" s1_0 set total_trips=(s1_0.total_trips+1),total_distance_km=(s1_0.total_distance_km+?) where s1_0.user_id=?
2026-01-16 18:33:38.906 [Test worker] DEBUG org.hibernate.SQL - select s1_0.id,s1_0.total_distance_km,s1_0.total_hazards_reported,s1_0.total_trips,s1_0.total_votes,s1_0.user_id from "statistics" s1_0 join app_user u1_0 on u1_0.id=s1_0.user_id where u1_0.id=?
2026-01-16 18:33:38.914 [Test worker] DEBUG org.hibernate.SQL - select s1_0.id,s1_0.total_distance_km,s1_0.total_hazards_reported,s1_0.total_trips,s1_0.total_votes,s1_0.user_id from "statistics" s1_0
2026-01-16 18:33:38.916 [Test worker] DEBUG org.hibernate.SQL - select u1_0.id,u1_0.avatar_id,u1_0.background_id,u1_0.created_at,u1_0.email,u1_0.name,u1_0.password,u1_0.role_id,u1_0.username from app_user u1_0
2026-01-16 18:33:38.918 [Test worker] DEBUG org.hibernate.SQL - select r1_0.id,r1_0.name from role r1_0
2026-01-16 18:33:38.919 [Test worker] DEBUG org.hibernate.SQL - insert into role (name) values (?)
2026-01-16 18:33:38.921 [Test worker] DEBUG org.hibernate.SQL - insert into app_user (avatar_id,background_id,created_at,email,name,password,role_id,username) values (?,?,?,?,?,?,?,?)
2026-01-16 18:33:38.923 [Test worker] DEBUG org.hibernate.SQL - insert into "statistics" (total_distance_km,total_hazards_reported,total_trips,total_votes,user_id) values (?,?,?,?,?)
2026-01-16 18:33:38.925 [Test worker] DEBUG org.hibernate.SQL - select s1_0.id from "statistics" s1_0 join app_user u1_0 on u1_0.id=s1_0.user_id where u1_0.id=? fetch first ? rows only
2026-01-16 18:33:38.932 [Test worker] DEBUG org.hibernate.SQL - select s1_0.id,s1_0.total_distance_km,s1_0.total_hazards_reported,s1_0.total_trips,s1_0.total_votes,s1_0.user_id from "statistics" s1_0
2026-01-16 18:33:38.935 [Test worker] DEBUG org.hibernate.SQL - select u1_0.id,u1_0.avatar_id,u1_0.background_id,u1_0.created_at,u1_0.email,u1_0.name,u1_0.password,u1_0.role_id,u1_0.username from app_user u1_0
2026-01-16 18:33:38.937 [Test worker] DEBUG org.hibernate.SQL - select r1_0.id,r1_0.name from role r1_0
2026-01-16 18:33:38.938 [Test worker] DEBUG org.hibernate.SQL - insert into role (name) values (?)
2026-01-16 18:33:38.939 [Test worker] DEBUG org.hibernate.SQL - insert into app_user (avatar_id,background_id,created_at,email,name,password,role_id,username) values (?,?,?,?,?,?,?,?)
2026-01-16 18:33:38.941 [Test worker] DEBUG org.hibernate.SQL - insert into "statistics" (total_distance_km,total_hazards_reported,total_trips,total_votes,user_id) values (?,?,?,?,?)
2026-01-16 18:33:38.944 [Test worker] DEBUG org.hibernate.SQL - select s1_0.id,s1_0.total_distance_km,s1_0.total_hazards_reported,s1_0.total_trips,s1_0.total_votes,s1_0.user_id from "statistics" s1_0 join app_user u1_0 on u1_0.id=s1_0.user_id where u1_0.username=?
2026-01-16 18:33:38.951 [Test worker] DEBUG org.hibernate.SQL - select s1_0.id,s1_0.total_distance_km,s1_0.total_hazards_reported,s1_0.total_trips,s1_0.total_votes,s1_0.user_id from "statistics" s1_0
2026-01-16 18:33:38.953 [Test worker] DEBUG org.hibernate.SQL - select u1_0.id,u1_0.avatar_id,u1_0.background_id,u1_0.created_at,u1_0.email,u1_0.name,u1_0.password,u1_0.role_id,u1_0.username from app_user u1_0
2026-01-16 18:33:38.955 [Test worker] DEBUG org.hibernate.SQL - select r1_0.id,r1_0.name from role r1_0
2026-01-16 18:33:38.956 [Test worker] DEBUG org.hibernate.SQL - insert into role (name) values (?)
2026-01-16 18:33:38.957 [Test worker] DEBUG org.hibernate.SQL - insert into app_user (avatar_id,background_id,created_at,email,name,password,role_id,username) values (?,?,?,?,?,?,?,?)
2026-01-16 18:33:38.959 [Test worker] DEBUG org.hibernate.SQL - insert into "statistics" (total_distance_km,total_hazards_reported,total_trips,total_votes,user_id) values (?,?,?,?,?)
2026-01-16 18:33:38.965 [Test worker] INFO  o.s.t.c.s.AnnotationConfigContextLoaderUtils - Could not detect default configuration classes for test class [nl.fontys.db3.backend.integration.repository.TelemetryHistoryRepositoryIT]: TelemetryHistoryRepositoryIT does not declare any static, non-private, non-final, nested classes annotated with @Configuration.
2026-01-16 18:33:38.972 [Test worker] INFO  o.s.b.t.c.SpringBootTestContextBootstrapper - Found @SpringBootConfiguration nl.fontys.db3.backend.BackendApplication for test class nl.fontys.db3.backend.integration.repository.TelemetryHistoryRepositoryIT
2026-01-16 18:33:38.975 [Test worker] DEBUG org.hibernate.SQL - select th1_0.id,th1_0.battery_voltage_v,th1_0.coolant_temp_c,th1_0.device_id,th1_0.diagnostic_codes,th1_0.engine_load_pct,th1_0.fuel_level_pct,th1_0.intake_air_temp_c,th1_0.maf_air_flow,th1_0.map_pressure,th1_0.oil_temp_c,th1_0.rpm,th1_0.speed_kph,th1_0.throttle_pct,th1_0.timestamp,th1_0.timing_advance from telemetry_history th1_0
2026-01-16 18:33:38.978 [Test worker] DEBUG org.hibernate.SQL - insert into telemetry_history (battery_voltage_v,coolant_temp_c,device_id,diagnostic_codes,engine_load_pct,fuel_level_pct,intake_air_temp_c,maf_air_flow,map_pressure,oil_temp_c,rpm,speed_kph,throttle_pct,timestamp,timing_advance) values (?,?,?,?,?,?,?,?,?,?,?,?,?,?,?)
2026-01-16 18:33:38.980 [Test worker] DEBUG org.hibernate.SQL - insert into telemetry_history (battery_voltage_v,coolant_temp_c,device_id,diagnostic_codes,engine_load_pct,fuel_level_pct,intake_air_temp_c,maf_air_flow,map_pressure,oil_temp_c,rpm,speed_kph,throttle_pct,timestamp,timing_advance) values (?,?,?,?,?,?,?,?,?,?,?,?,?,?,?)
2026-01-16 18:33:38.982 [Test worker] DEBUG org.hibernate.SQL - select th1_0.id,th1_0.battery_voltage_v,th1_0.coolant_temp_c,th1_0.device_id,th1_0.diagnostic_codes,th1_0.engine_load_pct,th1_0.fuel_level_pct,th1_0.intake_air_temp_c,th1_0.maf_air_flow,th1_0.map_pressure,th1_0.oil_temp_c,th1_0.rpm,th1_0.speed_kph,th1_0.throttle_pct,th1_0.timestamp,th1_0.timing_advance from telemetry_history th1_0 where th1_0.device_id=? and th1_0.timestamp<?
2026-01-16 18:33:38.984 [Test worker] DEBUG org.hibernate.SQL - delete from telemetry_history where id=?
2026-01-16 18:33:38.985 [Test worker] DEBUG org.hibernate.SQL - select th1_0.id,th1_0.battery_voltage_v,th1_0.coolant_temp_c,th1_0.device_id,th1_0.diagnostic_codes,th1_0.engine_load_pct,th1_0.fuel_level_pct,th1_0.intake_air_temp_c,th1_0.maf_air_flow,th1_0.map_pressure,th1_0.oil_temp_c,th1_0.rpm,th1_0.speed_kph,th1_0.throttle_pct,th1_0.timestamp,th1_0.timing_advance from telemetry_history th1_0
2026-01-16 18:33:38.990 [Test worker] DEBUG org.hibernate.SQL - select th1_0.id,th1_0.battery_voltage_v,th1_0.coolant_temp_c,th1_0.device_id,th1_0.diagnostic_codes,th1_0.engine_load_pct,th1_0.fuel_level_pct,th1_0.intake_air_temp_c,th1_0.maf_air_flow,th1_0.map_pressure,th1_0.oil_temp_c,th1_0.rpm,th1_0.speed_kph,th1_0.throttle_pct,th1_0.timestamp,th1_0.timing_advance from telemetry_history th1_0
2026-01-16 18:33:38.992 [Test worker] DEBUG org.hibernate.SQL - insert into telemetry_history (battery_voltage_v,coolant_temp_c,device_id,diagnostic_codes,engine_load_pct,fuel_level_pct,intake_air_temp_c,maf_air_flow,map_pressure,oil_temp_c,rpm,speed_kph,throttle_pct,timestamp,timing_advance) values (?,?,?,?,?,?,?,?,?,?,?,?,?,?,?)
2026-01-16 18:33:38.994 [Test worker] DEBUG org.hibernate.SQL - insert into telemetry_history (battery_voltage_v,coolant_temp_c,device_id,diagnostic_codes,engine_load_pct,fuel_level_pct,intake_air_temp_c,maf_air_flow,map_pressure,oil_temp_c,rpm,speed_kph,throttle_pct,timestamp,timing_advance) values (?,?,?,?,?,?,?,?,?,?,?,?,?,?,?)
2026-01-16 18:33:38.997 [Test worker] DEBUG org.hibernate.SQL - select th1_0.id,th1_0.battery_voltage_v,th1_0.coolant_temp_c,th1_0.device_id,th1_0.diagnostic_codes,th1_0.engine_load_pct,th1_0.fuel_level_pct,th1_0.intake_air_temp_c,th1_0.maf_air_flow,th1_0.map_pressure,th1_0.oil_temp_c,th1_0.rpm,th1_0.speed_kph,th1_0.throttle_pct,th1_0.timestamp,th1_0.timing_advance from telemetry_history th1_0 where th1_0.device_id=? order by th1_0.timestamp desc fetch first ? rows only
2026-01-16 18:33:39.002 [Test worker] DEBUG org.hibernate.SQL - select th1_0.id,th1_0.battery_voltage_v,th1_0.coolant_temp_c,th1_0.device_id,th1_0.diagnostic_codes,th1_0.engine_load_pct,th1_0.fuel_level_pct,th1_0.intake_air_temp_c,th1_0.maf_air_flow,th1_0.map_pressure,th1_0.oil_temp_c,th1_0.rpm,th1_0.speed_kph,th1_0.throttle_pct,th1_0.timestamp,th1_0.timing_advance from telemetry_history th1_0
2026-01-16 18:33:39.004 [Test worker] DEBUG org.hibernate.SQL - insert into telemetry_history (battery_voltage_v,coolant_temp_c,device_id,diagnostic_codes,engine_load_pct,fuel_level_pct,intake_air_temp_c,maf_air_flow,map_pressure,oil_temp_c,rpm,speed_kph,throttle_pct,timestamp,timing_advance) values (?,?,?,?,?,?,?,?,?,?,?,?,?,?,?)
2026-01-16 18:33:39.006 [Test worker] DEBUG org.hibernate.SQL - insert into telemetry_history (battery_voltage_v,coolant_temp_c,device_id,diagnostic_codes,engine_load_pct,fuel_level_pct,intake_air_temp_c,maf_air_flow,map_pressure,oil_temp_c,rpm,speed_kph,throttle_pct,timestamp,timing_advance) values (?,?,?,?,?,?,?,?,?,?,?,?,?,?,?)
2026-01-16 18:33:39.008 [Test worker] DEBUG org.hibernate.SQL - insert into telemetry_history (battery_voltage_v,coolant_temp_c,device_id,diagnostic_codes,engine_load_pct,fuel_level_pct,intake_air_temp_c,maf_air_flow,map_pressure,oil_temp_c,rpm,speed_kph,throttle_pct,timestamp,timing_advance) values (?,?,?,?,?,?,?,?,?,?,?,?,?,?,?)
2026-01-16 18:33:39.010 [Test worker] DEBUG org.hibernate.SQL - select count(th1_0.id) from telemetry_history th1_0 where th1_0.device_id=?
2026-01-16 18:33:39.015 [Test worker] DEBUG org.hibernate.SQL - select th1_0.id,th1_0.battery_voltage_v,th1_0.coolant_temp_c,th1_0.device_id,th1_0.diagnostic_codes,th1_0.engine_load_pct,th1_0.fuel_level_pct,th1_0.intake_air_temp_c,th1_0.maf_air_flow,th1_0.map_pressure,th1_0.oil_temp_c,th1_0.rpm,th1_0.speed_kph,th1_0.throttle_pct,th1_0.timestamp,th1_0.timing_advance from telemetry_history th1_0
2026-01-16 18:33:39.017 [Test worker] DEBUG org.hibernate.SQL - insert into telemetry_history (battery_voltage_v,coolant_temp_c,device_id,diagnostic_codes,engine_load_pct,fuel_level_pct,intake_air_temp_c,maf_air_flow,map_pressure,oil_temp_c,rpm,speed_kph,throttle_pct,timestamp,timing_advance) values (?,?,?,?,?,?,?,?,?,?,?,?,?,?,?)
2026-01-16 18:33:39.019 [Test worker] DEBUG org.hibernate.SQL - insert into telemetry_history (battery_voltage_v,coolant_temp_c,device_id,diagnostic_codes,engine_load_pct,fuel_level_pct,intake_air_temp_c,maf_air_flow,map_pressure,oil_temp_c,rpm,speed_kph,throttle_pct,timestamp,timing_advance) values (?,?,?,?,?,?,?,?,?,?,?,?,?,?,?)
2026-01-16 18:33:39.021 [Test worker] DEBUG org.hibernate.SQL - insert into telemetry_history (battery_voltage_v,coolant_temp_c,device_id,diagnostic_codes,engine_load_pct,fuel_level_pct,intake_air_temp_c,maf_air_flow,map_pressure,oil_temp_c,rpm,speed_kph,throttle_pct,timestamp,timing_advance) values (?,?,?,?,?,?,?,?,?,?,?,?,?,?,?)
2026-01-16 18:33:39.022 [Test worker] DEBUG org.hibernate.SQL - insert into telemetry_history (battery_voltage_v,coolant_temp_c,device_id,diagnostic_codes,engine_load_pct,fuel_level_pct,intake_air_temp_c,maf_air_flow,map_pressure,oil_temp_c,rpm,speed_kph,throttle_pct,timestamp,timing_advance) values (?,?,?,?,?,?,?,?,?,?,?,?,?,?,?)
2026-01-16 18:33:39.027 [Test worker] DEBUG org.hibernate.SQL - select th1_0.id,th1_0.battery_voltage_v,th1_0.coolant_temp_c,th1_0.device_id,th1_0.diagnostic_codes,th1_0.engine_load_pct,th1_0.fuel_level_pct,th1_0.intake_air_temp_c,th1_0.maf_air_flow,th1_0.map_pressure,th1_0.oil_temp_c,th1_0.rpm,th1_0.speed_kph,th1_0.throttle_pct,th1_0.timestamp,th1_0.timing_advance from telemetry_history th1_0 where th1_0.device_id=? and th1_0.timestamp between ? and ? order by th1_0.timestamp desc fetch first ? rows only
2026-01-16 18:33:39.033 [Test worker] DEBUG org.hibernate.SQL - select th1_0.id,th1_0.battery_voltage_v,th1_0.coolant_temp_c,th1_0.device_id,th1_0.diagnostic_codes,th1_0.engine_load_pct,th1_0.fuel_level_pct,th1_0.intake_air_temp_c,th1_0.maf_air_flow,th1_0.map_pressure,th1_0.oil_temp_c,th1_0.rpm,th1_0.speed_kph,th1_0.throttle_pct,th1_0.timestamp,th1_0.timing_advance from telemetry_history th1_0
2026-01-16 18:33:39.035 [Test worker] DEBUG org.hibernate.SQL - insert into telemetry_history (battery_voltage_v,coolant_temp_c,device_id,diagnostic_codes,engine_load_pct,fuel_level_pct,intake_air_temp_c,maf_air_flow,map_pressure,oil_temp_c,rpm,speed_kph,throttle_pct,timestamp,timing_advance) values (?,?,?,?,?,?,?,?,?,?,?,?,?,?,?)
2026-01-16 18:33:39.040 [Test worker] INFO  o.s.t.c.s.AnnotationConfigContextLoaderUtils - Could not detect default configuration classes for test class [nl.fontys.db3.backend.integration.repository.TripRepositoryIT]: TripRepositoryIT does not declare any static, non-private, non-final, nested classes annotated with @Configuration.
2026-01-16 18:33:39.048 [Test worker] INFO  o.s.b.t.c.SpringBootTestContextBootstrapper - Found @SpringBootConfiguration nl.fontys.db3.backend.BackendApplication for test class nl.fontys.db3.backend.integration.repository.TripRepositoryIT
2026-01-16 18:33:39.052 [Test worker] DEBUG org.hibernate.SQL - select t1_0.id,t1_0.convoy_id,t1_0.created_at,t1_0.distance_km,t1_0.end_lat,t1_0.end_lng,t1_0.ended_at,t1_0.start_lat,t1_0.start_lng,t1_0.started_at,t1_0.user_id from trip t1_0
2026-01-16 18:33:39.054 [Test worker] DEBUG org.hibernate.SQL - select u1_0.id,u1_0.avatar_id,u1_0.background_id,u1_0.created_at,u1_0.email,u1_0.name,u1_0.password,u1_0.role_id,u1_0.username from app_user u1_0
2026-01-16 18:33:39.056 [Test worker] DEBUG org.hibernate.SQL - select r1_0.id,r1_0.name from role r1_0
2026-01-16 18:33:39.057 [Test worker] DEBUG org.hibernate.SQL - insert into role (name) values (?)
2026-01-16 18:33:39.058 [Test worker] DEBUG org.hibernate.SQL - insert into app_user (avatar_id,background_id,created_at,email,name,password,role_id,username) values (?,?,?,?,?,?,?,?)
2026-01-16 18:33:39.061 [Test worker] DEBUG org.hibernate.SQL - select t1_0.id,t1_0.convoy_id,t1_0.created_at,t1_0.distance_km,t1_0.end_lat,t1_0.end_lng,t1_0.ended_at,t1_0.start_lat,t1_0.start_lng,t1_0.started_at,t1_0.user_id from trip t1_0 join app_user u1_0 on u1_0.id=t1_0.user_id where u1_0.username=? order by t1_0.id desc
2026-01-16 18:33:39.067 [Test worker] DEBUG org.hibernate.SQL - select t1_0.id,t1_0.convoy_id,t1_0.created_at,t1_0.distance_km,t1_0.end_lat,t1_0.end_lng,t1_0.ended_at,t1_0.start_lat,t1_0.start_lng,t1_0.started_at,t1_0.user_id from trip t1_0
2026-01-16 18:33:39.068 [Test worker] DEBUG org.hibernate.SQL - select u1_0.id,u1_0.avatar_id,u1_0.background_id,u1_0.created_at,u1_0.email,u1_0.name,u1_0.password,u1_0.role_id,u1_0.username from app_user u1_0
2026-01-16 18:33:39.069 [Test worker] DEBUG org.hibernate.SQL - select r1_0.id,r1_0.name from role r1_0
2026-01-16 18:33:39.070 [Test worker] DEBUG org.hibernate.SQL - insert into role (name) values (?)
2026-01-16 18:33:39.072 [Test worker] DEBUG org.hibernate.SQL - insert into app_user (avatar_id,background_id,created_at,email,name,password,role_id,username) values (?,?,?,?,?,?,?,?)
2026-01-16 18:33:39.074 [Test worker] DEBUG org.hibernate.SQL - insert into trip (convoy_id,created_at,distance_km,end_lat,end_lng,ended_at,start_lat,start_lng,started_at,user_id) values (?,?,?,?,?,?,?,?,?,?)
2026-01-16 18:33:39.080 [Test worker] DEBUG org.hibernate.SQL - select t1_0.id,t1_0.convoy_id,t1_0.created_at,t1_0.distance_km,t1_0.end_lat,t1_0.end_lng,t1_0.ended_at,t1_0.start_lat,t1_0.start_lng,t1_0.started_at,t1_0.user_id from trip t1_0
2026-01-16 18:33:39.081 [Test worker] DEBUG org.hibernate.SQL - select u1_0.id,u1_0.avatar_id,u1_0.background_id,u1_0.created_at,u1_0.email,u1_0.name,u1_0.password,u1_0.role_id,u1_0.username from app_user u1_0
2026-01-16 18:33:39.082 [Test worker] DEBUG org.hibernate.SQL - select r1_0.id,r1_0.name from role r1_0
2026-01-16 18:33:39.083 [Test worker] DEBUG org.hibernate.SQL - insert into role (name) values (?)
2026-01-16 18:33:39.084 [Test worker] DEBUG org.hibernate.SQL - insert into app_user (avatar_id,background_id,created_at,email,name,password,role_id,username) values (?,?,?,?,?,?,?,?)
2026-01-16 18:33:39.086 [Test worker] DEBUG org.hibernate.SQL - insert into trip (convoy_id,created_at,distance_km,end_lat,end_lng,ended_at,start_lat,start_lng,started_at,user_id) values (?,?,?,?,?,?,?,?,?,?)
2026-01-16 18:33:39.088 [Test worker] DEBUG org.hibernate.SQL - insert into trip (convoy_id,created_at,distance_km,end_lat,end_lng,ended_at,start_lat,start_lng,started_at,user_id) values (?,?,?,?,?,?,?,?,?,?)
2026-01-16 18:33:39.090 [Test worker] DEBUG org.hibernate.SQL - select t1_0.id,t1_0.convoy_id,t1_0.created_at,t1_0.distance_km,t1_0.end_lat,t1_0.end_lng,t1_0.ended_at,t1_0.start_lat,t1_0.start_lng,t1_0.started_at,t1_0.user_id from trip t1_0 join app_user u1_0 on u1_0.id=t1_0.user_id where u1_0.username=? order by t1_0.id desc
2026-01-16 18:33:39.095 [Test worker] DEBUG org.hibernate.SQL - select t1_0.id,t1_0.convoy_id,t1_0.created_at,t1_0.distance_km,t1_0.end_lat,t1_0.end_lng,t1_0.ended_at,t1_0.start_lat,t1_0.start_lng,t1_0.started_at,t1_0.user_id from trip t1_0
2026-01-16 18:33:39.097 [Test worker] DEBUG org.hibernate.SQL - select u1_0.id,u1_0.avatar_id,u1_0.background_id,u1_0.created_at,u1_0.email,u1_0.name,u1_0.password,u1_0.role_id,u1_0.username from app_user u1_0
2026-01-16 18:33:39.098 [Test worker] DEBUG org.hibernate.SQL - select r1_0.id,r1_0.name from role r1_0
2026-01-16 18:33:39.099 [Test worker] DEBUG org.hibernate.SQL - insert into role (name) values (?)
2026-01-16 18:33:39.100 [Test worker] DEBUG org.hibernate.SQL - insert into app_user (avatar_id,background_id,created_at,email,name,password,role_id,username) values (?,?,?,?,?,?,?,?)
2026-01-16 18:33:39.102 [Test worker] DEBUG org.hibernate.SQL - insert into trip (convoy_id,created_at,distance_km,end_lat,end_lng,ended_at,start_lat,start_lng,started_at,user_id) values (?,?,?,?,?,?,?,?,?,?)
2026-01-16 18:33:39.107 [Test worker] INFO  o.s.t.c.s.AnnotationConfigContextLoaderUtils - Could not detect default configuration classes for test class [nl.fontys.db3.backend.integration.repository.UserRepositoryIT]: UserRepositoryIT does not declare any static, non-private, non-final, nested classes annotated with @Configuration.
2026-01-16 18:33:39.114 [Test worker] INFO  o.s.b.t.c.SpringBootTestContextBootstrapper - Found @SpringBootConfiguration nl.fontys.db3.backend.BackendApplication for test class nl.fontys.db3.backend.integration.repository.UserRepositoryIT
2026-01-16 18:33:39.118 [Test worker] DEBUG org.hibernate.SQL - select u1_0.id,u1_0.avatar_id,u1_0.background_id,u1_0.created_at,u1_0.email,u1_0.name,u1_0.password,u1_0.role_id,u1_0.username from app_user u1_0
2026-01-16 18:33:39.121 [Test worker] DEBUG org.hibernate.SQL - select r1_0.id,r1_0.name from role r1_0
2026-01-16 18:33:39.121 [Test worker] DEBUG org.hibernate.SQL - insert into role (name) values (?)
2026-01-16 18:33:39.123 [Test worker] DEBUG org.hibernate.SQL - insert into app_user (avatar_id,background_id,created_at,email,name,password,role_id,username) values (?,?,?,?,?,?,?,?)
2026-01-16 18:33:39.125 [Test worker] DEBUG org.hibernate.SQL - select u1_0.id from app_user u1_0 where u1_0.email=? fetch first ? rows only
2026-01-16 18:33:39.127 [Test worker] DEBUG org.hibernate.SQL - select u1_0.id from app_user u1_0 where u1_0.email=? fetch first ? rows only
2026-01-16 18:33:39.132 [Test worker] DEBUG org.hibernate.SQL - select u1_0.id,u1_0.avatar_id,u1_0.background_id,u1_0.created_at,u1_0.email,u1_0.name,u1_0.password,u1_0.role_id,u1_0.username from app_user u1_0
2026-01-16 18:33:39.133 [Test worker] DEBUG org.hibernate.SQL - select r1_0.id,r1_0.name from role r1_0
2026-01-16 18:33:39.137 [Test worker] DEBUG org.hibernate.SQL - insert into role (name) values (?)
2026-01-16 18:33:39.139 [Test worker] DEBUG org.hibernate.SQL - insert into app_user (avatar_id,background_id,created_at,email,name,password,role_id,username) values (?,?,?,?,?,?,?,?)
2026-01-16 18:33:39.141 [Test worker] DEBUG org.hibernate.SQL - select u1_0.id,u1_0.avatar_id,u1_0.background_id,u1_0.created_at,u1_0.email,u1_0.name,u1_0.password,u1_0.role_id,u1_0.username from app_user u1_0 where u1_0.email=?
2026-01-16 18:33:39.147 [Test worker] DEBUG org.hibernate.SQL - select u1_0.id,u1_0.avatar_id,u1_0.background_id,u1_0.created_at,u1_0.email,u1_0.name,u1_0.password,u1_0.role_id,u1_0.username from app_user u1_0
2026-01-16 18:33:39.148 [Test worker] DEBUG org.hibernate.SQL - select r1_0.id,r1_0.name from role r1_0
2026-01-16 18:33:39.149 [Test worker] DEBUG org.hibernate.SQL - insert into role (name) values (?)
2026-01-16 18:33:39.151 [Test worker] DEBUG org.hibernate.SQL - insert into app_user (avatar_id,background_id,created_at,email,name,password,role_id,username) values (?,?,?,?,?,?,?,?)
2026-01-16 18:33:39.154 [Test worker] DEBUG org.hibernate.SQL - select u1_0.id from app_user u1_0 where u1_0.username=? fetch first ? rows only
2026-01-16 18:33:39.155 [Test worker] DEBUG org.hibernate.SQL - select u1_0.id from app_user u1_0 where u1_0.username=? fetch first ? rows only
2026-01-16 18:33:39.160 [Test worker] DEBUG org.hibernate.SQL - select u1_0.id,u1_0.avatar_id,u1_0.background_id,u1_0.created_at,u1_0.email,u1_0.name,u1_0.password,u1_0.role_id,u1_0.username from app_user u1_0
2026-01-16 18:33:39.162 [Test worker] DEBUG org.hibernate.SQL - select r1_0.id,r1_0.name from role r1_0
2026-01-16 18:33:39.163 [Test worker] DEBUG org.hibernate.SQL - insert into role (name) values (?)
2026-01-16 18:33:39.165 [Test worker] DEBUG org.hibernate.SQL - insert into app_user (avatar_id,background_id,created_at,email,name,password,role_id,username) values (?,?,?,?,?,?,?,?)
2026-01-16 18:33:39.168 [Test worker] DEBUG org.hibernate.SQL - select u1_0.id,u1_0.avatar_id,u1_0.background_id,u1_0.created_at,u1_0.email,u1_0.name,u1_0.password,u1_0.role_id,u1_0.username from app_user u1_0 where u1_0.username=?
2026-01-16 18:33:39.173 [Test worker] DEBUG org.hibernate.SQL - select u1_0.id,u1_0.avatar_id,u1_0.background_id,u1_0.created_at,u1_0.email,u1_0.name,u1_0.password,u1_0.role_id,u1_0.username from app_user u1_0
2026-01-16 18:33:39.174 [Test worker] DEBUG org.hibernate.SQL - select r1_0.id,r1_0.name from role r1_0
2026-01-16 18:33:39.175 [Test worker] DEBUG org.hibernate.SQL - insert into role (name) values (?)
2026-01-16 18:33:39.177 [Test worker] DEBUG org.hibernate.SQL - insert into app_user (avatar_id,background_id,created_at,email,name,password,role_id,username) values (?,?,?,?,?,?,?,?)
2026-01-16 18:33:39.183 [Test worker] INFO  o.s.t.c.s.AnnotationConfigContextLoaderUtils - Could not detect default configuration classes for test class [nl.fontys.db3.backend.integration.repository.VoteRepositoryIT]: VoteRepositoryIT does not declare any static, non-private, non-final, nested classes annotated with @Configuration.
2026-01-16 18:33:39.189 [Test worker] INFO  o.s.b.t.c.SpringBootTestContextBootstrapper - Found @SpringBootConfiguration nl.fontys.db3.backend.BackendApplication for test class nl.fontys.db3.backend.integration.repository.VoteRepositoryIT
2026-01-16 18:33:39.193 [Test worker] DEBUG org.hibernate.SQL - select v1_0.id,v1_0.created_at,v1_0.hazard_report_id,v1_0.user_id,v1_0.vote_type from vote v1_0
2026-01-16 18:33:39.196 [Test worker] DEBUG org.hibernate.SQL - select hr1_0.id,hr1_0.category_id,hr1_0.created_at,hr1_0.created_by_id,hr1_0.latitude,hr1_0.longitude,hr1_0.status from hazard_report hr1_0
2026-01-16 18:33:39.197 [Test worker] DEBUG org.hibernate.SQL - select u1_0.id,u1_0.avatar_id,u1_0.background_id,u1_0.created_at,u1_0.email,u1_0.name,u1_0.password,u1_0.role_id,u1_0.username from app_user u1_0
2026-01-16 18:33:39.198 [Test worker] DEBUG org.hibernate.SQL - select hc1_0.id,hc1_0.active,hc1_0.icon_path,hc1_0.name from hazard_category hc1_0
2026-01-16 18:33:39.199 [Test worker] DEBUG org.hibernate.SQL - select r1_0.id,r1_0.name from role r1_0
2026-01-16 18:33:39.200 [Test worker] DEBUG org.hibernate.SQL - insert into role (name) values (?)
2026-01-16 18:33:39.201 [Test worker] DEBUG org.hibernate.SQL - insert into app_user (avatar_id,background_id,created_at,email,name,password,role_id,username) values (?,?,?,?,?,?,?,?)
2026-01-16 18:33:39.204 [Test worker] DEBUG org.hibernate.SQL - insert into app_user (avatar_id,background_id,created_at,email,name,password,role_id,username) values (?,?,?,?,?,?,?,?)
2026-01-16 18:33:39.206 [Test worker] DEBUG org.hibernate.SQL - insert into hazard_category (active,icon_path,name) values (?,?,?)
2026-01-16 18:33:39.207 [Test worker] DEBUG org.hibernate.SQL - insert into hazard_report (category_id,created_at,created_by_id,latitude,longitude,status) values (?,?,?,?,?,?)
2026-01-16 18:33:39.209 [Test worker] DEBUG org.hibernate.SQL - insert into vote (created_at,hazard_report_id,user_id,vote_type) values (?,?,?,?)
2026-01-16 18:33:39.213 [Test worker] DEBUG org.hibernate.SQL - select v1_0.id,v1_0.created_at,v1_0.hazard_report_id,v1_0.user_id,v1_0.vote_type from vote v1_0 join hazard_report hr1_0 on hr1_0.id=v1_0.hazard_report_id join app_user u1_0 on u1_0.id=v1_0.user_id where hr1_0.id=? and u1_0.id=?
2026-01-16 18:33:39.219 [Test worker] DEBUG org.hibernate.SQL - select v1_0.id,v1_0.created_at,v1_0.hazard_report_id,v1_0.user_id,v1_0.vote_type from vote v1_0
2026-01-16 18:33:39.221 [Test worker] DEBUG org.hibernate.SQL - select hr1_0.id,hr1_0.category_id,hr1_0.created_at,hr1_0.created_by_id,hr1_0.latitude,hr1_0.longitude,hr1_0.status from hazard_report hr1_0
2026-01-16 18:33:39.222 [Test worker] DEBUG org.hibernate.SQL - select u1_0.id,u1_0.avatar_id,u1_0.background_id,u1_0.created_at,u1_0.email,u1_0.name,u1_0.password,u1_0.role_id,u1_0.username from app_user u1_0
2026-01-16 18:33:39.223 [Test worker] DEBUG org.hibernate.SQL - select hc1_0.id,hc1_0.active,hc1_0.icon_path,hc1_0.name from hazard_category hc1_0
2026-01-16 18:33:39.224 [Test worker] DEBUG org.hibernate.SQL - select r1_0.id,r1_0.name from role r1_0
2026-01-16 18:33:39.225 [Test worker] DEBUG org.hibernate.SQL - insert into role (name) values (?)
2026-01-16 18:33:39.227 [Test worker] DEBUG org.hibernate.SQL - insert into app_user (avatar_id,background_id,created_at,email,name,password,role_id,username) values (?,?,?,?,?,?,?,?)
2026-01-16 18:33:39.229 [Test worker] DEBUG org.hibernate.SQL - insert into app_user (avatar_id,background_id,created_at,email,name,password,role_id,username) values (?,?,?,?,?,?,?,?)
2026-01-16 18:33:39.232 [Test worker] DEBUG org.hibernate.SQL - insert into hazard_category (active,icon_path,name) values (?,?,?)
2026-01-16 18:33:39.233 [Test worker] DEBUG org.hibernate.SQL - insert into hazard_report (category_id,created_at,created_by_id,latitude,longitude,status) values (?,?,?,?,?,?)
2026-01-16 18:33:39.235 [Test worker] DEBUG org.hibernate.SQL - insert into vote (created_at,hazard_report_id,user_id,vote_type) values (?,?,?,?)
2026-01-16 18:33:39.237 [Test worker] DEBUG org.hibernate.SQL - insert into vote (created_at,hazard_report_id,user_id,vote_type) values (?,?,?,?)
2026-01-16 18:33:39.238 [Test worker] WARN  o.h.e.jdbc.spi.SqlExceptionHelper - SQL Error: 0, SQLState: 23505
2026-01-16 18:33:39.238 [Test worker] ERROR o.h.e.jdbc.spi.SqlExceptionHelper - ERROR: duplicate key value violates unique constraint "uq_vote_user_hazard"
  Detail: Key (user_id, hazard_report_id)=(8233, 1663) already exists.
2026-01-16 18:33:39.244 [Test worker] DEBUG org.hibernate.SQL - select v1_0.id,v1_0.created_at,v1_0.hazard_report_id,v1_0.user_id,v1_0.vote_type from vote v1_0
2026-01-16 18:33:39.246 [Test worker] DEBUG org.hibernate.SQL - select hr1_0.id,hr1_0.category_id,hr1_0.created_at,hr1_0.created_by_id,hr1_0.latitude,hr1_0.longitude,hr1_0.status from hazard_report hr1_0
2026-01-16 18:33:39.247 [Test worker] DEBUG org.hibernate.SQL - select u1_0.id,u1_0.avatar_id,u1_0.background_id,u1_0.created_at,u1_0.email,u1_0.name,u1_0.password,u1_0.role_id,u1_0.username from app_user u1_0
2026-01-16 18:33:39.248 [Test worker] DEBUG org.hibernate.SQL - select hc1_0.id,hc1_0.active,hc1_0.icon_path,hc1_0.name from hazard_category hc1_0
2026-01-16 18:33:39.249 [Test worker] DEBUG org.hibernate.SQL - select r1_0.id,r1_0.name from role r1_0
2026-01-16 18:33:39.251 [Test worker] DEBUG org.hibernate.SQL - insert into role (name) values (?)
2026-01-16 18:33:39.252 [Test worker] DEBUG org.hibernate.SQL - insert into app_user (avatar_id,background_id,created_at,email,name,password,role_id,username) values (?,?,?,?,?,?,?,?)
2026-01-16 18:33:39.254 [Test worker] DEBUG org.hibernate.SQL - insert into app_user (avatar_id,background_id,created_at,email,name,password,role_id,username) values (?,?,?,?,?,?,?,?)
2026-01-16 18:33:39.257 [Test worker] DEBUG org.hibernate.SQL - insert into hazard_category (active,icon_path,name) values (?,?,?)
2026-01-16 18:33:39.260 [Test worker] DEBUG org.hibernate.SQL - insert into hazard_report (category_id,created_at,created_by_id,latitude,longitude,status) values (?,?,?,?,?,?)
2026-01-16 18:33:39.262 [Test worker] DEBUG org.hibernate.SQL - insert into vote (created_at,hazard_report_id,user_id,vote_type) values (?,?,?,?)
2026-01-16 18:33:39.264 [Test worker] DEBUG org.hibernate.SQL - insert into vote (created_at,hazard_report_id,user_id,vote_type) values (?,?,?,?)
2026-01-16 18:33:39.265 [Test worker] DEBUG org.hibernate.SQL - insert into app_user (avatar_id,background_id,created_at,email,name,password,role_id,username) values (?,?,?,?,?,?,?,?)
2026-01-16 18:33:39.267 [Test worker] DEBUG org.hibernate.SQL - insert into vote (created_at,hazard_report_id,user_id,vote_type) values (?,?,?,?)
2026-01-16 18:33:39.270 [Test worker] DEBUG org.hibernate.SQL - select count(v1_0.id) from vote v1_0 join hazard_report hr1_0 on hr1_0.id=v1_0.hazard_report_id where hr1_0.id=? and v1_0.vote_type=?
2026-01-16 18:33:39.272 [Test worker] DEBUG org.hibernate.SQL - select count(v1_0.id) from vote v1_0 join hazard_report hr1_0 on hr1_0.id=v1_0.hazard_report_id where hr1_0.id=? and v1_0.vote_type=?
2026-01-16 18:33:39.277 [Test worker] DEBUG org.hibernate.SQL - select v1_0.id,v1_0.created_at,v1_0.hazard_report_id,v1_0.user_id,v1_0.vote_type from vote v1_0
2026-01-16 18:33:39.279 [Test worker] DEBUG org.hibernate.SQL - select hr1_0.id,hr1_0.category_id,hr1_0.created_at,hr1_0.created_by_id,hr1_0.latitude,hr1_0.longitude,hr1_0.status from hazard_report hr1_0
2026-01-16 18:33:39.280 [Test worker] DEBUG org.hibernate.SQL - select u1_0.id,u1_0.avatar_id,u1_0.background_id,u1_0.created_at,u1_0.email,u1_0.name,u1_0.password,u1_0.role_id,u1_0.username from app_user u1_0
2026-01-16 18:33:39.281 [Test worker] DEBUG org.hibernate.SQL - select hc1_0.id,hc1_0.active,hc1_0.icon_path,hc1_0.name from hazard_category hc1_0
2026-01-16 18:33:39.282 [Test worker] DEBUG org.hibernate.SQL - select r1_0.id,r1_0.name from role r1_0
2026-01-16 18:33:39.283 [Test worker] DEBUG org.hibernate.SQL - insert into role (name) values (?)
2026-01-16 18:33:39.284 [Test worker] DEBUG org.hibernate.SQL - insert into app_user (avatar_id,background_id,created_at,email,name,password,role_id,username) values (?,?,?,?,?,?,?,?)
2026-01-16 18:33:39.286 [Test worker] DEBUG org.hibernate.SQL - insert into app_user (avatar_id,background_id,created_at,email,name,password,role_id,username) values (?,?,?,?,?,?,?,?)
2026-01-16 18:33:39.287 [Test worker] DEBUG org.hibernate.SQL - insert into hazard_category (active,icon_path,name) values (?,?,?)
2026-01-16 18:33:39.289 [Test worker] DEBUG org.hibernate.SQL - insert into hazard_report (category_id,created_at,created_by_id,latitude,longitude,status) values (?,?,?,?,?,?)
2026-01-16 18:33:39.290 [Test worker] DEBUG org.hibernate.SQL - insert into hazard_category (active,icon_path,name) values (?,?,?)
2026-01-16 18:33:39.292 [Test worker] DEBUG org.hibernate.SQL - insert into hazard_report (category_id,created_at,created_by_id,latitude,longitude,status) values (?,?,?,?,?,?)
2026-01-16 18:33:39.295 [Test worker] DEBUG org.hibernate.SQL - insert into vote (created_at,hazard_report_id,user_id,vote_type) values (?,?,?,?)
2026-01-16 18:33:39.297 [Test worker] DEBUG org.hibernate.SQL - insert into vote (created_at,hazard_report_id,user_id,vote_type) values (?,?,?,?)
2026-01-16 18:33:39.301 [Test worker] DEBUG org.hibernate.SQL - select count(v1_0.id) from vote v1_0 join app_user u1_0 on u1_0.id=v1_0.user_id where u1_0.username=?
2026-01-16 18:33:39.306 [Test worker] DEBUG org.hibernate.SQL - select v1_0.id,v1_0.created_at,v1_0.hazard_report_id,v1_0.user_id,v1_0.vote_type from vote v1_0
2026-01-16 18:33:39.308 [Test worker] DEBUG org.hibernate.SQL - select hr1_0.id,hr1_0.category_id,hr1_0.created_at,hr1_0.created_by_id,hr1_0.latitude,hr1_0.longitude,hr1_0.status from hazard_report hr1_0
2026-01-16 18:33:39.309 [Test worker] DEBUG org.hibernate.SQL - select u1_0.id,u1_0.avatar_id,u1_0.background_id,u1_0.created_at,u1_0.email,u1_0.name,u1_0.password,u1_0.role_id,u1_0.username from app_user u1_0
2026-01-16 18:33:39.311 [Test worker] DEBUG org.hibernate.SQL - select hc1_0.id,hc1_0.active,hc1_0.icon_path,hc1_0.name from hazard_category hc1_0
2026-01-16 18:33:39.312 [Test worker] DEBUG org.hibernate.SQL - select r1_0.id,r1_0.name from role r1_0
2026-01-16 18:33:39.312 [Test worker] DEBUG org.hibernate.SQL - insert into role (name) values (?)
2026-01-16 18:33:39.313 [Test worker] DEBUG org.hibernate.SQL - insert into app_user (avatar_id,background_id,created_at,email,name,password,role_id,username) values (?,?,?,?,?,?,?,?)
2026-01-16 18:33:39.315 [Test worker] DEBUG org.hibernate.SQL - insert into app_user (avatar_id,background_id,created_at,email,name,password,role_id,username) values (?,?,?,?,?,?,?,?)
2026-01-16 18:33:39.316 [Test worker] DEBUG org.hibernate.SQL - insert into hazard_category (active,icon_path,name) values (?,?,?)
2026-01-16 18:33:39.317 [Test worker] DEBUG org.hibernate.SQL - insert into hazard_report (category_id,created_at,created_by_id,latitude,longitude,status) values (?,?,?,?,?,?)
2026-01-16 18:33:39.321 [Test worker] DEBUG org.hibernate.SQL - select v1_0.id,v1_0.created_at,v1_0.hazard_report_id,v1_0.user_id,v1_0.vote_type from vote v1_0 join hazard_report hr1_0 on hr1_0.id=v1_0.hazard_report_id join app_user u1_0 on u1_0.id=v1_0.user_id where hr1_0.id=? and u1_0.id=?
2026-01-16 18:33:39.326 [Test worker] DEBUG org.hibernate.SQL - select v1_0.id,v1_0.created_at,v1_0.hazard_report_id,v1_0.user_id,v1_0.vote_type from vote v1_0
2026-01-16 18:33:39.328 [Test worker] DEBUG org.hibernate.SQL - select hr1_0.id,hr1_0.category_id,hr1_0.created_at,hr1_0.created_by_id,hr1_0.latitude,hr1_0.longitude,hr1_0.status from hazard_report hr1_0
2026-01-16 18:33:39.329 [Test worker] DEBUG org.hibernate.SQL - select u1_0.id,u1_0.avatar_id,u1_0.background_id,u1_0.created_at,u1_0.email,u1_0.name,u1_0.password,u1_0.role_id,u1_0.username from app_user u1_0
2026-01-16 18:33:39.330 [Test worker] DEBUG org.hibernate.SQL - select hc1_0.id,hc1_0.active,hc1_0.icon_path,hc1_0.name from hazard_category hc1_0
2026-01-16 18:33:39.331 [Test worker] DEBUG org.hibernate.SQL - select r1_0.id,r1_0.name from role r1_0
2026-01-16 18:33:39.332 [Test worker] DEBUG org.hibernate.SQL - insert into role (name) values (?)
2026-01-16 18:33:39.333 [Test worker] DEBUG org.hibernate.SQL - insert into app_user (avatar_id,background_id,created_at,email,name,password,role_id,username) values (?,?,?,?,?,?,?,?)
2026-01-16 18:33:39.335 [Test worker] DEBUG org.hibernate.SQL - insert into app_user (avatar_id,background_id,created_at,email,name,password,role_id,username) values (?,?,?,?,?,?,?,?)
2026-01-16 18:33:39.337 [Test worker] DEBUG org.hibernate.SQL - insert into hazard_category (active,icon_path,name) values (?,?,?)
2026-01-16 18:33:39.338 [Test worker] DEBUG org.hibernate.SQL - insert into hazard_report (category_id,created_at,created_by_id,latitude,longitude,status) values (?,?,?,?,?,?)
2026-01-16 18:33:39.340 [Test worker] DEBUG org.hibernate.SQL - insert into vote (created_at,hazard_report_id,user_id,vote_type) values (?,?,?,?)
2026-01-16 18:33:39.343 [Test worker] DEBUG org.hibernate.SQL - select v1_0.id from vote v1_0 join hazard_report hr1_0 on hr1_0.id=v1_0.hazard_report_id join app_user u1_0 on u1_0.id=v1_0.user_id where hr1_0.id=? and u1_0.id=? fetch first ? rows only
2026-01-16 18:33:39.349 [Test worker] DEBUG org.hibernate.SQL - select v1_0.id,v1_0.created_at,v1_0.hazard_report_id,v1_0.user_id,v1_0.vote_type from vote v1_0
2026-01-16 18:33:39.350 [Test worker] DEBUG org.hibernate.SQL - select hr1_0.id,hr1_0.category_id,hr1_0.created_at,hr1_0.created_by_id,hr1_0.latitude,hr1_0.longitude,hr1_0.status from hazard_report hr1_0
2026-01-16 18:33:39.352 [Test worker] DEBUG org.hibernate.SQL - select u1_0.id,u1_0.avatar_id,u1_0.background_id,u1_0.created_at,u1_0.email,u1_0.name,u1_0.password,u1_0.role_id,u1_0.username from app_user u1_0
2026-01-16 18:33:39.353 [Test worker] DEBUG org.hibernate.SQL - select hc1_0.id,hc1_0.active,hc1_0.icon_path,hc1_0.name from hazard_category hc1_0
2026-01-16 18:33:39.354 [Test worker] DEBUG org.hibernate.SQL - select r1_0.id,r1_0.name from role r1_0
2026-01-16 18:33:39.355 [Test worker] DEBUG org.hibernate.SQL - insert into role (name) values (?)
2026-01-16 18:33:39.356 [Test worker] DEBUG org.hibernate.SQL - insert into app_user (avatar_id,background_id,created_at,email,name,password,role_id,username) values (?,?,?,?,?,?,?,?)
2026-01-16 18:33:39.357 [Test worker] DEBUG org.hibernate.SQL - insert into app_user (avatar_id,background_id,created_at,email,name,password,role_id,username) values (?,?,?,?,?,?,?,?)
2026-01-16 18:33:39.358 [Test worker] DEBUG org.hibernate.SQL - insert into hazard_category (active,icon_path,name) values (?,?,?)
2026-01-16 18:33:39.359 [Test worker] DEBUG org.hibernate.SQL - insert into hazard_report (category_id,created_at,created_by_id,latitude,longitude,status) values (?,?,?,?,?,?)
2026-01-16 18:33:39.363 [Test worker] DEBUG org.hibernate.SQL - select v1_0.id from vote v1_0 join hazard_report hr1_0 on hr1_0.id=v1_0.hazard_report_id join app_user u1_0 on u1_0.id=v1_0.user_id where hr1_0.id=? and u1_0.id=? fetch first ? rows only
2026-01-16 18:33:39.368 [Test worker] DEBUG org.hibernate.SQL - select v1_0.id,v1_0.created_at,v1_0.hazard_report_id,v1_0.user_id,v1_0.vote_type from vote v1_0
2026-01-16 18:33:39.369 [Test worker] DEBUG org.hibernate.SQL - select hr1_0.id,hr1_0.category_id,hr1_0.created_at,hr1_0.created_by_id,hr1_0.latitude,hr1_0.longitude,hr1_0.status from hazard_report hr1_0
2026-01-16 18:33:39.371 [Test worker] DEBUG org.hibernate.SQL - select u1_0.id,u1_0.avatar_id,u1_0.background_id,u1_0.created_at,u1_0.email,u1_0.name,u1_0.password,u1_0.role_id,u1_0.username from app_user u1_0
2026-01-16 18:33:39.372 [Test worker] DEBUG org.hibernate.SQL - select hc1_0.id,hc1_0.active,hc1_0.icon_path,hc1_0.name from hazard_category hc1_0
2026-01-16 18:33:39.373 [Test worker] DEBUG org.hibernate.SQL - select r1_0.id,r1_0.name from role r1_0
2026-01-16 18:33:39.373 [Test worker] DEBUG org.hibernate.SQL - insert into role (name) values (?)
2026-01-16 18:33:39.375 [Test worker] DEBUG org.hibernate.SQL - insert into app_user (avatar_id,background_id,created_at,email,name,password,role_id,username) values (?,?,?,?,?,?,?,?)
2026-01-16 18:33:39.377 [Test worker] DEBUG org.hibernate.SQL - insert into app_user (avatar_id,background_id,created_at,email,name,password,role_id,username) values (?,?,?,?,?,?,?,?)
2026-01-16 18:33:39.378 [Test worker] DEBUG org.hibernate.SQL - insert into hazard_category (active,icon_path,name) values (?,?,?)
2026-01-16 18:33:39.379 [Test worker] DEBUG org.hibernate.SQL - insert into hazard_report (category_id,created_at,created_by_id,latitude,longitude,status) values (?,?,?,?,?,?)
2026-01-16 18:33:39.381 [Test worker] DEBUG org.hibernate.SQL - insert into vote (created_at,hazard_report_id,user_id,vote_type) values (?,?,?,?)
2026-01-16 18:33:39.382 [Test worker] DEBUG org.hibernate.SQL - insert into vote (created_at,hazard_report_id,user_id,vote_type) values (?,?,?,?)
2026-01-16 18:33:39.386 [Test worker] DEBUG org.hibernate.SQL - select v1_0.id,v1_0.created_at,v1_0.hazard_report_id,v1_0.user_id,v1_0.vote_type from vote v1_0 join hazard_report hr1_0 on hr1_0.id=v1_0.hazard_report_id where hr1_0.id=?
2026-01-16 18:33:39.390 [Test worker] DEBUG org.hibernate.SQL - select v1_0.id,v1_0.created_at,v1_0.hazard_report_id,v1_0.user_id,v1_0.vote_type from vote v1_0
2026-01-16 18:33:39.391 [Test worker] DEBUG org.hibernate.SQL - select hr1_0.id,hr1_0.category_id,hr1_0.created_at,hr1_0.created_by_id,hr1_0.latitude,hr1_0.longitude,hr1_0.status from hazard_report hr1_0
2026-01-16 18:33:39.393 [Test worker] DEBUG org.hibernate.SQL - select u1_0.id,u1_0.avatar_id,u1_0.background_id,u1_0.created_at,u1_0.email,u1_0.name,u1_0.password,u1_0.role_id,u1_0.username from app_user u1_0
2026-01-16 18:33:39.394 [Test worker] DEBUG org.hibernate.SQL - select hc1_0.id,hc1_0.active,hc1_0.icon_path,hc1_0.name from hazard_category hc1_0
2026-01-16 18:33:39.395 [Test worker] DEBUG org.hibernate.SQL - select r1_0.id,r1_0.name from role r1_0
2026-01-16 18:33:39.396 [Test worker] DEBUG org.hibernate.SQL - insert into role (name) values (?)
2026-01-16 18:33:39.397 [Test worker] DEBUG org.hibernate.SQL - insert into app_user (avatar_id,background_id,created_at,email,name,password,role_id,username) values (?,?,?,?,?,?,?,?)
2026-01-16 18:33:39.398 [Test worker] DEBUG org.hibernate.SQL - insert into app_user (avatar_id,background_id,created_at,email,name,password,role_id,username) values (?,?,?,?,?,?,?,?)
2026-01-16 18:33:39.400 [Test worker] DEBUG org.hibernate.SQL - insert into hazard_category (active,icon_path,name) values (?,?,?)
2026-01-16 18:33:39.400 [Test worker] DEBUG org.hibernate.SQL - insert into hazard_report (category_id,created_at,created_by_id,latitude,longitude,status) values (?,?,?,?,?,?)
2026-01-16 18:33:39.403 [Test worker] DEBUG org.hibernate.SQL - insert into vote (created_at,hazard_report_id,user_id,vote_type) values (?,?,?,?)
2026-01-16 18:33:39.408 [Test worker] INFO  o.s.t.c.s.AnnotationConfigContextLoaderUtils - Could not detect default configuration classes for test class [nl.fontys.db3.backend.integration.service.FriendshipServiceIT]: FriendshipServiceIT does not declare any static, non-private, non-final, nested classes annotated with @Configuration.
2026-01-16 18:33:39.418 [Test worker] INFO  o.s.b.t.c.SpringBootTestContextBootstrapper - Found @SpringBootConfiguration nl.fontys.db3.backend.BackendApplication for test class nl.fontys.db3.backend.integration.service.FriendshipServiceIT
2026-01-16 18:33:39.442 [Test worker] INFO  n.f.d.b.i.s.FriendshipServiceIT - Starting FriendshipServiceIT using Java 21.0.9 with PID 50960 (started by Oscar in C:\Users\Oscar\source\repos\individual-project-s3\backend)
2026-01-16 18:33:39.442 [Test worker] INFO  n.f.d.b.i.s.FriendshipServiceIT - The following 1 profile is active: "test"
2026-01-16 18:33:39.752 [Test worker] INFO  o.s.d.r.c.RepositoryConfigurationDelegate - Bootstrapping Spring Data JPA repositories in DEFAULT mode.
2026-01-16 18:33:39.792 [Test worker] INFO  o.s.d.r.c.RepositoryConfigurationDelegate - Finished Spring Data repository scanning in 39 ms. Found 14 JPA repository interfaces.
2026-01-16 18:33:39.886 [Test worker] INFO  com.zaxxer.hikari.HikariDataSource - HikariPool-3 - Starting...
2026-01-16 18:33:39.901 [Test worker] INFO  com.zaxxer.hikari.pool.HikariPool - HikariPool-3 - Added connection org.postgresql.jdbc.PgConnection@f105118
2026-01-16 18:33:39.901 [Test worker] INFO  com.zaxxer.hikari.HikariDataSource - HikariPool-3 - Start completed.
2026-01-16 18:33:39.903 [Test worker] INFO  org.flywaydb.core.FlywayExecutor - Database: jdbc:postgresql://localhost:5432/testdb (PostgreSQL 16.11)
2026-01-16 18:33:39.925 [Test worker] INFO  o.f.core.internal.command.DbValidate - Successfully validated 3 migrations (execution time 00:00.009s)
2026-01-16 18:33:39.948 [Test worker] INFO  o.f.core.internal.command.DbMigrate - Current version of schema "public": 3
2026-01-16 18:33:39.949 [Test worker] INFO  o.f.core.internal.command.DbMigrate - Schema "public" is up to date. No migration necessary.
2026-01-16 18:33:39.986 [Test worker] INFO  o.s.o.j.p.SpringPersistenceUnitInfo - No LoadTimeWeaver setup: ignoring JPA class transformer
2026-01-16 18:33:40.131 [Test worker] INFO  o.s.o.j.LocalContainerEntityManagerFactoryBean - Initialized JPA EntityManagerFactory for persistence unit 'default'
2026-01-16 18:33:40.339 [Test worker] WARN  o.s.b.a.o.j.JpaBaseConfiguration$JpaWebConfiguration - spring.jpa.open-in-view is enabled by default. Therefore, database queries may be performed during view rendering. Explicitly configure spring.jpa.open-in-view to disable this warning
2026-01-16 18:33:40.419 [Test worker] INFO  o.s.b.a.e.web.EndpointLinksResolver - Exposing 1 endpoint beneath base path '/actuator'
2026-01-16 18:33:40.539 [Test worker] INFO  o.s.m.s.b.SimpleBrokerMessageHandler - Starting...
2026-01-16 18:33:40.539 [Test worker] INFO  o.s.m.s.b.SimpleBrokerMessageHandler - BrokerAvailabilityEvent[available=true, SimpleBrokerMessageHandler [org.springframework.messaging.simp.broker.DefaultSubscriptionRegistry@f208dc1]]
2026-01-16 18:33:40.539 [Test worker] INFO  o.s.m.s.b.SimpleBrokerMessageHandler - Started.
2026-01-16 18:33:40.547 [Test worker] INFO  n.f.d.b.i.s.FriendshipServiceIT - Started FriendshipServiceIT in 1.125 seconds (process running for 31.925)
2026-01-16 18:33:40.558 [Test worker] DEBUG org.hibernate.SQL - select f1_0.id,f1_0.addressee_id,f1_0.created_at,f1_0.requester_id,f1_0.status from friendship f1_0
2026-01-16 18:33:40.562 [Test worker] DEBUG org.hibernate.SQL - select u1_0.id,u1_0.avatar_id,u1_0.background_id,u1_0.created_at,u1_0.email,u1_0.name,u1_0.password,u1_0.role_id,u1_0.username from app_user u1_0
2026-01-16 18:33:40.565 [Test worker] DEBUG org.hibernate.SQL - select r1_0.id,r1_0.name from role r1_0
2026-01-16 18:33:40.567 [Test worker] DEBUG org.hibernate.SQL - insert into role (name) values (?)
2026-01-16 18:33:40.571 [Test worker] DEBUG org.hibernate.SQL - insert into app_user (avatar_id,background_id,created_at,email,name,password,role_id,username) values (?,?,?,?,?,?,?,?)
2026-01-16 18:33:40.574 [Test worker] DEBUG org.hibernate.SQL - insert into app_user (avatar_id,background_id,created_at,email,name,password,role_id,username) values (?,?,?,?,?,?,?,?)
2026-01-16 18:33:40.576 [Test worker] DEBUG org.hibernate.SQL - insert into app_user (avatar_id,background_id,created_at,email,name,password,role_id,username) values (?,?,?,?,?,?,?,?)
2026-01-16 18:33:40.585 [Test worker] DEBUG org.hibernate.SQL - select f1_0.id,f1_0.addressee_id,f1_0.created_at,f1_0.requester_id,f1_0.status from friendship f1_0 where (f1_0.requester_id=? and f1_0.addressee_id=?) or (f1_0.requester_id=? and f1_0.addressee_id=?)
2026-01-16 18:33:40.588 [Test worker] DEBUG org.hibernate.SQL - insert into friendship (addressee_id,created_at,requester_id,status) values (?,?,?,?)
2026-01-16 18:33:40.592 [Test worker] DEBUG org.hibernate.SQL - select u1_0.id,u1_0.avatar_id,u1_0.background_id,u1_0.created_at,u1_0.email,u1_0.name,u1_0.password,u1_0.role_id,u1_0.username from app_user u1_0 where u1_0.username=?
2026-01-16 18:33:40.594 [Test worker] DEBUG org.hibernate.SQL - select f1_0.id,f1_0.addressee_id,f1_0.created_at,f1_0.requester_id,f1_0.status from friendship f1_0 where (f1_0.requester_id=? and f1_0.addressee_id=?) or (f1_0.requester_id=? and f1_0.addressee_id=?)
2026-01-16 18:33:40.597 [Test worker] DEBUG org.hibernate.SQL - update friendship set addressee_id=?,created_at=?,requester_id=?,status=? where id=?
2026-01-16 18:33:40.599 [Test worker] DEBUG org.hibernate.SQL - select f1_0.id,f1_0.addressee_id,f1_0.created_at,f1_0.requester_id,f1_0.status from friendship f1_0 where (f1_0.requester_id=? and f1_0.addressee_id=?) or (f1_0.requester_id=? and f1_0.addressee_id=?)
2026-01-16 18:33:40.600 [Test worker] DEBUG org.hibernate.SQL - insert into friendship (addressee_id,created_at,requester_id,status) values (?,?,?,?)
2026-01-16 18:33:40.603 [Test worker] DEBUG org.hibernate.SQL - select u1_0.id,u1_0.avatar_id,u1_0.background_id,u1_0.created_at,u1_0.email,u1_0.name,u1_0.password,u1_0.role_id,u1_0.username from app_user u1_0 where u1_0.username=?
2026-01-16 18:33:40.604 [Test worker] DEBUG org.hibernate.SQL - select f1_0.id,f1_0.addressee_id,f1_0.created_at,f1_0.requester_id,f1_0.status from friendship f1_0 where (f1_0.requester_id=? and f1_0.addressee_id=?) or (f1_0.requester_id=? and f1_0.addressee_id=?)
2026-01-16 18:33:40.607 [Test worker] DEBUG org.hibernate.SQL - update friendship set addressee_id=?,created_at=?,requester_id=?,status=? where id=?
2026-01-16 18:33:40.609 [Test worker] DEBUG org.hibernate.SQL - select f1_0.id,f1_0.addressee_id,f1_0.created_at,f1_0.requester_id,f1_0.status from friendship f1_0 join app_user r1_0 on r1_0.id=f1_0.requester_id join app_user a1_0 on a1_0.id=f1_0.addressee_id where f1_0.status=? and r1_0.id=? or f1_0.status=? and a1_0.id=?
2026-01-16 18:33:40.616 [Test worker] DEBUG org.hibernate.SQL - select f1_0.id,f1_0.addressee_id,f1_0.created_at,f1_0.requester_id,f1_0.status from friendship f1_0
2026-01-16 18:33:40.619 [Test worker] DEBUG org.hibernate.SQL - select u1_0.id,u1_0.avatar_id,u1_0.background_id,u1_0.created_at,u1_0.email,u1_0.name,u1_0.password,u1_0.role_id,u1_0.username from app_user u1_0
2026-01-16 18:33:40.620 [Test worker] DEBUG org.hibernate.SQL - select r1_0.id,r1_0.name from role r1_0
2026-01-16 18:33:40.621 [Test worker] DEBUG org.hibernate.SQL - insert into role (name) values (?)
2026-01-16 18:33:40.622 [Test worker] DEBUG org.hibernate.SQL - insert into app_user (avatar_id,background_id,created_at,email,name,password,role_id,username) values (?,?,?,?,?,?,?,?)
2026-01-16 18:33:40.623 [Test worker] DEBUG org.hibernate.SQL - insert into app_user (avatar_id,background_id,created_at,email,name,password,role_id,username) values (?,?,?,?,?,?,?,?)
2026-01-16 18:33:40.625 [Test worker] DEBUG org.hibernate.SQL - insert into app_user (avatar_id,background_id,created_at,email,name,password,role_id,username) values (?,?,?,?,?,?,?,?)
2026-01-16 18:33:40.628 [Test worker] DEBUG org.hibernate.SQL - select f1_0.id,f1_0.addressee_id,f1_0.created_at,f1_0.requester_id,f1_0.status from friendship f1_0 where (f1_0.requester_id=? and f1_0.addressee_id=?) or (f1_0.requester_id=? and f1_0.addressee_id=?)
2026-01-16 18:33:40.630 [Test worker] DEBUG org.hibernate.SQL - insert into friendship (addressee_id,created_at,requester_id,status) values (?,?,?,?)
2026-01-16 18:33:40.632 [Test worker] DEBUG org.hibernate.SQL - select f1_0.id,f1_0.addressee_id,f1_0.created_at,f1_0.requester_id,f1_0.status from friendship f1_0 where (f1_0.requester_id=? and f1_0.addressee_id=?) or (f1_0.requester_id=? and f1_0.addressee_id=?)
2026-01-16 18:33:40.640 [Test worker] DEBUG org.hibernate.SQL - select f1_0.id,f1_0.addressee_id,f1_0.created_at,f1_0.requester_id,f1_0.status from friendship f1_0
2026-01-16 18:33:40.642 [Test worker] DEBUG org.hibernate.SQL - select u1_0.id,u1_0.avatar_id,u1_0.background_id,u1_0.created_at,u1_0.email,u1_0.name,u1_0.password,u1_0.role_id,u1_0.username from app_user u1_0
2026-01-16 18:33:40.644 [Test worker] DEBUG org.hibernate.SQL - select r1_0.id,r1_0.name from role r1_0
2026-01-16 18:33:40.646 [Test worker] DEBUG org.hibernate.SQL - insert into role (name) values (?)
2026-01-16 18:33:40.647 [Test worker] DEBUG org.hibernate.SQL - insert into app_user (avatar_id,background_id,created_at,email,name,password,role_id,username) values (?,?,?,?,?,?,?,?)
2026-01-16 18:33:40.649 [Test worker] DEBUG org.hibernate.SQL - insert into app_user (avatar_id,background_id,created_at,email,name,password,role_id,username) values (?,?,?,?,?,?,?,?)
2026-01-16 18:33:40.651 [Test worker] DEBUG org.hibernate.SQL - insert into app_user (avatar_id,background_id,created_at,email,name,password,role_id,username) values (?,?,?,?,?,?,?,?)
2026-01-16 18:33:40.659 [Test worker] DEBUG org.hibernate.SQL - select f1_0.id,f1_0.addressee_id,f1_0.created_at,f1_0.requester_id,f1_0.status from friendship f1_0
2026-01-16 18:33:40.661 [Test worker] DEBUG org.hibernate.SQL - select u1_0.id,u1_0.avatar_id,u1_0.background_id,u1_0.created_at,u1_0.email,u1_0.name,u1_0.password,u1_0.role_id,u1_0.username from app_user u1_0
2026-01-16 18:33:40.662 [Test worker] DEBUG org.hibernate.SQL - select r1_0.id,r1_0.name from role r1_0
2026-01-16 18:33:40.664 [Test worker] DEBUG org.hibernate.SQL - insert into role (name) values (?)
2026-01-16 18:33:40.665 [Test worker] DEBUG org.hibernate.SQL - insert into app_user (avatar_id,background_id,created_at,email,name,password,role_id,username) values (?,?,?,?,?,?,?,?)
2026-01-16 18:33:40.667 [Test worker] DEBUG org.hibernate.SQL - insert into app_user (avatar_id,background_id,created_at,email,name,password,role_id,username) values (?,?,?,?,?,?,?,?)
2026-01-16 18:33:40.669 [Test worker] DEBUG org.hibernate.SQL - insert into app_user (avatar_id,background_id,created_at,email,name,password,role_id,username) values (?,?,?,?,?,?,?,?)
2026-01-16 18:33:40.672 [Test worker] DEBUG org.hibernate.SQL - select u1_0.id,u1_0.avatar_id,u1_0.background_id,u1_0.created_at,u1_0.email,u1_0.name,u1_0.password,u1_0.role_id,u1_0.username from app_user u1_0 where u1_0.username=?
2026-01-16 18:33:40.675 [Test worker] DEBUG org.hibernate.SQL - select f1_0.id,f1_0.addressee_id,f1_0.created_at,f1_0.requester_id,f1_0.status from friendship f1_0 where (f1_0.requester_id=? and f1_0.addressee_id=?) or (f1_0.requester_id=? and f1_0.addressee_id=?)
2026-01-16 18:33:40.676 [Test worker] DEBUG org.hibernate.SQL - insert into friendship (addressee_id,created_at,requester_id,status) values (?,?,?,?)
2026-01-16 18:33:40.684 [Test worker] DEBUG org.hibernate.SQL - select f1_0.id,f1_0.addressee_id,f1_0.created_at,f1_0.requester_id,f1_0.status from friendship f1_0
2026-01-16 18:33:40.686 [Test worker] DEBUG org.hibernate.SQL - select u1_0.id,u1_0.avatar_id,u1_0.background_id,u1_0.created_at,u1_0.email,u1_0.name,u1_0.password,u1_0.role_id,u1_0.username from app_user u1_0
2026-01-16 18:33:40.688 [Test worker] DEBUG org.hibernate.SQL - select r1_0.id,r1_0.name from role r1_0
2026-01-16 18:33:40.690 [Test worker] DEBUG org.hibernate.SQL - insert into role (name) values (?)
2026-01-16 18:33:40.691 [Test worker] DEBUG org.hibernate.SQL - insert into app_user (avatar_id,background_id,created_at,email,name,password,role_id,username) values (?,?,?,?,?,?,?,?)
2026-01-16 18:33:40.695 [Test worker] DEBUG org.hibernate.SQL - insert into app_user (avatar_id,background_id,created_at,email,name,password,role_id,username) values (?,?,?,?,?,?,?,?)
2026-01-16 18:33:40.697 [Test worker] DEBUG org.hibernate.SQL - insert into app_user (avatar_id,background_id,created_at,email,name,password,role_id,username) values (?,?,?,?,?,?,?,?)
2026-01-16 18:33:40.701 [Test worker] DEBUG org.hibernate.SQL - select f1_0.id,f1_0.addressee_id,f1_0.created_at,f1_0.requester_id,f1_0.status from friendship f1_0 where (f1_0.requester_id=? and f1_0.addressee_id=?) or (f1_0.requester_id=? and f1_0.addressee_id=?)
2026-01-16 18:33:40.703 [Test worker] DEBUG org.hibernate.SQL - insert into friendship (addressee_id,created_at,requester_id,status) values (?,?,?,?)
2026-01-16 18:33:40.706 [Test worker] DEBUG org.hibernate.SQL - select f1_0.id,f1_0.addressee_id,f1_0.created_at,f1_0.requester_id,f1_0.status from friendship f1_0 join app_user a1_0 on a1_0.id=f1_0.addressee_id where a1_0.id=? and f1_0.status=?
2026-01-16 18:33:40.710 [Test worker] DEBUG org.hibernate.SQL - select f1_0.id,f1_0.addressee_id,f1_0.created_at,f1_0.requester_id,f1_0.status from friendship f1_0 join app_user r1_0 on r1_0.id=f1_0.requester_id where r1_0.id=? and f1_0.status=?
2026-01-16 18:33:40.713 [Test worker] DEBUG org.hibernate.SQL - select u1_0.id,u1_0.avatar_id,u1_0.background_id,u1_0.created_at,u1_0.email,u1_0.name,u1_0.password,u1_0.role_id,u1_0.username from app_user u1_0 where u1_0.username=?
2026-01-16 18:33:40.715 [Test worker] DEBUG org.hibernate.SQL - select f1_0.id,f1_0.addressee_id,f1_0.created_at,f1_0.requester_id,f1_0.status from friendship f1_0 where (f1_0.requester_id=? and f1_0.addressee_id=?) or (f1_0.requester_id=? and f1_0.addressee_id=?)
2026-01-16 18:33:40.717 [Test worker] DEBUG org.hibernate.SQL - update friendship set addressee_id=?,created_at=?,requester_id=?,status=? where id=?
2026-01-16 18:33:40.720 [Test worker] DEBUG org.hibernate.SQL - select f1_0.id,f1_0.addressee_id,f1_0.created_at,f1_0.requester_id,f1_0.status from friendship f1_0 join app_user r1_0 on r1_0.id=f1_0.requester_id join app_user a1_0 on a1_0.id=f1_0.addressee_id where f1_0.status=? and r1_0.id=? or f1_0.status=? and a1_0.id=?
2026-01-16 18:33:40.723 [Test worker] DEBUG org.hibernate.SQL - select f1_0.id,f1_0.addressee_id,f1_0.created_at,f1_0.requester_id,f1_0.status from friendship f1_0 join app_user r1_0 on r1_0.id=f1_0.requester_id join app_user a1_0 on a1_0.id=f1_0.addressee_id where f1_0.status=? and r1_0.id=? or f1_0.status=? and a1_0.id=?
2026-01-16 18:33:40.726 [Test worker] DEBUG org.hibernate.SQL - select f1_0.id,f1_0.addressee_id,f1_0.created_at,f1_0.requester_id,f1_0.status from friendship f1_0 where (f1_0.requester_id=? and f1_0.addressee_id=?) or (f1_0.requester_id=? and f1_0.addressee_id=?)
2026-01-16 18:33:40.729 [Test worker] DEBUG org.hibernate.SQL - delete from friendship where id=?
2026-01-16 18:33:40.731 [Test worker] DEBUG org.hibernate.SQL - select f1_0.id,f1_0.addressee_id,f1_0.created_at,f1_0.requester_id,f1_0.status from friendship f1_0 join app_user r1_0 on r1_0.id=f1_0.requester_id join app_user a1_0 on a1_0.id=f1_0.addressee_id where f1_0.status=? and r1_0.id=? or f1_0.status=? and a1_0.id=?
2026-01-16 18:33:40.734 [Test worker] DEBUG org.hibernate.SQL - select f1_0.id,f1_0.addressee_id,f1_0.created_at,f1_0.requester_id,f1_0.status from friendship f1_0 join app_user r1_0 on r1_0.id=f1_0.requester_id join app_user a1_0 on a1_0.id=f1_0.addressee_id where f1_0.status=? and r1_0.id=? or f1_0.status=? and a1_0.id=?
2026-01-16 18:33:40.741 [Test worker] DEBUG org.hibernate.SQL - select f1_0.id,f1_0.addressee_id,f1_0.created_at,f1_0.requester_id,f1_0.status from friendship f1_0
2026-01-16 18:33:40.744 [Test worker] DEBUG org.hibernate.SQL - select u1_0.id,u1_0.avatar_id,u1_0.background_id,u1_0.created_at,u1_0.email,u1_0.name,u1_0.password,u1_0.role_id,u1_0.username from app_user u1_0
2026-01-16 18:33:40.745 [Test worker] DEBUG org.hibernate.SQL - select r1_0.id,r1_0.name from role r1_0
2026-01-16 18:33:40.746 [Test worker] DEBUG org.hibernate.SQL - insert into role (name) values (?)
2026-01-16 18:33:40.747 [Test worker] DEBUG org.hibernate.SQL - insert into app_user (avatar_id,background_id,created_at,email,name,password,role_id,username) values (?,?,?,?,?,?,?,?)
2026-01-16 18:33:40.750 [Test worker] DEBUG org.hibernate.SQL - insert into app_user (avatar_id,background_id,created_at,email,name,password,role_id,username) values (?,?,?,?,?,?,?,?)
2026-01-16 18:33:40.751 [Test worker] DEBUG org.hibernate.SQL - insert into app_user (avatar_id,background_id,created_at,email,name,password,role_id,username) values (?,?,?,?,?,?,?,?)
2026-01-16 18:33:40.754 [Test worker] DEBUG org.hibernate.SQL - select f1_0.id,f1_0.addressee_id,f1_0.created_at,f1_0.requester_id,f1_0.status from friendship f1_0 where (f1_0.requester_id=? and f1_0.addressee_id=?) or (f1_0.requester_id=? and f1_0.addressee_id=?)
2026-01-16 18:33:40.755 [Test worker] DEBUG org.hibernate.SQL - insert into friendship (addressee_id,created_at,requester_id,status) values (?,?,?,?)
2026-01-16 18:33:40.758 [Test worker] DEBUG org.hibernate.SQL - select f1_0.id,f1_0.addressee_id,f1_0.created_at,f1_0.requester_id,f1_0.status from friendship f1_0 join app_user a1_0 on a1_0.id=f1_0.addressee_id where a1_0.id=? and f1_0.status=?
2026-01-16 18:33:40.761 [Test worker] DEBUG org.hibernate.SQL - select u1_0.id,u1_0.avatar_id,u1_0.background_id,u1_0.created_at,u1_0.email,u1_0.name,u1_0.password,u1_0.role_id,u1_0.username from app_user u1_0 where u1_0.username=?
2026-01-16 18:33:40.763 [Test worker] DEBUG org.hibernate.SQL - select f1_0.id,f1_0.addressee_id,f1_0.created_at,f1_0.requester_id,f1_0.status from friendship f1_0 where (f1_0.requester_id=? and f1_0.addressee_id=?) or (f1_0.requester_id=? and f1_0.addressee_id=?)
2026-01-16 18:33:40.765 [Test worker] DEBUG org.hibernate.SQL - delete from friendship where id=?
2026-01-16 18:33:40.766 [Test worker] DEBUG org.hibernate.SQL - select f1_0.id,f1_0.addressee_id,f1_0.created_at,f1_0.requester_id,f1_0.status from friendship f1_0 join app_user a1_0 on a1_0.id=f1_0.addressee_id where a1_0.id=? and f1_0.status=?
2026-01-16 18:33:40.773 [Test worker] INFO  o.s.t.c.s.AnnotationConfigContextLoaderUtils - Could not detect default configuration classes for test class [nl.fontys.db3.backend.integration.service.TripServiceIT]: TripServiceIT does not declare any static, non-private, non-final, nested classes annotated with @Configuration.
2026-01-16 18:33:40.774 [Test worker] INFO  o.s.b.t.c.SpringBootTestContextBootstrapper - Found @SpringBootConfiguration nl.fontys.db3.backend.BackendApplication for test class nl.fontys.db3.backend.integration.service.TripServiceIT
2026-01-16 18:33:40.780 [Test worker] DEBUG org.hibernate.SQL - select r1_0.id,r1_0.name from role r1_0 where r1_0.name=?
2026-01-16 18:33:40.783 [Test worker] DEBUG org.hibernate.SQL - insert into role (name) values (?)
2026-01-16 18:33:40.785 [Test worker] DEBUG org.hibernate.SQL - insert into app_user (avatar_id,background_id,created_at,email,name,password,role_id,username) values (?,?,?,?,?,?,?,?)
2026-01-16 18:33:40.794 [Test worker] DEBUG org.hibernate.SQL - select count(*) from trip t1_0
2026-01-16 18:33:40.798 [Test worker] DEBUG org.hibernate.SQL - select s1_0.id,s1_0.total_distance_km,s1_0.total_hazards_reported,s1_0.total_trips,s1_0.total_votes,s1_0.user_id from "statistics" s1_0 join app_user u1_0 on u1_0.id=s1_0.user_id where u1_0.id=?
2026-01-16 18:33:44.480 [Test worker] INFO  n.f.db3.backend.service.AdminService - Updating user role - userId: 1, newRole: ADMIN
2026-01-16 18:33:44.482 [Test worker] WARN  n.f.db3.backend.service.AdminService - Update user role failed - user not found: userId: 1
2026-01-16 18:33:44.661 [Test worker] INFO  n.f.db3.backend.service.AdminService - Deactivating user - userId: 1
2026-01-16 18:33:44.663 [Test worker] INFO  n.f.db3.backend.service.AdminService - User deactivated successfully - userId: 1
2026-01-16 18:33:44.673 [Test worker] INFO  n.f.db3.backend.service.AdminService - Updating user role - userId: 1, newRole: INVALID
2026-01-16 18:33:44.675 [Test worker] WARN  n.f.db3.backend.service.AdminService - Update user role failed - role not found: userId: 1, roleName: INVALID
2026-01-16 18:33:44.701 [Test worker] INFO  n.f.db3.backend.service.AdminService - Updating user role - userId: 1, newRole: ADMIN
2026-01-16 18:33:44.702 [Test worker] INFO  n.f.db3.backend.service.AdminService - User role updated successfully - userId: 1, newRole: ADMIN
2026-01-16 18:33:44.713 [Test worker] WARN  n.f.db3.backend.service.AdminService - Get user failed - user not found: userId: 1
2026-01-16 18:33:44.723 [Test worker] INFO  n.f.db3.backend.service.AdminService - Deactivating user - userId: 1
2026-01-16 18:33:44.724 [Test worker] WARN  n.f.db3.backend.service.AdminService - Deactivate user failed - user not found: userId: 1
2026-01-16 18:33:44.965 [Test worker] INFO  n.f.d.backend.service.DeviceService - Device registered successfully - deviceId: device1, deviceDbId: null
2026-01-16 18:33:44.969 [Test worker] WARN  n.f.d.backend.service.DeviceService - Device registration failed - device already registered: deviceId: device1
2026-01-16 18:33:44.976 [Test worker] WARN  n.f.d.backend.service.DeviceService - Device registration failed - deviceId is required
2026-01-16 18:33:44.981 [Test worker] WARN  n.f.d.backend.service.DeviceService - Device registration failed - deviceId is required
2026-01-16 18:33:44.985 [Test worker] WARN  n.f.d.backend.service.DeviceService - Device registration failed - deviceId is required
2026-01-16 18:33:44.988 [Test worker] WARN  n.f.d.backend.service.DeviceService - Device registration failed - deviceId is required
2026-01-16 18:33:44.991 [Test worker] WARN  n.f.d.backend.service.DeviceService - Device registration failed - deviceId is required
2026-01-16 18:33:46.113 [Test worker] INFO  n.f.d.backend.service.HazardService - Creating hazard - creatorEmail: user@test.com, categoryId: 1, lat: 0.0, lng: 0.0
2026-01-16 18:33:46.355 [Test worker] INFO  n.f.d.backend.service.HazardService - Verifying hazard - hazardId: 1
2026-01-16 18:33:46.359 [Test worker] INFO  n.f.d.backend.service.HazardService - Hazard verified successfully - hazardId: 1
2026-01-16 18:33:46.365 [Test worker] INFO  n.f.d.backend.service.HazardService - Creating hazard - creatorEmail: user@test.com, categoryId: 1, lat: 51.44, lng: 5.48
2026-01-16 18:33:46.367 [Test worker] INFO  n.f.d.backend.service.HazardService - Hazard created successfully - hazardId: null, userId: 2, category: null
2026-01-16 18:33:46.372 [Test worker] INFO  n.f.d.backend.service.HazardService - Resolving hazard - hazardId: 1
2026-01-16 18:33:46.373 [Test worker] INFO  n.f.d.backend.service.HazardService - Hazard resolved successfully - hazardId: 1
2026-01-16 18:33:46.387 [Test worker] INFO  n.f.d.backend.service.HazardService - Creating hazard - creatorEmail: user@test.com, categoryId: null, lat: 0.0, lng: 0.0
2026-01-16 18:33:46.388 [Test worker] WARN  n.f.d.backend.service.HazardService - Hazard creation failed - category ID is null
2026-01-16 18:33:46.391 [Test worker] INFO  n.f.d.backend.service.HazardService - Creating hazard - creatorEmail: user@test.com, categoryId: 1, lat: 0.0, lng: 0.0
2026-01-16 18:33:46.392 [Test worker] WARN  n.f.d.backend.service.HazardService - Hazard creation failed - user not found: email: user@test.com
2026-01-16 18:33:46.396 [Test worker] INFO  n.f.d.backend.service.HazardService - Rejecting hazard - hazardId: 1
2026-01-16 18:33:46.398 [Test worker] INFO  n.f.d.backend.service.HazardService - Hazard rejected successfully - hazardId: 1
2026-01-16 18:33:46.401 [Test worker] INFO  n.f.d.backend.service.HazardService - Verifying hazard - hazardId: 1
2026-01-16 18:33:46.402 [Test worker] WARN  n.f.d.backend.service.HazardService - Hazard verification failed - cannot verify resolved/rejected hazard: hazardId: 1, status: RESOLVED
2026-01-16 18:33:46.984 [Test worker] WARN  n.f.d.b.service.StatisticsService - Get statistics failed - username is required
2026-01-16 18:33:47.102 [Test worker] ERROR n.f.d.b.service.StatisticsService - Increment trips failed - statistics row missing after creation: userId: 7
2026-01-16 18:33:47.118 [Test worker] ERROR n.f.d.b.service.StatisticsService - Increment hazards failed - user not found: userId: 7
2026-01-16 18:33:47.129 [Test worker] ERROR n.f.d.b.service.StatisticsService - Increment hazards failed - statistics row missing after creation: userId: 7
2026-01-16 18:33:47.136 [Test worker] WARN  n.f.d.b.service.StatisticsService - Get statistics failed - user not found: username: bob
2026-01-16 18:33:47.140 [Test worker] ERROR n.f.d.b.service.StatisticsService - Increment trips failed - user not found: userId: 7
2026-01-16 18:33:47.144 [Test worker] ERROR n.f.d.b.service.StatisticsService - Increment votes failed - user not found: userId: 7
2026-01-16 18:33:47.150 [Test worker] WARN  n.f.d.b.service.StatisticsService - Get statistics failed - username is required
2026-01-16 18:33:47.154 [Test worker] WARN  n.f.d.b.service.StatisticsService - Get statistics failed - username is required
2026-01-16 18:33:47.156 [Test worker] WARN  n.f.d.b.service.StatisticsService - Get statistics failed - username is required
2026-01-16 18:33:47.158 [Test worker] WARN  n.f.d.b.service.StatisticsService - Get statistics failed - username is required
2026-01-16 18:33:47.161 [Test worker] WARN  n.f.d.b.service.StatisticsService - Get statistics failed - username is required
2026-01-16 18:33:47.163 [Test worker] ERROR n.f.d.b.service.StatisticsService - Increment votes failed - statistics row missing after creation: userId: 7
2026-01-16 18:33:47.166 [Test worker] WARN  n.f.d.b.service.StatisticsService - Increment trips failed - negative distance: userId: 1, distanceKm: -0.1
2026-01-16 18:33:48.247 [Test worker] INFO  n.f.db3.backend.service.UserService - Deleting user - userId: 5
2026-01-16 18:33:48.248 [Test worker] WARN  n.f.db3.backend.service.UserService - User deletion failed - user not found: userId: 5
2026-01-16 18:33:48.255 [Test worker] ERROR n.f.db3.backend.service.UserService - User creation failed - default role USER not found
2026-01-16 18:33:48.260 [Test worker] INFO  n.f.db3.backend.service.UserService - User updated successfully - userId: null, username: null
2026-01-16 18:33:48.269 [Test worker] INFO  n.f.db3.backend.service.UserService - User created successfully - userId: null, username: johndoe, email: john@example.com
2026-01-16 18:33:48.273 [Test worker] WARN  n.f.db3.backend.service.UserService - User creation failed - username already exists: john
2026-01-16 18:33:48.277 [Test worker] WARN  n.f.db3.backend.service.UserService - User update failed - user not found: email: me@example.com
2026-01-16 18:33:48.282 [Test worker] INFO  n.f.db3.backend.service.UserService - Avatar changed successfully - userId: null, avatarName: avatar1
2026-01-16 18:33:48.287 [Test worker] WARN  n.f.db3.backend.service.UserService - Email change failed - incorrect current password: userId: null
2026-01-16 18:33:48.287 [Test worker] WARN  n.f.db3.backend.service.UserService - User update failed - userId: null, reason: Current password is incorrect
2026-01-16 18:33:48.290 [Test worker] WARN  n.f.db3.backend.service.UserService - Username change failed - username already exists: userId: null, newUsername: taken
2026-01-16 18:33:48.290 [Test worker] WARN  n.f.db3.backend.service.UserService - User update failed - userId: null, reason: Username already exists
2026-01-16 18:33:48.294 [Test worker] WARN  n.f.db3.backend.service.UserService - User creation failed - username is required
2026-01-16 18:33:48.298 [Test worker] INFO  n.f.db3.backend.service.UserService - User updated successfully - userId: null, username: newuser
2026-01-16 18:33:48.304 [Test worker] INFO  n.f.db3.backend.service.UserService - Background changed successfully - userId: null, backgroundName: bg1
2026-01-16 18:33:48.306 [Test worker] WARN  n.f.db3.backend.service.UserService - Background change failed - user not found: email: test@test.com
2026-01-16 18:33:48.309 [Test worker] INFO  n.f.db3.backend.service.UserService - User updated successfully - userId: null, username: user
2026-01-16 18:33:48.313 [Test worker] WARN  n.f.db3.backend.service.UserService - Avatar change failed - user not found: email: test@test.com
2026-01-16 18:33:48.448 [Test worker] WARN  n.f.db3.backend.service.VoteService - Vote failed - user not found: email: user@test.com
2026-01-16 18:33:48.453 [Test worker] WARN  n.f.db3.backend.service.VoteService - Vote failed - hazardId is null
2026-01-16 18:33:48.574 [Test worker] WARN  n.f.db3.backend.service.VoteService - Vote failed - user already voted: userId: 7, hazardId: 1
2026-01-16 18:33:48.584 [Test worker] WARN  n.f.db3.backend.service.VoteService - Vote failed - user trying to vote on own report: userId: 7, hazardId: 1
2026-01-16 18:33:48.598 [Test worker] INFO  n.f.db3.backend.service.VoteService - Vote saved successfully - voteId: null, userId: 7, hazardId: 99, voteType: UPVOTE
2026-01-16 18:33:48.604 [Test worker] WARN  n.f.db3.backend.service.VoteService - Vote failed - hazard not found: hazardId: 1
2026-01-16 18:33:48.722 [SpringApplicationShutdownHook] INFO  o.s.m.s.b.SimpleBrokerMessageHandler - Stopping...
2026-01-16 18:33:48.723 [SpringApplicationShutdownHook] INFO  o.s.m.s.b.SimpleBrokerMessageHandler - BrokerAvailabilityEvent[available=false, SimpleBrokerMessageHandler [org.springframework.messaging.simp.broker.DefaultSubscriptionRegistry@20c1cbe7]]
2026-01-16 18:33:48.723 [SpringApplicationShutdownHook] INFO  o.s.m.s.b.SimpleBrokerMessageHandler - Stopped.
2026-01-16 18:33:48.738 [SpringApplicationShutdownHook] INFO  o.s.o.j.LocalContainerEntityManagerFactoryBean - Closing JPA EntityManagerFactory for persistence unit 'default'
2026-01-16 18:33:48.747 [SpringApplicationShutdownHook] INFO  com.zaxxer.hikari.HikariDataSource - HikariPool-1 - Shutdown initiated...
2026-01-16 18:33:48.754 [SpringApplicationShutdownHook] INFO  com.zaxxer.hikari.HikariDataSource - HikariPool-1 - Shutdown completed.
2026-01-16 18:33:48.761 [SpringApplicationShutdownHook] INFO  o.s.o.j.LocalContainerEntityManagerFactoryBean - Closing JPA EntityManagerFactory for persistence unit 'default'
2026-01-16 18:33:48.762 [SpringApplicationShutdownHook] INFO  com.zaxxer.hikari.HikariDataSource - HikariPool-2 - Shutdown initiated...
2026-01-16 18:33:48.764 [SpringApplicationShutdownHook] INFO  com.zaxxer.hikari.HikariDataSource - HikariPool-2 - Shutdown completed.
2026-01-16 18:33:48.770 [SpringApplicationShutdownHook] INFO  o.s.m.s.b.SimpleBrokerMessageHandler - Stopping...
2026-01-16 18:33:48.770 [SpringApplicationShutdownHook] INFO  o.s.m.s.b.SimpleBrokerMessageHandler - BrokerAvailabilityEvent[available=false, SimpleBrokerMessageHandler [org.springframework.messaging.simp.broker.DefaultSubscriptionRegistry@f208dc1]]
2026-01-16 18:33:48.770 [SpringApplicationShutdownHook] INFO  o.s.m.s.b.SimpleBrokerMessageHandler - Stopped.
2026-01-16 18:33:48.781 [SpringApplicationShutdownHook] INFO  o.s.o.j.LocalContainerEntityManagerFactoryBean - Closing JPA EntityManagerFactory for persistence unit 'default'
2026-01-16 18:33:48.783 [SpringApplicationShutdownHook] INFO  com.zaxxer.hikari.HikariDataSource - HikariPool-3 - Shutdown initiated...
2026-01-16 18:33:48.788 [SpringApplicationShutdownHook] INFO  com.zaxxer.hikari.HikariDataSource - HikariPool-3 - Shutdown completed.
2026-01-16 18:34:35.937 [Test worker] INFO  n.f.d.b.e2e.AuthenticationE2ETest - Starting AuthenticationE2ETest using Java 21.0.9 with PID 49060 (started by Oscar in C:\Users\Oscar\source\repos\individual-project-s3\backend)
2026-01-16 18:34:35.939 [Test worker] INFO  n.f.d.b.e2e.AuthenticationE2ETest - The following 1 profile is active: "test"
2026-01-16 18:34:38.170 [Test worker] INFO  o.s.d.r.c.RepositoryConfigurationDelegate - Bootstrapping Spring Data JPA repositories in DEFAULT mode.
2026-01-16 18:34:38.347 [Test worker] INFO  o.s.d.r.c.RepositoryConfigurationDelegate - Finished Spring Data repository scanning in 151 ms. Found 14 JPA repository interfaces.
2026-01-16 18:34:39.420 [Test worker] INFO  com.zaxxer.hikari.HikariDataSource - HikariPool-1 - Starting...
2026-01-16 18:34:39.744 [Test worker] INFO  com.zaxxer.hikari.pool.HikariPool - HikariPool-1 - Added connection org.postgresql.jdbc.PgConnection@1310324a
2026-01-16 18:34:39.746 [Test worker] INFO  com.zaxxer.hikari.HikariDataSource - HikariPool-1 - Start completed.
2026-01-16 18:34:39.802 [Test worker] INFO  org.flywaydb.core.FlywayExecutor - Database: jdbc:postgresql://localhost:5432/testdb (PostgreSQL 16.11)
2026-01-16 18:34:39.899 [Test worker] INFO  o.f.core.internal.command.DbValidate - Successfully validated 3 migrations (execution time 00:00.055s)
2026-01-16 18:34:39.935 [Test worker] INFO  o.f.core.internal.command.DbMigrate - Current version of schema "public": 3
2026-01-16 18:34:39.941 [Test worker] INFO  o.f.core.internal.command.DbMigrate - Schema "public" is up to date. No migration necessary.
2026-01-16 18:34:40.821 [Test worker] INFO  o.s.o.j.p.SpringPersistenceUnitInfo - No LoadTimeWeaver setup: ignoring JPA class transformer
2026-01-16 18:34:43.406 [Test worker] INFO  o.s.o.j.LocalContainerEntityManagerFactoryBean - Initialized JPA EntityManagerFactory for persistence unit 'default'
2026-01-16 18:34:44.095 [Test worker] INFO  o.s.d.j.r.query.QueryEnhancerFactory - Hibernate is in classpath; If applicable, HQL parser will be used.
2026-01-16 18:34:46.020 [Test worker] WARN  o.s.b.a.o.j.JpaBaseConfiguration$JpaWebConfiguration - spring.jpa.open-in-view is enabled by default. Therefore, database queries may be performed during view rendering. Explicitly configure spring.jpa.open-in-view to disable this warning
2026-01-16 18:34:46.701 [Test worker] INFO  o.s.b.a.e.web.EndpointLinksResolver - Exposing 1 endpoint beneath base path '/actuator'
2026-01-16 18:34:47.462 [Test worker] INFO  o.s.b.t.m.w.SpringBootMockServletContext - Initializing Spring TestDispatcherServlet ''
2026-01-16 18:34:47.462 [Test worker] INFO  o.s.t.w.s.TestDispatcherServlet - Initializing Servlet ''
2026-01-16 18:34:47.464 [Test worker] INFO  o.s.t.w.s.TestDispatcherServlet - Completed initialization in 2 ms
2026-01-16 18:34:47.524 [Test worker] INFO  o.s.m.s.b.SimpleBrokerMessageHandler - Starting...
2026-01-16 18:34:47.525 [Test worker] INFO  o.s.m.s.b.SimpleBrokerMessageHandler - BrokerAvailabilityEvent[available=true, SimpleBrokerMessageHandler [org.springframework.messaging.simp.broker.DefaultSubscriptionRegistry@599e1ead]]
2026-01-16 18:34:47.526 [Test worker] INFO  o.s.m.s.b.SimpleBrokerMessageHandler - Started.
2026-01-16 18:34:47.538 [Test worker] INFO  n.f.d.b.e2e.AuthenticationE2ETest - Started AuthenticationE2ETest in 12.605 seconds (process running for 16.622)
2026-01-16 18:34:48.085 [Test worker] DEBUG org.hibernate.SQL - select r1_0.id,r1_0.name from role r1_0 where r1_0.name=?
2026-01-16 18:34:48.148 [Test worker] DEBUG org.hibernate.SQL - insert into role (name) values (?)
2026-01-16 18:34:48.178 [Test worker] DEBUG org.hibernate.SQL - select hc1_0.id,hc1_0.active,hc1_0.icon_path,hc1_0.name from hazard_category hc1_0
2026-01-16 18:34:48.183 [Test worker] DEBUG org.hibernate.SQL - insert into hazard_category (active,icon_path,name) values (?,?,?)
2026-01-16 18:34:48.297 [Test worker] INFO  n.f.d.b.controller.UserController - User registration attempt - username: authuser, email: authuser@test.com
2026-01-16 18:34:48.301 [Test worker] DEBUG org.hibernate.SQL - select u1_0.id from app_user u1_0 where u1_0.username=? fetch first ? rows only
2026-01-16 18:34:48.306 [Test worker] DEBUG org.hibernate.SQL - select u1_0.id from app_user u1_0 where u1_0.email=? fetch first ? rows only
2026-01-16 18:34:48.309 [Test worker] DEBUG org.hibernate.SQL - select r1_0.id,r1_0.name from role r1_0 where r1_0.name=?
2026-01-16 18:34:48.388 [Test worker] DEBUG org.hibernate.SQL - insert into app_user (avatar_id,background_id,created_at,email,name,password,role_id,username) values (?,?,?,?,?,?,?,?)
2026-01-16 18:34:48.393 [Test worker] INFO  n.f.db3.backend.service.UserService - User created successfully - userId: 8269, username: authuser, email: authuser@test.com
2026-01-16 18:34:48.393 [Test worker] INFO  n.f.d.b.controller.UserController - User registered successfully - userId: 8269, username: authuser, email: authuser@test.com
2026-01-16 18:34:48.469 [Test worker] WARN  n.f.d.b.controller.UserController - Get current user failed - no authentication
2026-01-16 18:34:48.545 [Test worker] DEBUG org.hibernate.SQL - select u1_0.id,u1_0.avatar_id,u1_0.background_id,u1_0.created_at,u1_0.email,u1_0.name,u1_0.password,u1_0.role_id,u1_0.username from app_user u1_0 where u1_0.email=?
2026-01-16 18:34:48.699 [Test worker] DEBUG org.hibernate.SQL - select u1_0.id,u1_0.avatar_id,u1_0.background_id,u1_0.created_at,u1_0.email,u1_0.name,u1_0.password,u1_0.role_id,u1_0.username from app_user u1_0 where u1_0.email=?
2026-01-16 18:34:48.702 [Test worker] INFO  n.f.d.b.controller.UserController - User logged in successfully - userId: 8269, username: authuser, email: authuser@test.com
2026-01-16 18:34:48.761 [Test worker] DEBUG org.hibernate.SQL - select u1_0.id,u1_0.avatar_id,u1_0.background_id,u1_0.created_at,u1_0.email,u1_0.name,u1_0.password,u1_0.role_id,u1_0.username from app_user u1_0 where u1_0.email=?
2026-01-16 18:34:48.770 [Test worker] DEBUG org.hibernate.SQL - select u1_0.id,u1_0.avatar_id,u1_0.background_id,u1_0.created_at,u1_0.email,u1_0.name,u1_0.password,u1_0.role_id,u1_0.username from app_user u1_0 where u1_0.email=?
2026-01-16 18:34:48.799 [Test worker] DEBUG org.hibernate.SQL - select r1_0.id,r1_0.name from role r1_0 where r1_0.name=?
2026-01-16 18:34:48.802 [Test worker] DEBUG org.hibernate.SQL - insert into role (name) values (?)
2026-01-16 18:34:48.805 [Test worker] DEBUG org.hibernate.SQL - select hc1_0.id,hc1_0.active,hc1_0.icon_path,hc1_0.name from hazard_category hc1_0
2026-01-16 18:34:48.808 [Test worker] DEBUG org.hibernate.SQL - insert into hazard_category (active,icon_path,name) values (?,?,?)
2026-01-16 18:34:48.813 [Test worker] INFO  n.f.d.b.controller.UserController - User registration attempt - username: invaliduser, email: invaliduser@test.com
2026-01-16 18:34:48.815 [Test worker] DEBUG org.hibernate.SQL - select u1_0.id from app_user u1_0 where u1_0.username=? fetch first ? rows only
2026-01-16 18:34:48.819 [Test worker] DEBUG org.hibernate.SQL - select u1_0.id from app_user u1_0 where u1_0.email=? fetch first ? rows only
2026-01-16 18:34:48.821 [Test worker] DEBUG org.hibernate.SQL - select r1_0.id,r1_0.name from role r1_0 where r1_0.name=?
2026-01-16 18:34:48.883 [Test worker] DEBUG org.hibernate.SQL - insert into app_user (avatar_id,background_id,created_at,email,name,password,role_id,username) values (?,?,?,?,?,?,?,?)
2026-01-16 18:34:48.886 [Test worker] INFO  n.f.db3.backend.service.UserService - User created successfully - userId: 8270, username: invaliduser, email: invaliduser@test.com
2026-01-16 18:34:48.887 [Test worker] INFO  n.f.d.b.controller.UserController - User registered successfully - userId: 8270, username: invaliduser, email: invaliduser@test.com
2026-01-16 18:34:48.895 [Test worker] DEBUG org.hibernate.SQL - select u1_0.id,u1_0.avatar_id,u1_0.background_id,u1_0.created_at,u1_0.email,u1_0.name,u1_0.password,u1_0.role_id,u1_0.username from app_user u1_0 where u1_0.email=?
2026-01-16 18:34:48.957 [Test worker] WARN  n.f.d.b.controller.UserController - Login failed - email: invaliduser@test.com, reason: Bad credentials
2026-01-16 18:34:48.961 [Test worker] WARN  n.f.d.b.e.GlobalExceptionHandler - Bad credentials - message: Bad credentials
2026-01-16 18:34:48.977 [Test worker] INFO  o.s.t.c.s.AnnotationConfigContextLoaderUtils - Could not detect default configuration classes for test class [nl.fontys.db3.backend.e2e.DeviceOwnershipE2ETest]: DeviceOwnershipE2ETest does not declare any static, non-private, non-final, nested classes annotated with @Configuration.
2026-01-16 18:34:48.980 [Test worker] INFO  o.s.b.t.c.SpringBootTestContextBootstrapper - Found @SpringBootConfiguration nl.fontys.db3.backend.BackendApplication for test class nl.fontys.db3.backend.e2e.DeviceOwnershipE2ETest
2026-01-16 18:34:48.991 [Test worker] DEBUG org.hibernate.SQL - select r1_0.id,r1_0.name from role r1_0 where r1_0.name=?
2026-01-16 18:34:48.995 [Test worker] DEBUG org.hibernate.SQL - insert into role (name) values (?)
2026-01-16 18:34:48.998 [Test worker] DEBUG org.hibernate.SQL - select hc1_0.id,hc1_0.active,hc1_0.icon_path,hc1_0.name from hazard_category hc1_0
2026-01-16 18:34:49.001 [Test worker] DEBUG org.hibernate.SQL - insert into hazard_category (active,icon_path,name) values (?,?,?)
2026-01-16 18:34:49.007 [Test worker] INFO  n.f.d.b.controller.UserController - User registration attempt - username: deviceowner, email: deviceowner@test.com
2026-01-16 18:34:49.010 [Test worker] DEBUG org.hibernate.SQL - select u1_0.id from app_user u1_0 where u1_0.username=? fetch first ? rows only
2026-01-16 18:34:49.014 [Test worker] DEBUG org.hibernate.SQL - select u1_0.id from app_user u1_0 where u1_0.email=? fetch first ? rows only
2026-01-16 18:34:49.017 [Test worker] DEBUG org.hibernate.SQL - select r1_0.id,r1_0.name from role r1_0 where r1_0.name=?
2026-01-16 18:34:49.083 [Test worker] DEBUG org.hibernate.SQL - insert into app_user (avatar_id,background_id,created_at,email,name,password,role_id,username) values (?,?,?,?,?,?,?,?)
2026-01-16 18:34:49.087 [Test worker] INFO  n.f.db3.backend.service.UserService - User created successfully - userId: 8271, username: deviceowner, email: deviceowner@test.com
2026-01-16 18:34:49.088 [Test worker] INFO  n.f.d.b.controller.UserController - User registered successfully - userId: 8271, username: deviceowner, email: deviceowner@test.com
2026-01-16 18:34:49.097 [Test worker] DEBUG org.hibernate.SQL - select u1_0.id,u1_0.avatar_id,u1_0.background_id,u1_0.created_at,u1_0.email,u1_0.name,u1_0.password,u1_0.role_id,u1_0.username from app_user u1_0 where u1_0.email=?
2026-01-16 18:34:49.164 [Test worker] DEBUG org.hibernate.SQL - select u1_0.id,u1_0.avatar_id,u1_0.background_id,u1_0.created_at,u1_0.email,u1_0.name,u1_0.password,u1_0.role_id,u1_0.username from app_user u1_0 where u1_0.email=?
2026-01-16 18:34:49.167 [Test worker] INFO  n.f.d.b.controller.UserController - User logged in successfully - userId: 8271, username: deviceowner, email: deviceowner@test.com
2026-01-16 18:34:49.176 [Test worker] DEBUG org.hibernate.SQL - select u1_0.id,u1_0.avatar_id,u1_0.background_id,u1_0.created_at,u1_0.email,u1_0.name,u1_0.password,u1_0.role_id,u1_0.username from app_user u1_0 where u1_0.email=?
2026-01-16 18:34:49.226 [Test worker] INFO  n.f.d.b.controller.DeviceController - Device registration request - deviceId: ESP32-OWNERSHIP-TEST, username: deviceowner@test.com
2026-01-16 18:34:49.230 [Test worker] DEBUG org.hibernate.SQL - select d1_0.id,d1_0.active,d1_0.api_key_hash,d1_0.created_at,d1_0.description,d1_0.device_id,d1_0.device_type,d1_0.firmware_version,d1_0.last_seen_at from device d1_0 where d1_0.device_id=?
2026-01-16 18:34:49.234 [Test worker] DEBUG org.hibernate.SQL - insert into device (active,api_key_hash,created_at,description,device_id,device_type,firmware_version,last_seen_at) values (?,?,?,?,?,?,?,?)
2026-01-16 18:34:49.237 [Test worker] INFO  n.f.d.backend.service.DeviceService - Device registered successfully - deviceId: ESP32-OWNERSHIP-TEST, deviceDbId: 385
2026-01-16 18:34:49.240 [Test worker] DEBUG org.hibernate.SQL - select u1_0.id,u1_0.avatar_id,u1_0.background_id,u1_0.created_at,u1_0.email,u1_0.name,u1_0.password,u1_0.role_id,u1_0.username from app_user u1_0 where u1_0.email=?
2026-01-16 18:34:49.249 [Test worker] DEBUG org.hibernate.SQL - select do1_0.id,do1_0.active,do1_0.created_at,do1_0.device_id,do1_0.notes,do1_0.transferred_at,do1_0.user_id from device_ownership do1_0 left join app_user u1_0 on u1_0.id=do1_0.user_id where u1_0.id=? and do1_0.active
2026-01-16 18:34:49.267 [Test worker] DEBUG org.hibernate.SQL - select d1_0.id,d1_0.active,d1_0.api_key_hash,d1_0.created_at,d1_0.description,d1_0.device_id,d1_0.device_type,d1_0.firmware_version,d1_0.last_seen_at from device d1_0 where d1_0.device_id=?
2026-01-16 18:34:49.283 [Test worker] DEBUG org.hibernate.SQL - select do1_0.id,do1_0.active,do1_0.created_at,do1_0.device_id,do1_0.notes,do1_0.transferred_at,do1_0.user_id from device_ownership do1_0 left join app_user u1_0 on u1_0.id=do1_0.user_id where u1_0.id=? and do1_0.active
2026-01-16 18:34:49.288 [Test worker] DEBUG org.hibernate.SQL - select do1_0.id,do1_0.active,do1_0.created_at,do1_0.device_id,do1_0.notes,do1_0.transferred_at,do1_0.user_id from device_ownership do1_0 where do1_0.device_id=? and do1_0.active
2026-01-16 18:34:49.291 [Test worker] DEBUG org.hibernate.SQL - insert into device_ownership (active,created_at,device_id,notes,transferred_at,user_id) values (?,?,?,?,?,?)
2026-01-16 18:34:49.294 [Test worker] INFO  n.f.d.b.controller.DeviceController - Device assigned to user - deviceId: ESP32-OWNERSHIP-TEST, userId: 8271
2026-01-16 18:34:49.296 [Test worker] INFO  n.f.d.b.controller.DeviceController - Device registered successfully - deviceId: ESP32-OWNERSHIP-TEST, deviceDbId: 385
2026-01-16 18:34:49.306 [Test worker] DEBUG org.hibernate.SQL - select u1_0.id,u1_0.avatar_id,u1_0.background_id,u1_0.created_at,u1_0.email,u1_0.name,u1_0.password,u1_0.role_id,u1_0.username from app_user u1_0 where u1_0.email=?
2026-01-16 18:34:49.315 [Test worker] DEBUG org.hibernate.SQL - select u1_0.id,u1_0.avatar_id,u1_0.background_id,u1_0.created_at,u1_0.email,u1_0.name,u1_0.password,u1_0.role_id,u1_0.username from app_user u1_0 where u1_0.email=?
2026-01-16 18:34:49.319 [Test worker] DEBUG org.hibernate.SQL - select do1_0.id,do1_0.active,do1_0.created_at,do1_0.device_id,do1_0.notes,do1_0.transferred_at,do1_0.user_id from device_ownership do1_0 left join app_user u1_0 on u1_0.id=do1_0.user_id where u1_0.id=? and do1_0.active
2026-01-16 18:34:49.345 [Test worker] DEBUG org.hibernate.SQL - select u1_0.id,u1_0.avatar_id,u1_0.background_id,u1_0.created_at,u1_0.email,u1_0.name,u1_0.password,u1_0.role_id,u1_0.username from app_user u1_0 where u1_0.email=?
2026-01-16 18:34:49.358 [Test worker] DEBUG org.hibernate.SQL - select u1_0.id,u1_0.avatar_id,u1_0.background_id,u1_0.created_at,u1_0.email,u1_0.name,u1_0.password,u1_0.role_id,u1_0.username from app_user u1_0 where u1_0.email=?
2026-01-16 18:34:49.364 [Test worker] DEBUG org.hibernate.SQL - select do1_0.id,do1_0.active,do1_0.created_at,do1_0.device_id,do1_0.notes,do1_0.transferred_at,do1_0.user_id from device_ownership do1_0 where do1_0.device_id=? and do1_0.active
2026-01-16 18:34:49.370 [Test worker] DEBUG org.hibernate.SQL - select do1_0.id,do1_0.active,do1_0.created_at,do1_0.device_id,do1_0.notes,do1_0.transferred_at,do1_0.user_id from device_ownership do1_0 where do1_0.device_id=? and do1_0.active
2026-01-16 18:34:49.384 [Test worker] DEBUG org.hibernate.SQL - select u1_0.id,u1_0.avatar_id,u1_0.background_id,u1_0.created_at,u1_0.email,u1_0.name,u1_0.password,u1_0.role_id,u1_0.username from app_user u1_0 where u1_0.email=?
2026-01-16 18:34:49.392 [Test worker] DEBUG org.hibernate.SQL - select u1_0.id,u1_0.avatar_id,u1_0.background_id,u1_0.created_at,u1_0.email,u1_0.name,u1_0.password,u1_0.role_id,u1_0.username from app_user u1_0 where u1_0.email=?
2026-01-16 18:34:49.402 [Test worker] DEBUG org.hibernate.SQL - update device_ownership set active=?,created_at=?,device_id=?,notes=?,transferred_at=?,user_id=? where id=?
2026-01-16 18:34:49.409 [Test worker] DEBUG org.hibernate.SQL - select do1_0.id,do1_0.active,do1_0.created_at,do1_0.device_id,do1_0.notes,do1_0.transferred_at,do1_0.user_id from device_ownership do1_0 left join app_user u1_0 on u1_0.id=do1_0.user_id where u1_0.id=? and do1_0.active
2026-01-16 18:34:49.423 [Test worker] INFO  o.s.t.c.s.AnnotationConfigContextLoaderUtils - Could not detect default configuration classes for test class [nl.fontys.db3.backend.e2e.DeviceTelemetryE2ETest]: DeviceTelemetryE2ETest does not declare any static, non-private, non-final, nested classes annotated with @Configuration.
2026-01-16 18:34:49.425 [Test worker] INFO  o.s.b.t.c.SpringBootTestContextBootstrapper - Found @SpringBootConfiguration nl.fontys.db3.backend.BackendApplication for test class nl.fontys.db3.backend.e2e.DeviceTelemetryE2ETest
2026-01-16 18:34:49.435 [Test worker] DEBUG org.hibernate.SQL - select r1_0.id,r1_0.name from role r1_0 where r1_0.name=?
2026-01-16 18:34:49.439 [Test worker] DEBUG org.hibernate.SQL - insert into role (name) values (?)
2026-01-16 18:34:49.443 [Test worker] DEBUG org.hibernate.SQL - select hc1_0.id,hc1_0.active,hc1_0.icon_path,hc1_0.name from hazard_category hc1_0
2026-01-16 18:34:49.445 [Test worker] DEBUG org.hibernate.SQL - insert into hazard_category (active,icon_path,name) values (?,?,?)
2026-01-16 18:34:49.452 [Test worker] INFO  n.f.d.b.controller.UserController - User registration attempt - username: telemetryuser, email: telemetryuser@test.com
2026-01-16 18:34:49.454 [Test worker] DEBUG org.hibernate.SQL - select u1_0.id from app_user u1_0 where u1_0.username=? fetch first ? rows only
2026-01-16 18:34:49.458 [Test worker] DEBUG org.hibernate.SQL - select u1_0.id from app_user u1_0 where u1_0.email=? fetch first ? rows only
2026-01-16 18:34:49.462 [Test worker] DEBUG org.hibernate.SQL - select r1_0.id,r1_0.name from role r1_0 where r1_0.name=?
2026-01-16 18:34:49.534 [Test worker] DEBUG org.hibernate.SQL - insert into app_user (avatar_id,background_id,created_at,email,name,password,role_id,username) values (?,?,?,?,?,?,?,?)
2026-01-16 18:34:49.538 [Test worker] INFO  n.f.db3.backend.service.UserService - User created successfully - userId: 8272, username: telemetryuser, email: telemetryuser@test.com
2026-01-16 18:34:49.539 [Test worker] INFO  n.f.d.b.controller.UserController - User registered successfully - userId: 8272, username: telemetryuser, email: telemetryuser@test.com
2026-01-16 18:34:49.548 [Test worker] DEBUG org.hibernate.SQL - select u1_0.id,u1_0.avatar_id,u1_0.background_id,u1_0.created_at,u1_0.email,u1_0.name,u1_0.password,u1_0.role_id,u1_0.username from app_user u1_0 where u1_0.email=?
2026-01-16 18:34:49.623 [Test worker] DEBUG org.hibernate.SQL - select u1_0.id,u1_0.avatar_id,u1_0.background_id,u1_0.created_at,u1_0.email,u1_0.name,u1_0.password,u1_0.role_id,u1_0.username from app_user u1_0 where u1_0.email=?
2026-01-16 18:34:49.628 [Test worker] INFO  n.f.d.b.controller.UserController - User logged in successfully - userId: 8272, username: telemetryuser, email: telemetryuser@test.com
2026-01-16 18:34:49.637 [Test worker] DEBUG org.hibernate.SQL - select u1_0.id,u1_0.avatar_id,u1_0.background_id,u1_0.created_at,u1_0.email,u1_0.name,u1_0.password,u1_0.role_id,u1_0.username from app_user u1_0 where u1_0.email=?
2026-01-16 18:34:49.645 [Test worker] INFO  n.f.d.b.controller.DeviceController - Device registration request - deviceId: ESP32-HISTORY-TEST, username: telemetryuser@test.com
2026-01-16 18:34:49.647 [Test worker] DEBUG org.hibernate.SQL - select d1_0.id,d1_0.active,d1_0.api_key_hash,d1_0.created_at,d1_0.description,d1_0.device_id,d1_0.device_type,d1_0.firmware_version,d1_0.last_seen_at from device d1_0 where d1_0.device_id=?
2026-01-16 18:34:49.650 [Test worker] DEBUG org.hibernate.SQL - insert into device (active,api_key_hash,created_at,description,device_id,device_type,firmware_version,last_seen_at) values (?,?,?,?,?,?,?,?)
2026-01-16 18:34:49.654 [Test worker] INFO  n.f.d.backend.service.DeviceService - Device registered successfully - deviceId: ESP32-HISTORY-TEST, deviceDbId: 386
2026-01-16 18:34:49.656 [Test worker] DEBUG org.hibernate.SQL - select u1_0.id,u1_0.avatar_id,u1_0.background_id,u1_0.created_at,u1_0.email,u1_0.name,u1_0.password,u1_0.role_id,u1_0.username from app_user u1_0 where u1_0.email=?
2026-01-16 18:34:49.659 [Test worker] DEBUG org.hibernate.SQL - select do1_0.id,do1_0.active,do1_0.created_at,do1_0.device_id,do1_0.notes,do1_0.transferred_at,do1_0.user_id from device_ownership do1_0 left join app_user u1_0 on u1_0.id=do1_0.user_id where u1_0.id=? and do1_0.active
2026-01-16 18:34:49.662 [Test worker] DEBUG org.hibernate.SQL - select d1_0.id,d1_0.active,d1_0.api_key_hash,d1_0.created_at,d1_0.description,d1_0.device_id,d1_0.device_type,d1_0.firmware_version,d1_0.last_seen_at from device d1_0 where d1_0.device_id=?
2026-01-16 18:34:49.665 [Test worker] DEBUG org.hibernate.SQL - select do1_0.id,do1_0.active,do1_0.created_at,do1_0.device_id,do1_0.notes,do1_0.transferred_at,do1_0.user_id from device_ownership do1_0 left join app_user u1_0 on u1_0.id=do1_0.user_id where u1_0.id=? and do1_0.active
2026-01-16 18:34:49.669 [Test worker] DEBUG org.hibernate.SQL - select do1_0.id,do1_0.active,do1_0.created_at,do1_0.device_id,do1_0.notes,do1_0.transferred_at,do1_0.user_id from device_ownership do1_0 where do1_0.device_id=? and do1_0.active
2026-01-16 18:34:49.671 [Test worker] DEBUG org.hibernate.SQL - insert into device_ownership (active,created_at,device_id,notes,transferred_at,user_id) values (?,?,?,?,?,?)
2026-01-16 18:34:49.673 [Test worker] INFO  n.f.d.b.controller.DeviceController - Device assigned to user - deviceId: ESP32-HISTORY-TEST, userId: 8272
2026-01-16 18:34:49.673 [Test worker] INFO  n.f.d.b.controller.DeviceController - Device registered successfully - deviceId: ESP32-HISTORY-TEST, deviceDbId: 386
2026-01-16 18:34:49.684 [Test worker] DEBUG org.hibernate.SQL - select d1_0.id,d1_0.active,d1_0.api_key_hash,d1_0.created_at,d1_0.description,d1_0.device_id,d1_0.device_type,d1_0.firmware_version,d1_0.last_seen_at from device d1_0 where d1_0.api_key_hash=? and d1_0.active
2026-01-16 18:34:49.690 [Test worker] DEBUG org.hibernate.SQL - select d1_0.id,d1_0.active,d1_0.api_key_hash,d1_0.created_at,d1_0.description,d1_0.device_id,d1_0.device_type,d1_0.firmware_version,d1_0.last_seen_at from device d1_0 where d1_0.device_id=?
2026-01-16 18:34:49.702 [Test worker] DEBUG org.hibernate.SQL - insert into telemetry_history (battery_voltage_v,coolant_temp_c,device_id,diagnostic_codes,engine_load_pct,fuel_level_pct,intake_air_temp_c,maf_air_flow,map_pressure,oil_temp_c,rpm,speed_kph,throttle_pct,timestamp,timing_advance) values (?,?,?,?,?,?,?,?,?,?,?,?,?,?,?)
2026-01-16 18:34:49.732 [Test worker] DEBUG org.hibernate.SQL - update device set active=?,api_key_hash=?,created_at=?,description=?,device_id=?,device_type=?,firmware_version=?,last_seen_at=? where id=?
2026-01-16 18:34:49.736 [Test worker] DEBUG org.hibernate.SQL - select d1_0.id,d1_0.active,d1_0.api_key_hash,d1_0.created_at,d1_0.description,d1_0.device_id,d1_0.device_type,d1_0.firmware_version,d1_0.last_seen_at from device d1_0 where d1_0.api_key_hash=? and d1_0.active
2026-01-16 18:34:49.739 [Test worker] DEBUG org.hibernate.SQL - select d1_0.id,d1_0.active,d1_0.api_key_hash,d1_0.created_at,d1_0.description,d1_0.device_id,d1_0.device_type,d1_0.firmware_version,d1_0.last_seen_at from device d1_0 where d1_0.device_id=?
2026-01-16 18:34:49.746 [Test worker] DEBUG org.hibernate.SQL - insert into telemetry_history (battery_voltage_v,coolant_temp_c,device_id,diagnostic_codes,engine_load_pct,fuel_level_pct,intake_air_temp_c,maf_air_flow,map_pressure,oil_temp_c,rpm,speed_kph,throttle_pct,timestamp,timing_advance) values (?,?,?,?,?,?,?,?,?,?,?,?,?,?,?)
2026-01-16 18:34:49.757 [Test worker] DEBUG org.hibernate.SQL - update device set active=?,api_key_hash=?,created_at=?,description=?,device_id=?,device_type=?,firmware_version=?,last_seen_at=? where id=?
2026-01-16 18:34:49.759 [Test worker] DEBUG org.hibernate.SQL - select d1_0.id,d1_0.active,d1_0.api_key_hash,d1_0.created_at,d1_0.description,d1_0.device_id,d1_0.device_type,d1_0.firmware_version,d1_0.last_seen_at from device d1_0 where d1_0.api_key_hash=? and d1_0.active
2026-01-16 18:34:49.764 [Test worker] DEBUG org.hibernate.SQL - select d1_0.id,d1_0.active,d1_0.api_key_hash,d1_0.created_at,d1_0.description,d1_0.device_id,d1_0.device_type,d1_0.firmware_version,d1_0.last_seen_at from device d1_0 where d1_0.device_id=?
2026-01-16 18:34:49.768 [Test worker] DEBUG org.hibernate.SQL - insert into telemetry_history (battery_voltage_v,coolant_temp_c,device_id,diagnostic_codes,engine_load_pct,fuel_level_pct,intake_air_temp_c,maf_air_flow,map_pressure,oil_temp_c,rpm,speed_kph,throttle_pct,timestamp,timing_advance) values (?,?,?,?,?,?,?,?,?,?,?,?,?,?,?)
2026-01-16 18:34:49.776 [Test worker] DEBUG org.hibernate.SQL - select u1_0.id,u1_0.avatar_id,u1_0.background_id,u1_0.created_at,u1_0.email,u1_0.name,u1_0.password,u1_0.role_id,u1_0.username from app_user u1_0 where u1_0.email=?
2026-01-16 18:34:49.788 [Test worker] DEBUG org.hibernate.SQL - select th1_0.id,th1_0.battery_voltage_v,th1_0.coolant_temp_c,th1_0.device_id,th1_0.diagnostic_codes,th1_0.engine_load_pct,th1_0.fuel_level_pct,th1_0.intake_air_temp_c,th1_0.maf_air_flow,th1_0.map_pressure,th1_0.oil_temp_c,th1_0.rpm,th1_0.speed_kph,th1_0.throttle_pct,th1_0.timestamp,th1_0.timing_advance from telemetry_history th1_0 where th1_0.device_id=? order by th1_0.timestamp desc fetch first ? rows only
2026-01-16 18:34:49.806 [Test worker] DEBUG org.hibernate.SQL - select r1_0.id,r1_0.name from role r1_0 where r1_0.name=?
2026-01-16 18:34:49.811 [Test worker] DEBUG org.hibernate.SQL - insert into role (name) values (?)
2026-01-16 18:34:49.814 [Test worker] DEBUG org.hibernate.SQL - select hc1_0.id,hc1_0.active,hc1_0.icon_path,hc1_0.name from hazard_category hc1_0
2026-01-16 18:34:49.816 [Test worker] DEBUG org.hibernate.SQL - insert into hazard_category (active,icon_path,name) values (?,?,?)
2026-01-16 18:34:49.822 [Test worker] INFO  n.f.d.b.controller.UserController - User registration attempt - username: devicetest, email: devicetest@test.com
2026-01-16 18:34:49.824 [Test worker] DEBUG org.hibernate.SQL - select u1_0.id from app_user u1_0 where u1_0.username=? fetch first ? rows only
2026-01-16 18:34:49.827 [Test worker] DEBUG org.hibernate.SQL - select u1_0.id from app_user u1_0 where u1_0.email=? fetch first ? rows only
2026-01-16 18:34:49.829 [Test worker] DEBUG org.hibernate.SQL - select r1_0.id,r1_0.name from role r1_0 where r1_0.name=?
2026-01-16 18:34:49.898 [Test worker] DEBUG org.hibernate.SQL - insert into app_user (avatar_id,background_id,created_at,email,name,password,role_id,username) values (?,?,?,?,?,?,?,?)
2026-01-16 18:34:49.902 [Test worker] INFO  n.f.db3.backend.service.UserService - User created successfully - userId: 8273, username: devicetest, email: devicetest@test.com
2026-01-16 18:34:49.902 [Test worker] INFO  n.f.d.b.controller.UserController - User registered successfully - userId: 8273, username: devicetest, email: devicetest@test.com
2026-01-16 18:34:49.909 [Test worker] DEBUG org.hibernate.SQL - select u1_0.id,u1_0.avatar_id,u1_0.background_id,u1_0.created_at,u1_0.email,u1_0.name,u1_0.password,u1_0.role_id,u1_0.username from app_user u1_0 where u1_0.email=?
2026-01-16 18:34:49.977 [Test worker] DEBUG org.hibernate.SQL - select u1_0.id,u1_0.avatar_id,u1_0.background_id,u1_0.created_at,u1_0.email,u1_0.name,u1_0.password,u1_0.role_id,u1_0.username from app_user u1_0 where u1_0.email=?
2026-01-16 18:34:49.980 [Test worker] INFO  n.f.d.b.controller.UserController - User logged in successfully - userId: 8273, username: devicetest, email: devicetest@test.com
2026-01-16 18:34:49.988 [Test worker] DEBUG org.hibernate.SQL - select u1_0.id,u1_0.avatar_id,u1_0.background_id,u1_0.created_at,u1_0.email,u1_0.name,u1_0.password,u1_0.role_id,u1_0.username from app_user u1_0 where u1_0.email=?
2026-01-16 18:34:49.993 [Test worker] INFO  n.f.d.b.controller.DeviceController - Device registration request - deviceId: ESP32-E2E-TEST-001, username: devicetest@test.com
2026-01-16 18:34:49.995 [Test worker] DEBUG org.hibernate.SQL - select d1_0.id,d1_0.active,d1_0.api_key_hash,d1_0.created_at,d1_0.description,d1_0.device_id,d1_0.device_type,d1_0.firmware_version,d1_0.last_seen_at from device d1_0 where d1_0.device_id=?
2026-01-16 18:34:49.998 [Test worker] DEBUG org.hibernate.SQL - insert into device (active,api_key_hash,created_at,description,device_id,device_type,firmware_version,last_seen_at) values (?,?,?,?,?,?,?,?)
2026-01-16 18:34:50.000 [Test worker] INFO  n.f.d.backend.service.DeviceService - Device registered successfully - deviceId: ESP32-E2E-TEST-001, deviceDbId: 387
2026-01-16 18:34:50.002 [Test worker] DEBUG org.hibernate.SQL - select u1_0.id,u1_0.avatar_id,u1_0.background_id,u1_0.created_at,u1_0.email,u1_0.name,u1_0.password,u1_0.role_id,u1_0.username from app_user u1_0 where u1_0.email=?
2026-01-16 18:34:50.005 [Test worker] DEBUG org.hibernate.SQL - select do1_0.id,do1_0.active,do1_0.created_at,do1_0.device_id,do1_0.notes,do1_0.transferred_at,do1_0.user_id from device_ownership do1_0 left join app_user u1_0 on u1_0.id=do1_0.user_id where u1_0.id=? and do1_0.active
2026-01-16 18:34:50.008 [Test worker] DEBUG org.hibernate.SQL - select d1_0.id,d1_0.active,d1_0.api_key_hash,d1_0.created_at,d1_0.description,d1_0.device_id,d1_0.device_type,d1_0.firmware_version,d1_0.last_seen_at from device d1_0 where d1_0.device_id=?
2026-01-16 18:34:50.011 [Test worker] DEBUG org.hibernate.SQL - select do1_0.id,do1_0.active,do1_0.created_at,do1_0.device_id,do1_0.notes,do1_0.transferred_at,do1_0.user_id from device_ownership do1_0 left join app_user u1_0 on u1_0.id=do1_0.user_id where u1_0.id=? and do1_0.active
2026-01-16 18:34:50.014 [Test worker] DEBUG org.hibernate.SQL - select do1_0.id,do1_0.active,do1_0.created_at,do1_0.device_id,do1_0.notes,do1_0.transferred_at,do1_0.user_id from device_ownership do1_0 where do1_0.device_id=? and do1_0.active
2026-01-16 18:34:50.016 [Test worker] DEBUG org.hibernate.SQL - insert into device_ownership (active,created_at,device_id,notes,transferred_at,user_id) values (?,?,?,?,?,?)
2026-01-16 18:34:50.018 [Test worker] INFO  n.f.d.b.controller.DeviceController - Device assigned to user - deviceId: ESP32-E2E-TEST-001, userId: 8273
2026-01-16 18:34:50.018 [Test worker] INFO  n.f.d.b.controller.DeviceController - Device registered successfully - deviceId: ESP32-E2E-TEST-001, deviceDbId: 387
2026-01-16 18:34:50.023 [Test worker] DEBUG org.hibernate.SQL - select d1_0.id,d1_0.active,d1_0.api_key_hash,d1_0.created_at,d1_0.description,d1_0.device_id,d1_0.device_type,d1_0.firmware_version,d1_0.last_seen_at from device d1_0 where d1_0.api_key_hash=? and d1_0.active
2026-01-16 18:34:50.028 [Test worker] DEBUG org.hibernate.SQL - select d1_0.id,d1_0.active,d1_0.api_key_hash,d1_0.created_at,d1_0.description,d1_0.device_id,d1_0.device_type,d1_0.firmware_version,d1_0.last_seen_at from device d1_0 where d1_0.device_id=?
2026-01-16 18:34:50.032 [Test worker] DEBUG org.hibernate.SQL - insert into telemetry_history (battery_voltage_v,coolant_temp_c,device_id,diagnostic_codes,engine_load_pct,fuel_level_pct,intake_air_temp_c,maf_air_flow,map_pressure,oil_temp_c,rpm,speed_kph,throttle_pct,timestamp,timing_advance) values (?,?,?,?,?,?,?,?,?,?,?,?,?,?,?)
2026-01-16 18:34:50.039 [Test worker] DEBUG org.hibernate.SQL - select u1_0.id,u1_0.avatar_id,u1_0.background_id,u1_0.created_at,u1_0.email,u1_0.name,u1_0.password,u1_0.role_id,u1_0.username from app_user u1_0 where u1_0.email=?
2026-01-16 18:34:50.045 [Test worker] DEBUG org.hibernate.SQL - select th1_0.id,th1_0.battery_voltage_v,th1_0.coolant_temp_c,th1_0.device_id,th1_0.diagnostic_codes,th1_0.engine_load_pct,th1_0.fuel_level_pct,th1_0.intake_air_temp_c,th1_0.maf_air_flow,th1_0.map_pressure,th1_0.oil_temp_c,th1_0.rpm,th1_0.speed_kph,th1_0.throttle_pct,th1_0.timestamp,th1_0.timing_advance from telemetry_history th1_0 where th1_0.device_id=? order by th1_0.timestamp desc fetch first ? rows only
2026-01-16 18:34:50.061 [Test worker] INFO  o.s.t.c.s.AnnotationConfigContextLoaderUtils - Could not detect default configuration classes for test class [nl.fontys.db3.backend.e2e.FriendshipE2ETest]: FriendshipE2ETest does not declare any static, non-private, non-final, nested classes annotated with @Configuration.
2026-01-16 18:34:50.064 [Test worker] INFO  o.s.b.t.c.SpringBootTestContextBootstrapper - Found @SpringBootConfiguration nl.fontys.db3.backend.BackendApplication for test class nl.fontys.db3.backend.e2e.FriendshipE2ETest
2026-01-16 18:34:50.072 [Test worker] DEBUG org.hibernate.SQL - select r1_0.id,r1_0.name from role r1_0 where r1_0.name=?
2026-01-16 18:34:50.074 [Test worker] DEBUG org.hibernate.SQL - insert into role (name) values (?)
2026-01-16 18:34:50.077 [Test worker] DEBUG org.hibernate.SQL - select hc1_0.id,hc1_0.active,hc1_0.icon_path,hc1_0.name from hazard_category hc1_0
2026-01-16 18:34:50.079 [Test worker] DEBUG org.hibernate.SQL - insert into hazard_category (active,icon_path,name) values (?,?,?)
2026-01-16 18:34:50.083 [Test worker] INFO  n.f.d.b.controller.UserController - User registration attempt - username: declineuser1, email: declineuser1@test.com
2026-01-16 18:34:50.085 [Test worker] DEBUG org.hibernate.SQL - select u1_0.id from app_user u1_0 where u1_0.username=? fetch first ? rows only
2026-01-16 18:34:50.088 [Test worker] DEBUG org.hibernate.SQL - select u1_0.id from app_user u1_0 where u1_0.email=? fetch first ? rows only
2026-01-16 18:34:50.089 [Test worker] DEBUG org.hibernate.SQL - select r1_0.id,r1_0.name from role r1_0 where r1_0.name=?
2026-01-16 18:34:50.154 [Test worker] DEBUG org.hibernate.SQL - insert into app_user (avatar_id,background_id,created_at,email,name,password,role_id,username) values (?,?,?,?,?,?,?,?)
2026-01-16 18:34:50.157 [Test worker] INFO  n.f.db3.backend.service.UserService - User created successfully - userId: 8274, username: declineuser1, email: declineuser1@test.com
2026-01-16 18:34:50.157 [Test worker] INFO  n.f.d.b.controller.UserController - User registered successfully - userId: 8274, username: declineuser1, email: declineuser1@test.com
2026-01-16 18:34:50.162 [Test worker] INFO  n.f.d.b.controller.UserController - User registration attempt - username: declineuser2, email: declineuser2@test.com
2026-01-16 18:34:50.164 [Test worker] DEBUG org.hibernate.SQL - select u1_0.id from app_user u1_0 where u1_0.username=? fetch first ? rows only
2026-01-16 18:34:50.166 [Test worker] DEBUG org.hibernate.SQL - select u1_0.id from app_user u1_0 where u1_0.email=? fetch first ? rows only
2026-01-16 18:34:50.169 [Test worker] DEBUG org.hibernate.SQL - select r1_0.id,r1_0.name from role r1_0 where r1_0.name=?
2026-01-16 18:34:50.229 [Test worker] DEBUG org.hibernate.SQL - insert into app_user (avatar_id,background_id,created_at,email,name,password,role_id,username) values (?,?,?,?,?,?,?,?)
2026-01-16 18:34:50.233 [Test worker] INFO  n.f.db3.backend.service.UserService - User created successfully - userId: 8275, username: declineuser2, email: declineuser2@test.com
2026-01-16 18:34:50.233 [Test worker] INFO  n.f.d.b.controller.UserController - User registered successfully - userId: 8275, username: declineuser2, email: declineuser2@test.com
2026-01-16 18:34:50.241 [Test worker] DEBUG org.hibernate.SQL - select u1_0.id,u1_0.avatar_id,u1_0.background_id,u1_0.created_at,u1_0.email,u1_0.name,u1_0.password,u1_0.role_id,u1_0.username from app_user u1_0 where u1_0.email=?
2026-01-16 18:34:50.304 [Test worker] DEBUG org.hibernate.SQL - select u1_0.id,u1_0.avatar_id,u1_0.background_id,u1_0.created_at,u1_0.email,u1_0.name,u1_0.password,u1_0.role_id,u1_0.username from app_user u1_0 where u1_0.email=?
2026-01-16 18:34:50.306 [Test worker] INFO  n.f.d.b.controller.UserController - User logged in successfully - userId: 8274, username: declineuser1, email: declineuser1@test.com
2026-01-16 18:34:50.312 [Test worker] DEBUG org.hibernate.SQL - select u1_0.id,u1_0.avatar_id,u1_0.background_id,u1_0.created_at,u1_0.email,u1_0.name,u1_0.password,u1_0.role_id,u1_0.username from app_user u1_0 where u1_0.email=?
2026-01-16 18:34:50.374 [Test worker] DEBUG org.hibernate.SQL - select u1_0.id,u1_0.avatar_id,u1_0.background_id,u1_0.created_at,u1_0.email,u1_0.name,u1_0.password,u1_0.role_id,u1_0.username from app_user u1_0 where u1_0.email=?
2026-01-16 18:34:50.377 [Test worker] INFO  n.f.d.b.controller.UserController - User logged in successfully - userId: 8275, username: declineuser2, email: declineuser2@test.com
2026-01-16 18:34:50.385 [Test worker] DEBUG org.hibernate.SQL - select u1_0.id,u1_0.avatar_id,u1_0.background_id,u1_0.created_at,u1_0.email,u1_0.name,u1_0.password,u1_0.role_id,u1_0.username from app_user u1_0 where u1_0.email=?
2026-01-16 18:34:50.393 [Test worker] DEBUG org.hibernate.SQL - select u1_0.id,u1_0.avatar_id,u1_0.background_id,u1_0.created_at,u1_0.email,u1_0.name,u1_0.password,u1_0.role_id,u1_0.username from app_user u1_0 where u1_0.email=?
2026-01-16 18:34:50.398 [Test worker] DEBUG org.hibernate.SQL - select u1_0.id,u1_0.avatar_id,u1_0.background_id,u1_0.created_at,u1_0.email,u1_0.name,u1_0.password,u1_0.role_id,u1_0.username from app_user u1_0 where u1_0.username=?
2026-01-16 18:34:50.410 [Test worker] DEBUG org.hibernate.SQL - select f1_0.id,f1_0.addressee_id,f1_0.created_at,f1_0.requester_id,f1_0.status from friendship f1_0 where (f1_0.requester_id=? and f1_0.addressee_id=?) or (f1_0.requester_id=? and f1_0.addressee_id=?)
2026-01-16 18:34:50.415 [Test worker] DEBUG org.hibernate.SQL - insert into friendship (addressee_id,created_at,requester_id,status) values (?,?,?,?)
2026-01-16 18:34:50.427 [Test worker] DEBUG org.hibernate.SQL - select u1_0.id,u1_0.avatar_id,u1_0.background_id,u1_0.created_at,u1_0.email,u1_0.name,u1_0.password,u1_0.role_id,u1_0.username from app_user u1_0 where u1_0.email=?
2026-01-16 18:34:50.432 [Test worker] DEBUG org.hibernate.SQL - select u1_0.id,u1_0.avatar_id,u1_0.background_id,u1_0.created_at,u1_0.email,u1_0.name,u1_0.password,u1_0.role_id,u1_0.username from app_user u1_0 where u1_0.email=?
2026-01-16 18:34:50.435 [Test worker] DEBUG org.hibernate.SQL - select u1_0.id,u1_0.avatar_id,u1_0.background_id,u1_0.created_at,u1_0.email,u1_0.name,u1_0.password,u1_0.role_id,u1_0.username from app_user u1_0 where u1_0.username=?
2026-01-16 18:34:50.439 [Test worker] DEBUG org.hibernate.SQL - select f1_0.id,f1_0.addressee_id,f1_0.created_at,f1_0.requester_id,f1_0.status from friendship f1_0 where (f1_0.requester_id=? and f1_0.addressee_id=?) or (f1_0.requester_id=? and f1_0.addressee_id=?)
2026-01-16 18:34:50.449 [Test worker] DEBUG org.hibernate.SQL - select u1_0.id,u1_0.avatar_id,u1_0.background_id,u1_0.created_at,u1_0.email,u1_0.name,u1_0.password,u1_0.role_id,u1_0.username from app_user u1_0 where u1_0.email=?
2026-01-16 18:34:50.454 [Test worker] DEBUG org.hibernate.SQL - select u1_0.id,u1_0.avatar_id,u1_0.background_id,u1_0.created_at,u1_0.email,u1_0.name,u1_0.password,u1_0.role_id,u1_0.username from app_user u1_0 where u1_0.email=?
2026-01-16 18:34:50.461 [Test worker] DEBUG org.hibernate.SQL - delete from friendship where id=?
2026-01-16 18:34:50.465 [Test worker] DEBUG org.hibernate.SQL - select f1_0.id,f1_0.addressee_id,f1_0.created_at,f1_0.requester_id,f1_0.status from friendship f1_0 join app_user r1_0 on r1_0.id=f1_0.requester_id join app_user a1_0 on a1_0.id=f1_0.addressee_id where f1_0.status=? and r1_0.id=? or f1_0.status=? and a1_0.id=?
2026-01-16 18:34:50.479 [Test worker] DEBUG org.hibernate.SQL - select r1_0.id,r1_0.name from role r1_0 where r1_0.name=?
2026-01-16 18:34:50.481 [Test worker] DEBUG org.hibernate.SQL - insert into role (name) values (?)
2026-01-16 18:34:50.483 [Test worker] DEBUG org.hibernate.SQL - select hc1_0.id,hc1_0.active,hc1_0.icon_path,hc1_0.name from hazard_category hc1_0
2026-01-16 18:34:50.485 [Test worker] DEBUG org.hibernate.SQL - insert into hazard_category (active,icon_path,name) values (?,?,?)
2026-01-16 18:34:50.489 [Test worker] INFO  n.f.d.b.controller.UserController - User registration attempt - username: frienduser1, email: frienduser1@test.com
2026-01-16 18:34:50.490 [Test worker] DEBUG org.hibernate.SQL - select u1_0.id from app_user u1_0 where u1_0.username=? fetch first ? rows only
2026-01-16 18:34:50.492 [Test worker] DEBUG org.hibernate.SQL - select u1_0.id from app_user u1_0 where u1_0.email=? fetch first ? rows only
2026-01-16 18:34:50.495 [Test worker] DEBUG org.hibernate.SQL - select r1_0.id,r1_0.name from role r1_0 where r1_0.name=?
2026-01-16 18:34:50.553 [Test worker] DEBUG org.hibernate.SQL - insert into app_user (avatar_id,background_id,created_at,email,name,password,role_id,username) values (?,?,?,?,?,?,?,?)
2026-01-16 18:34:50.557 [Test worker] INFO  n.f.db3.backend.service.UserService - User created successfully - userId: 8276, username: frienduser1, email: frienduser1@test.com
2026-01-16 18:34:50.557 [Test worker] INFO  n.f.d.b.controller.UserController - User registered successfully - userId: 8276, username: frienduser1, email: frienduser1@test.com
2026-01-16 18:34:50.562 [Test worker] INFO  n.f.d.b.controller.UserController - User registration attempt - username: frienduser2, email: frienduser2@test.com
2026-01-16 18:34:50.564 [Test worker] DEBUG org.hibernate.SQL - select u1_0.id from app_user u1_0 where u1_0.username=? fetch first ? rows only
2026-01-16 18:34:50.566 [Test worker] DEBUG org.hibernate.SQL - select u1_0.id from app_user u1_0 where u1_0.email=? fetch first ? rows only
2026-01-16 18:34:50.568 [Test worker] DEBUG org.hibernate.SQL - select r1_0.id,r1_0.name from role r1_0 where r1_0.name=?
2026-01-16 18:34:50.625 [Test worker] DEBUG org.hibernate.SQL - insert into app_user (avatar_id,background_id,created_at,email,name,password,role_id,username) values (?,?,?,?,?,?,?,?)
2026-01-16 18:34:50.629 [Test worker] INFO  n.f.db3.backend.service.UserService - User created successfully - userId: 8277, username: frienduser2, email: frienduser2@test.com
2026-01-16 18:34:50.629 [Test worker] INFO  n.f.d.b.controller.UserController - User registered successfully - userId: 8277, username: frienduser2, email: frienduser2@test.com
2026-01-16 18:34:50.635 [Test worker] DEBUG org.hibernate.SQL - select u1_0.id,u1_0.avatar_id,u1_0.background_id,u1_0.created_at,u1_0.email,u1_0.name,u1_0.password,u1_0.role_id,u1_0.username from app_user u1_0 where u1_0.email=?
2026-01-16 18:34:50.693 [Test worker] DEBUG org.hibernate.SQL - select u1_0.id,u1_0.avatar_id,u1_0.background_id,u1_0.created_at,u1_0.email,u1_0.name,u1_0.password,u1_0.role_id,u1_0.username from app_user u1_0 where u1_0.email=?
2026-01-16 18:34:50.696 [Test worker] INFO  n.f.d.b.controller.UserController - User logged in successfully - userId: 8276, username: frienduser1, email: frienduser1@test.com
2026-01-16 18:34:50.700 [Test worker] DEBUG org.hibernate.SQL - select u1_0.id,u1_0.avatar_id,u1_0.background_id,u1_0.created_at,u1_0.email,u1_0.name,u1_0.password,u1_0.role_id,u1_0.username from app_user u1_0 where u1_0.email=?
2026-01-16 18:34:50.759 [Test worker] DEBUG org.hibernate.SQL - select u1_0.id,u1_0.avatar_id,u1_0.background_id,u1_0.created_at,u1_0.email,u1_0.name,u1_0.password,u1_0.role_id,u1_0.username from app_user u1_0 where u1_0.email=?
2026-01-16 18:34:50.762 [Test worker] INFO  n.f.d.b.controller.UserController - User logged in successfully - userId: 8277, username: frienduser2, email: frienduser2@test.com
2026-01-16 18:34:50.768 [Test worker] DEBUG org.hibernate.SQL - select u1_0.id,u1_0.avatar_id,u1_0.background_id,u1_0.created_at,u1_0.email,u1_0.name,u1_0.password,u1_0.role_id,u1_0.username from app_user u1_0 where u1_0.email=?
2026-01-16 18:34:50.773 [Test worker] DEBUG org.hibernate.SQL - select u1_0.id,u1_0.avatar_id,u1_0.background_id,u1_0.created_at,u1_0.email,u1_0.name,u1_0.password,u1_0.role_id,u1_0.username from app_user u1_0 where u1_0.email=?
2026-01-16 18:34:50.777 [Test worker] DEBUG org.hibernate.SQL - select u1_0.id,u1_0.avatar_id,u1_0.background_id,u1_0.created_at,u1_0.email,u1_0.name,u1_0.password,u1_0.role_id,u1_0.username from app_user u1_0 where u1_0.username=?
2026-01-16 18:34:50.780 [Test worker] DEBUG org.hibernate.SQL - select f1_0.id,f1_0.addressee_id,f1_0.created_at,f1_0.requester_id,f1_0.status from friendship f1_0 where (f1_0.requester_id=? and f1_0.addressee_id=?) or (f1_0.requester_id=? and f1_0.addressee_id=?)
2026-01-16 18:34:50.781 [Test worker] DEBUG org.hibernate.SQL - insert into friendship (addressee_id,created_at,requester_id,status) values (?,?,?,?)
2026-01-16 18:34:50.790 [Test worker] DEBUG org.hibernate.SQL - select u1_0.id,u1_0.avatar_id,u1_0.background_id,u1_0.created_at,u1_0.email,u1_0.name,u1_0.password,u1_0.role_id,u1_0.username from app_user u1_0 where u1_0.email=?
2026-01-16 18:34:50.796 [Test worker] DEBUG org.hibernate.SQL - select u1_0.id,u1_0.avatar_id,u1_0.background_id,u1_0.created_at,u1_0.email,u1_0.name,u1_0.password,u1_0.role_id,u1_0.username from app_user u1_0 where u1_0.email=?
2026-01-16 18:34:50.799 [Test worker] DEBUG org.hibernate.SQL - select f1_0.id,f1_0.addressee_id,f1_0.created_at,f1_0.requester_id,f1_0.status from friendship f1_0 join app_user a1_0 on a1_0.id=f1_0.addressee_id where a1_0.id=? and f1_0.status=?
2026-01-16 18:34:50.806 [Test worker] DEBUG org.hibernate.SQL - select u1_0.id,u1_0.avatar_id,u1_0.background_id,u1_0.created_at,u1_0.email,u1_0.name,u1_0.password,u1_0.role_id,u1_0.username from app_user u1_0 where u1_0.email=?
2026-01-16 18:34:50.812 [Test worker] DEBUG org.hibernate.SQL - select u1_0.id,u1_0.avatar_id,u1_0.background_id,u1_0.created_at,u1_0.email,u1_0.name,u1_0.password,u1_0.role_id,u1_0.username from app_user u1_0 where u1_0.email=?
2026-01-16 18:34:50.815 [Test worker] DEBUG org.hibernate.SQL - select u1_0.id,u1_0.avatar_id,u1_0.background_id,u1_0.created_at,u1_0.email,u1_0.name,u1_0.password,u1_0.role_id,u1_0.username from app_user u1_0 where u1_0.username=?
2026-01-16 18:34:50.818 [Test worker] DEBUG org.hibernate.SQL - select f1_0.id,f1_0.addressee_id,f1_0.created_at,f1_0.requester_id,f1_0.status from friendship f1_0 where (f1_0.requester_id=? and f1_0.addressee_id=?) or (f1_0.requester_id=? and f1_0.addressee_id=?)
2026-01-16 18:34:50.824 [Test worker] DEBUG org.hibernate.SQL - select u1_0.id,u1_0.avatar_id,u1_0.background_id,u1_0.created_at,u1_0.email,u1_0.name,u1_0.password,u1_0.role_id,u1_0.username from app_user u1_0 where u1_0.email=?
2026-01-16 18:34:50.829 [Test worker] DEBUG org.hibernate.SQL - select u1_0.id,u1_0.avatar_id,u1_0.background_id,u1_0.created_at,u1_0.email,u1_0.name,u1_0.password,u1_0.role_id,u1_0.username from app_user u1_0 where u1_0.email=?
2026-01-16 18:34:50.833 [Test worker] DEBUG org.hibernate.SQL - update friendship set addressee_id=?,created_at=?,requester_id=?,status=? where id=?
2026-01-16 18:34:50.835 [Test worker] DEBUG org.hibernate.SQL - select f1_0.id,f1_0.addressee_id,f1_0.created_at,f1_0.requester_id,f1_0.status from friendship f1_0 join app_user r1_0 on r1_0.id=f1_0.requester_id join app_user a1_0 on a1_0.id=f1_0.addressee_id where f1_0.status=? and r1_0.id=? or f1_0.status=? and a1_0.id=?
2026-01-16 18:34:50.842 [Test worker] DEBUG org.hibernate.SQL - select u1_0.id,u1_0.avatar_id,u1_0.background_id,u1_0.created_at,u1_0.email,u1_0.name,u1_0.password,u1_0.role_id,u1_0.username from app_user u1_0 where u1_0.email=?
2026-01-16 18:34:50.847 [Test worker] DEBUG org.hibernate.SQL - select u1_0.id,u1_0.avatar_id,u1_0.background_id,u1_0.created_at,u1_0.email,u1_0.name,u1_0.password,u1_0.role_id,u1_0.username from app_user u1_0 where u1_0.email=?
2026-01-16 18:34:50.851 [Test worker] DEBUG org.hibernate.SQL - select f1_0.id,f1_0.addressee_id,f1_0.created_at,f1_0.requester_id,f1_0.status from friendship f1_0 join app_user r1_0 on r1_0.id=f1_0.requester_id join app_user a1_0 on a1_0.id=f1_0.addressee_id where f1_0.status=? and r1_0.id=? or f1_0.status=? and a1_0.id=?
2026-01-16 18:34:50.863 [Test worker] DEBUG org.hibernate.SQL - select r1_0.id,r1_0.name from role r1_0 where r1_0.name=?
2026-01-16 18:34:50.865 [Test worker] DEBUG org.hibernate.SQL - insert into role (name) values (?)
2026-01-16 18:34:50.867 [Test worker] DEBUG org.hibernate.SQL - select hc1_0.id,hc1_0.active,hc1_0.icon_path,hc1_0.name from hazard_category hc1_0
2026-01-16 18:34:50.869 [Test worker] DEBUG org.hibernate.SQL - insert into hazard_category (active,icon_path,name) values (?,?,?)
2026-01-16 18:34:50.873 [Test worker] INFO  n.f.d.b.controller.UserController - User registration attempt - username: unfrienduser1, email: unfrienduser1@test.com
2026-01-16 18:34:50.874 [Test worker] DEBUG org.hibernate.SQL - select u1_0.id from app_user u1_0 where u1_0.username=? fetch first ? rows only
2026-01-16 18:34:50.877 [Test worker] DEBUG org.hibernate.SQL - select u1_0.id from app_user u1_0 where u1_0.email=? fetch first ? rows only
2026-01-16 18:34:50.879 [Test worker] DEBUG org.hibernate.SQL - select r1_0.id,r1_0.name from role r1_0 where r1_0.name=?
2026-01-16 18:34:50.936 [Test worker] DEBUG org.hibernate.SQL - insert into app_user (avatar_id,background_id,created_at,email,name,password,role_id,username) values (?,?,?,?,?,?,?,?)
2026-01-16 18:34:50.939 [Test worker] INFO  n.f.db3.backend.service.UserService - User created successfully - userId: 8278, username: unfrienduser1, email: unfrienduser1@test.com
2026-01-16 18:34:50.939 [Test worker] INFO  n.f.d.b.controller.UserController - User registered successfully - userId: 8278, username: unfrienduser1, email: unfrienduser1@test.com
2026-01-16 18:34:50.942 [Test worker] INFO  n.f.d.b.controller.UserController - User registration attempt - username: unfrienduser2, email: unfrienduser2@test.com
2026-01-16 18:34:50.944 [Test worker] DEBUG org.hibernate.SQL - select u1_0.id from app_user u1_0 where u1_0.username=? fetch first ? rows only
2026-01-16 18:34:50.947 [Test worker] DEBUG org.hibernate.SQL - select u1_0.id from app_user u1_0 where u1_0.email=? fetch first ? rows only
2026-01-16 18:34:50.949 [Test worker] DEBUG org.hibernate.SQL - select r1_0.id,r1_0.name from role r1_0 where r1_0.name=?
2026-01-16 18:34:51.007 [Test worker] DEBUG org.hibernate.SQL - insert into app_user (avatar_id,background_id,created_at,email,name,password,role_id,username) values (?,?,?,?,?,?,?,?)
2026-01-16 18:34:51.010 [Test worker] INFO  n.f.db3.backend.service.UserService - User created successfully - userId: 8279, username: unfrienduser2, email: unfrienduser2@test.com
2026-01-16 18:34:51.011 [Test worker] INFO  n.f.d.b.controller.UserController - User registered successfully - userId: 8279, username: unfrienduser2, email: unfrienduser2@test.com
2026-01-16 18:34:51.016 [Test worker] DEBUG org.hibernate.SQL - select u1_0.id,u1_0.avatar_id,u1_0.background_id,u1_0.created_at,u1_0.email,u1_0.name,u1_0.password,u1_0.role_id,u1_0.username from app_user u1_0 where u1_0.email=?
2026-01-16 18:34:51.074 [Test worker] DEBUG org.hibernate.SQL - select u1_0.id,u1_0.avatar_id,u1_0.background_id,u1_0.created_at,u1_0.email,u1_0.name,u1_0.password,u1_0.role_id,u1_0.username from app_user u1_0 where u1_0.email=?
2026-01-16 18:34:51.075 [Test worker] INFO  n.f.d.b.controller.UserController - User logged in successfully - userId: 8278, username: unfrienduser1, email: unfrienduser1@test.com
2026-01-16 18:34:51.080 [Test worker] DEBUG org.hibernate.SQL - select u1_0.id,u1_0.avatar_id,u1_0.background_id,u1_0.created_at,u1_0.email,u1_0.name,u1_0.password,u1_0.role_id,u1_0.username from app_user u1_0 where u1_0.email=?
2026-01-16 18:34:51.140 [Test worker] DEBUG org.hibernate.SQL - select u1_0.id,u1_0.avatar_id,u1_0.background_id,u1_0.created_at,u1_0.email,u1_0.name,u1_0.password,u1_0.role_id,u1_0.username from app_user u1_0 where u1_0.email=?
2026-01-16 18:34:51.142 [Test worker] INFO  n.f.d.b.controller.UserController - User logged in successfully - userId: 8279, username: unfrienduser2, email: unfrienduser2@test.com
2026-01-16 18:34:51.147 [Test worker] DEBUG org.hibernate.SQL - select u1_0.id,u1_0.avatar_id,u1_0.background_id,u1_0.created_at,u1_0.email,u1_0.name,u1_0.password,u1_0.role_id,u1_0.username from app_user u1_0 where u1_0.email=?
2026-01-16 18:34:51.153 [Test worker] DEBUG org.hibernate.SQL - select u1_0.id,u1_0.avatar_id,u1_0.background_id,u1_0.created_at,u1_0.email,u1_0.name,u1_0.password,u1_0.role_id,u1_0.username from app_user u1_0 where u1_0.email=?
2026-01-16 18:34:51.157 [Test worker] DEBUG org.hibernate.SQL - select u1_0.id,u1_0.avatar_id,u1_0.background_id,u1_0.created_at,u1_0.email,u1_0.name,u1_0.password,u1_0.role_id,u1_0.username from app_user u1_0 where u1_0.username=?
2026-01-16 18:34:51.159 [Test worker] DEBUG org.hibernate.SQL - select f1_0.id,f1_0.addressee_id,f1_0.created_at,f1_0.requester_id,f1_0.status from friendship f1_0 where (f1_0.requester_id=? and f1_0.addressee_id=?) or (f1_0.requester_id=? and f1_0.addressee_id=?)
2026-01-16 18:34:51.161 [Test worker] DEBUG org.hibernate.SQL - insert into friendship (addressee_id,created_at,requester_id,status) values (?,?,?,?)
2026-01-16 18:34:51.167 [Test worker] DEBUG org.hibernate.SQL - select u1_0.id,u1_0.avatar_id,u1_0.background_id,u1_0.created_at,u1_0.email,u1_0.name,u1_0.password,u1_0.role_id,u1_0.username from app_user u1_0 where u1_0.email=?
2026-01-16 18:34:51.172 [Test worker] DEBUG org.hibernate.SQL - select u1_0.id,u1_0.avatar_id,u1_0.background_id,u1_0.created_at,u1_0.email,u1_0.name,u1_0.password,u1_0.role_id,u1_0.username from app_user u1_0 where u1_0.email=?
2026-01-16 18:34:51.175 [Test worker] DEBUG org.hibernate.SQL - select u1_0.id,u1_0.avatar_id,u1_0.background_id,u1_0.created_at,u1_0.email,u1_0.name,u1_0.password,u1_0.role_id,u1_0.username from app_user u1_0 where u1_0.username=?
2026-01-16 18:34:51.178 [Test worker] DEBUG org.hibernate.SQL - select f1_0.id,f1_0.addressee_id,f1_0.created_at,f1_0.requester_id,f1_0.status from friendship f1_0 where (f1_0.requester_id=? and f1_0.addressee_id=?) or (f1_0.requester_id=? and f1_0.addressee_id=?)
2026-01-16 18:34:51.184 [Test worker] DEBUG org.hibernate.SQL - select u1_0.id,u1_0.avatar_id,u1_0.background_id,u1_0.created_at,u1_0.email,u1_0.name,u1_0.password,u1_0.role_id,u1_0.username from app_user u1_0 where u1_0.email=?
2026-01-16 18:34:51.190 [Test worker] DEBUG org.hibernate.SQL - select u1_0.id,u1_0.avatar_id,u1_0.background_id,u1_0.created_at,u1_0.email,u1_0.name,u1_0.password,u1_0.role_id,u1_0.username from app_user u1_0 where u1_0.email=?
2026-01-16 18:34:51.193 [Test worker] DEBUG org.hibernate.SQL - select u1_0.id,u1_0.avatar_id,u1_0.background_id,u1_0.created_at,u1_0.email,u1_0.name,u1_0.password,u1_0.role_id,u1_0.username from app_user u1_0 where u1_0.username=?
2026-01-16 18:34:51.196 [Test worker] DEBUG org.hibernate.SQL - update friendship set addressee_id=?,created_at=?,requester_id=?,status=? where id=?
2026-01-16 18:34:51.197 [Test worker] DEBUG org.hibernate.SQL - select f1_0.id,f1_0.addressee_id,f1_0.created_at,f1_0.requester_id,f1_0.status from friendship f1_0 where (f1_0.requester_id=? and f1_0.addressee_id=?) or (f1_0.requester_id=? and f1_0.addressee_id=?)
2026-01-16 18:34:51.204 [Test worker] DEBUG org.hibernate.SQL - select u1_0.id,u1_0.avatar_id,u1_0.background_id,u1_0.created_at,u1_0.email,u1_0.name,u1_0.password,u1_0.role_id,u1_0.username from app_user u1_0 where u1_0.email=?
2026-01-16 18:34:51.209 [Test worker] DEBUG org.hibernate.SQL - select u1_0.id,u1_0.avatar_id,u1_0.background_id,u1_0.created_at,u1_0.email,u1_0.name,u1_0.password,u1_0.role_id,u1_0.username from app_user u1_0 where u1_0.email=?
2026-01-16 18:34:51.213 [Test worker] DEBUG org.hibernate.SQL - delete from friendship where id=?
2026-01-16 18:34:51.214 [Test worker] DEBUG org.hibernate.SQL - select f1_0.id,f1_0.addressee_id,f1_0.created_at,f1_0.requester_id,f1_0.status from friendship f1_0 join app_user r1_0 on r1_0.id=f1_0.requester_id join app_user a1_0 on a1_0.id=f1_0.addressee_id where f1_0.status=? and r1_0.id=? or f1_0.status=? and a1_0.id=?
2026-01-16 18:34:51.226 [Test worker] DEBUG org.hibernate.SQL - select r1_0.id,r1_0.name from role r1_0 where r1_0.name=?
2026-01-16 18:34:51.229 [Test worker] DEBUG org.hibernate.SQL - insert into role (name) values (?)
2026-01-16 18:34:51.231 [Test worker] DEBUG org.hibernate.SQL - select hc1_0.id,hc1_0.active,hc1_0.icon_path,hc1_0.name from hazard_category hc1_0
2026-01-16 18:34:51.233 [Test worker] DEBUG org.hibernate.SQL - insert into hazard_category (active,icon_path,name) values (?,?,?)
2026-01-16 18:34:51.237 [Test worker] INFO  n.f.d.b.controller.UserController - User registration attempt - username: canceluser1, email: canceluser1@test.com
2026-01-16 18:34:51.239 [Test worker] DEBUG org.hibernate.SQL - select u1_0.id from app_user u1_0 where u1_0.username=? fetch first ? rows only
2026-01-16 18:34:51.241 [Test worker] DEBUG org.hibernate.SQL - select u1_0.id from app_user u1_0 where u1_0.email=? fetch first ? rows only
2026-01-16 18:34:51.243 [Test worker] DEBUG org.hibernate.SQL - select r1_0.id,r1_0.name from role r1_0 where r1_0.name=?
2026-01-16 18:34:51.301 [Test worker] DEBUG org.hibernate.SQL - insert into app_user (avatar_id,background_id,created_at,email,name,password,role_id,username) values (?,?,?,?,?,?,?,?)
2026-01-16 18:34:51.305 [Test worker] INFO  n.f.db3.backend.service.UserService - User created successfully - userId: 8280, username: canceluser1, email: canceluser1@test.com
2026-01-16 18:34:51.305 [Test worker] INFO  n.f.d.b.controller.UserController - User registered successfully - userId: 8280, username: canceluser1, email: canceluser1@test.com
2026-01-16 18:34:51.308 [Test worker] INFO  n.f.d.b.controller.UserController - User registration attempt - username: canceluser2, email: canceluser2@test.com
2026-01-16 18:34:51.310 [Test worker] DEBUG org.hibernate.SQL - select u1_0.id from app_user u1_0 where u1_0.username=? fetch first ? rows only
2026-01-16 18:34:51.313 [Test worker] DEBUG org.hibernate.SQL - select u1_0.id from app_user u1_0 where u1_0.email=? fetch first ? rows only
2026-01-16 18:34:51.314 [Test worker] DEBUG org.hibernate.SQL - select r1_0.id,r1_0.name from role r1_0 where r1_0.name=?
2026-01-16 18:34:51.371 [Test worker] DEBUG org.hibernate.SQL - insert into app_user (avatar_id,background_id,created_at,email,name,password,role_id,username) values (?,?,?,?,?,?,?,?)
2026-01-16 18:34:51.374 [Test worker] INFO  n.f.db3.backend.service.UserService - User created successfully - userId: 8281, username: canceluser2, email: canceluser2@test.com
2026-01-16 18:34:51.375 [Test worker] INFO  n.f.d.b.controller.UserController - User registered successfully - userId: 8281, username: canceluser2, email: canceluser2@test.com
2026-01-16 18:34:51.380 [Test worker] DEBUG org.hibernate.SQL - select u1_0.id,u1_0.avatar_id,u1_0.background_id,u1_0.created_at,u1_0.email,u1_0.name,u1_0.password,u1_0.role_id,u1_0.username from app_user u1_0 where u1_0.email=?
2026-01-16 18:34:51.439 [Test worker] DEBUG org.hibernate.SQL - select u1_0.id,u1_0.avatar_id,u1_0.background_id,u1_0.created_at,u1_0.email,u1_0.name,u1_0.password,u1_0.role_id,u1_0.username from app_user u1_0 where u1_0.email=?
2026-01-16 18:34:51.441 [Test worker] INFO  n.f.d.b.controller.UserController - User logged in successfully - userId: 8280, username: canceluser1, email: canceluser1@test.com
2026-01-16 18:34:51.448 [Test worker] DEBUG org.hibernate.SQL - select u1_0.id,u1_0.avatar_id,u1_0.background_id,u1_0.created_at,u1_0.email,u1_0.name,u1_0.password,u1_0.role_id,u1_0.username from app_user u1_0 where u1_0.email=?
2026-01-16 18:34:51.454 [Test worker] DEBUG org.hibernate.SQL - select u1_0.id,u1_0.avatar_id,u1_0.background_id,u1_0.created_at,u1_0.email,u1_0.name,u1_0.password,u1_0.role_id,u1_0.username from app_user u1_0 where u1_0.email=?
2026-01-16 18:34:51.458 [Test worker] DEBUG org.hibernate.SQL - select u1_0.id,u1_0.avatar_id,u1_0.background_id,u1_0.created_at,u1_0.email,u1_0.name,u1_0.password,u1_0.role_id,u1_0.username from app_user u1_0 where u1_0.username=?
2026-01-16 18:34:51.460 [Test worker] DEBUG org.hibernate.SQL - select f1_0.id,f1_0.addressee_id,f1_0.created_at,f1_0.requester_id,f1_0.status from friendship f1_0 where (f1_0.requester_id=? and f1_0.addressee_id=?) or (f1_0.requester_id=? and f1_0.addressee_id=?)
2026-01-16 18:34:51.462 [Test worker] DEBUG org.hibernate.SQL - insert into friendship (addressee_id,created_at,requester_id,status) values (?,?,?,?)
2026-01-16 18:34:51.468 [Test worker] DEBUG org.hibernate.SQL - select u1_0.id,u1_0.avatar_id,u1_0.background_id,u1_0.created_at,u1_0.email,u1_0.name,u1_0.password,u1_0.role_id,u1_0.username from app_user u1_0 where u1_0.email=?
2026-01-16 18:34:51.473 [Test worker] DEBUG org.hibernate.SQL - select u1_0.id,u1_0.avatar_id,u1_0.background_id,u1_0.created_at,u1_0.email,u1_0.name,u1_0.password,u1_0.role_id,u1_0.username from app_user u1_0 where u1_0.email=?
2026-01-16 18:34:51.475 [Test worker] DEBUG org.hibernate.SQL - select u1_0.id,u1_0.avatar_id,u1_0.background_id,u1_0.created_at,u1_0.email,u1_0.name,u1_0.password,u1_0.role_id,u1_0.username from app_user u1_0 where u1_0.username=?
2026-01-16 18:34:51.478 [Test worker] DEBUG org.hibernate.SQL - select f1_0.id,f1_0.addressee_id,f1_0.created_at,f1_0.requester_id,f1_0.status from friendship f1_0 where (f1_0.requester_id=? and f1_0.addressee_id=?) or (f1_0.requester_id=? and f1_0.addressee_id=?)
2026-01-16 18:34:51.483 [Test worker] DEBUG org.hibernate.SQL - select u1_0.id,u1_0.avatar_id,u1_0.background_id,u1_0.created_at,u1_0.email,u1_0.name,u1_0.password,u1_0.role_id,u1_0.username from app_user u1_0 where u1_0.email=?
2026-01-16 18:34:51.489 [Test worker] DEBUG org.hibernate.SQL - select u1_0.id,u1_0.avatar_id,u1_0.background_id,u1_0.created_at,u1_0.email,u1_0.name,u1_0.password,u1_0.role_id,u1_0.username from app_user u1_0 where u1_0.email=?
2026-01-16 18:34:51.492 [Test worker] DEBUG org.hibernate.SQL - delete from friendship where id=?
2026-01-16 18:34:51.493 [Test worker] DEBUG org.hibernate.SQL - select f1_0.id,f1_0.addressee_id,f1_0.created_at,f1_0.requester_id,f1_0.status from friendship f1_0 join app_user r1_0 on r1_0.id=f1_0.requester_id where r1_0.id=? and f1_0.status=?
2026-01-16 18:34:51.502 [Test worker] INFO  o.s.t.c.s.AnnotationConfigContextLoaderUtils - Could not detect default configuration classes for test class [nl.fontys.db3.backend.e2e.HazardReportingE2ETest]: HazardReportingE2ETest does not declare any static, non-private, non-final, nested classes annotated with @Configuration.
2026-01-16 18:34:51.504 [Test worker] INFO  o.s.b.t.c.SpringBootTestContextBootstrapper - Found @SpringBootConfiguration nl.fontys.db3.backend.BackendApplication for test class nl.fontys.db3.backend.e2e.HazardReportingE2ETest
2026-01-16 18:34:51.509 [Test worker] DEBUG org.hibernate.SQL - select r1_0.id,r1_0.name from role r1_0 where r1_0.name=?
2026-01-16 18:34:51.512 [Test worker] DEBUG org.hibernate.SQL - insert into role (name) values (?)
2026-01-16 18:34:51.514 [Test worker] DEBUG org.hibernate.SQL - select hc1_0.id,hc1_0.active,hc1_0.icon_path,hc1_0.name from hazard_category hc1_0
2026-01-16 18:34:51.515 [Test worker] DEBUG org.hibernate.SQL - insert into hazard_category (active,icon_path,name) values (?,?,?)
2026-01-16 18:34:51.519 [Test worker] INFO  n.f.d.b.controller.UserController - User registration attempt - username: e2euser, email: e2euser@test.com
2026-01-16 18:34:51.520 [Test worker] DEBUG org.hibernate.SQL - select u1_0.id from app_user u1_0 where u1_0.username=? fetch first ? rows only
2026-01-16 18:34:51.523 [Test worker] DEBUG org.hibernate.SQL - select u1_0.id from app_user u1_0 where u1_0.email=? fetch first ? rows only
2026-01-16 18:34:51.524 [Test worker] DEBUG org.hibernate.SQL - select r1_0.id,r1_0.name from role r1_0 where r1_0.name=?
2026-01-16 18:34:51.581 [Test worker] DEBUG org.hibernate.SQL - insert into app_user (avatar_id,background_id,created_at,email,name,password,role_id,username) values (?,?,?,?,?,?,?,?)
2026-01-16 18:34:51.584 [Test worker] INFO  n.f.db3.backend.service.UserService - User created successfully - userId: 8282, username: e2euser, email: e2euser@test.com
2026-01-16 18:34:51.584 [Test worker] INFO  n.f.d.b.controller.UserController - User registered successfully - userId: 8282, username: e2euser, email: e2euser@test.com
2026-01-16 18:34:51.590 [Test worker] DEBUG org.hibernate.SQL - select u1_0.id,u1_0.avatar_id,u1_0.background_id,u1_0.created_at,u1_0.email,u1_0.name,u1_0.password,u1_0.role_id,u1_0.username from app_user u1_0 where u1_0.email=?
2026-01-16 18:34:51.662 [Test worker] DEBUG org.hibernate.SQL - select u1_0.id,u1_0.avatar_id,u1_0.background_id,u1_0.created_at,u1_0.email,u1_0.name,u1_0.password,u1_0.role_id,u1_0.username from app_user u1_0 where u1_0.email=?
2026-01-16 18:34:51.665 [Test worker] INFO  n.f.d.b.controller.UserController - User logged in successfully - userId: 8282, username: e2euser, email: e2euser@test.com
2026-01-16 18:34:51.670 [Test worker] DEBUG org.hibernate.SQL - select u1_0.id,u1_0.avatar_id,u1_0.background_id,u1_0.created_at,u1_0.email,u1_0.name,u1_0.password,u1_0.role_id,u1_0.username from app_user u1_0 where u1_0.email=?
2026-01-16 18:34:51.676 [Test worker] INFO  n.f.d.b.c.HazardReportController - Creating hazard - email: e2euser@test.com, categoryId: 1852, lat: 51.4416, lng: 5.4697
2026-01-16 18:34:51.676 [Test worker] INFO  n.f.d.backend.service.HazardService - Creating hazard - creatorEmail: e2euser@test.com, categoryId: 1852, lat: 51.4416, lng: 5.4697
2026-01-16 18:34:51.680 [Test worker] DEBUG org.hibernate.SQL - select u1_0.id,u1_0.avatar_id,u1_0.background_id,u1_0.created_at,u1_0.email,u1_0.name,u1_0.password,u1_0.role_id,u1_0.username from app_user u1_0 where u1_0.email=?
2026-01-16 18:34:51.683 [Test worker] DEBUG org.hibernate.SQL - insert into hazard_report (category_id,created_at,created_by_id,latitude,longitude,status) values (?,?,?,?,?,?)
2026-01-16 18:34:51.689 [Test worker] DEBUG org.hibernate.SQL - select s1_0.id from "statistics" s1_0 join app_user u1_0 on u1_0.id=s1_0.user_id where u1_0.id=? fetch first ? rows only
2026-01-16 18:34:51.693 [Test worker] DEBUG org.hibernate.SQL - insert into "statistics" (total_distance_km,total_hazards_reported,total_trips,total_votes,user_id) values (?,?,?,?,?)
2026-01-16 18:34:51.712 [Test worker] DEBUG org.hibernate.SQL - update "statistics" s1_0 set total_hazards_reported=(s1_0.total_hazards_reported+1) where s1_0.user_id=?
2026-01-16 18:34:51.719 [Test worker] INFO  n.f.d.backend.service.HazardService - Hazard created successfully - hazardId: 1672, userId: 8282, category: Pothole
2026-01-16 18:34:51.719 [Test worker] INFO  n.f.d.b.c.HazardReportController - Hazard created successfully - hazardId: 1672, email: e2euser@test.com
2026-01-16 18:34:51.725 [Test worker] INFO  n.f.d.b.controller.UserController - User registration attempt - username: e2evoter, email: e2evoter@test.com
2026-01-16 18:34:51.726 [Test worker] DEBUG org.hibernate.SQL - select u1_0.id from app_user u1_0 where u1_0.username=? fetch first ? rows only
2026-01-16 18:34:51.729 [Test worker] DEBUG org.hibernate.SQL - select u1_0.id from app_user u1_0 where u1_0.email=? fetch first ? rows only
2026-01-16 18:34:51.731 [Test worker] DEBUG org.hibernate.SQL - select r1_0.id,r1_0.name from role r1_0 where r1_0.name=?
2026-01-16 18:34:51.790 [Test worker] DEBUG org.hibernate.SQL - insert into app_user (avatar_id,background_id,created_at,email,name,password,role_id,username) values (?,?,?,?,?,?,?,?)
2026-01-16 18:34:51.795 [Test worker] INFO  n.f.db3.backend.service.UserService - User created successfully - userId: 8283, username: e2evoter, email: e2evoter@test.com
2026-01-16 18:34:51.795 [Test worker] INFO  n.f.d.b.controller.UserController - User registered successfully - userId: 8283, username: e2evoter, email: e2evoter@test.com
2026-01-16 18:34:51.801 [Test worker] DEBUG org.hibernate.SQL - select u1_0.id,u1_0.avatar_id,u1_0.background_id,u1_0.created_at,u1_0.email,u1_0.name,u1_0.password,u1_0.role_id,u1_0.username from app_user u1_0 where u1_0.email=?
2026-01-16 18:34:51.871 [Test worker] DEBUG org.hibernate.SQL - select u1_0.id,u1_0.avatar_id,u1_0.background_id,u1_0.created_at,u1_0.email,u1_0.name,u1_0.password,u1_0.role_id,u1_0.username from app_user u1_0 where u1_0.email=?
2026-01-16 18:34:51.874 [Test worker] INFO  n.f.d.b.controller.UserController - User logged in successfully - userId: 8283, username: e2evoter, email: e2evoter@test.com
2026-01-16 18:34:51.881 [Test worker] DEBUG org.hibernate.SQL - select u1_0.id,u1_0.avatar_id,u1_0.background_id,u1_0.created_at,u1_0.email,u1_0.name,u1_0.password,u1_0.role_id,u1_0.username from app_user u1_0 where u1_0.email=?
2026-01-16 18:34:51.891 [Test worker] INFO  n.f.d.b.controller.VoteController - Vote request - email: e2evoter@test.com, hazardId: 1672, voteType: UPVOTE
2026-01-16 18:34:51.894 [Test worker] DEBUG org.hibernate.SQL - select u1_0.id,u1_0.avatar_id,u1_0.background_id,u1_0.created_at,u1_0.email,u1_0.name,u1_0.password,u1_0.role_id,u1_0.username from app_user u1_0 where u1_0.email=?
2026-01-16 18:34:51.900 [Test worker] DEBUG org.hibernate.SQL - select hr1_0.id,c1_0.id,c1_0.active,c1_0.icon_path,c1_0.name,hr1_0.created_at,cb1_0.id,a1_0.id,a1_0.active,a1_0.image_path,a1_0.name,b1_0.id,b1_0.active,b1_0.image_path,b1_0.name,cb1_0.created_at,cb1_0.email,cb1_0.name,cb1_0.password,cb1_0.role_id,r1_0.id,r1_0.name,cb1_0.username,hr1_0.latitude,hr1_0.longitude,hr1_0.status from hazard_report hr1_0 left join hazard_category c1_0 on c1_0.id=hr1_0.category_id left join app_user cb1_0 on cb1_0.id=hr1_0.created_by_id left join avatar a1_0 on a1_0.id=cb1_0.avatar_id left join background b1_0 on b1_0.id=cb1_0.background_id left join role r1_0 on r1_0.id=cb1_0.role_id where hr1_0.id=?
2026-01-16 18:34:51.911 [Test worker] DEBUG org.hibernate.SQL - select v1_0.id from vote v1_0 join hazard_report hr1_0 on hr1_0.id=v1_0.hazard_report_id join app_user u1_0 on u1_0.id=v1_0.user_id where hr1_0.id=? and u1_0.id=? fetch first ? rows only
2026-01-16 18:34:51.914 [Test worker] DEBUG org.hibernate.SQL - insert into vote (created_at,hazard_report_id,user_id,vote_type) values (?,?,?,?)
2026-01-16 18:34:51.918 [Test worker] DEBUG org.hibernate.SQL - select s1_0.id from "statistics" s1_0 join app_user u1_0 on u1_0.id=s1_0.user_id where u1_0.id=? fetch first ? rows only
2026-01-16 18:34:51.920 [Test worker] DEBUG org.hibernate.SQL - insert into "statistics" (total_distance_km,total_hazards_reported,total_trips,total_votes,user_id) values (?,?,?,?,?)
2026-01-16 18:34:51.925 [Test worker] DEBUG org.hibernate.SQL - update "statistics" s1_0 set total_votes=(s1_0.total_votes+1) where s1_0.user_id=?
2026-01-16 18:34:51.928 [Test worker] INFO  n.f.db3.backend.service.VoteService - Vote saved successfully - voteId: 709, userId: 8283, hazardId: 1672, voteType: UPVOTE
2026-01-16 18:34:51.929 [Test worker] INFO  n.f.d.b.controller.VoteController - Vote saved successfully - voteId: 709, email: e2evoter@test.com, hazardId: 1672, voteType: UPVOTE
2026-01-16 18:34:51.942 [Test worker] DEBUG org.hibernate.SQL - select u1_0.id,u1_0.avatar_id,u1_0.background_id,u1_0.created_at,u1_0.email,u1_0.name,u1_0.password,u1_0.role_id,u1_0.username from app_user u1_0 where u1_0.email=?
2026-01-16 18:34:51.944 [Test worker] DEBUG org.hibernate.SQL - select r1_0.id,r1_0.name from role r1_0 where r1_0.id=?
2026-01-16 18:34:51.956 [Test worker] DEBUG org.hibernate.SQL - select count(v1_0.id) from vote v1_0 join hazard_report hr1_0 on hr1_0.id=v1_0.hazard_report_id where hr1_0.id=? and v1_0.vote_type=?
2026-01-16 18:34:51.960 [Test worker] DEBUG org.hibernate.SQL - select count(v1_0.id) from vote v1_0 join hazard_report hr1_0 on hr1_0.id=v1_0.hazard_report_id where hr1_0.id=? and v1_0.vote_type=?
2026-01-16 18:34:51.967 [Test worker] DEBUG org.hibernate.SQL - select u1_0.id,u1_0.avatar_id,u1_0.background_id,u1_0.created_at,u1_0.email,u1_0.name,u1_0.password,u1_0.role_id,u1_0.username from app_user u1_0 where u1_0.email=?
2026-01-16 18:34:51.973 [Test worker] DEBUG org.hibernate.SQL - select u1_0.id,u1_0.avatar_id,u1_0.background_id,u1_0.created_at,u1_0.email,u1_0.name,u1_0.password,u1_0.role_id,u1_0.username from app_user u1_0 where u1_0.username=?
2026-01-16 18:34:51.976 [Test worker] DEBUG org.hibernate.SQL - select s1_0.id,s1_0.total_distance_km,s1_0.total_hazards_reported,s1_0.total_trips,s1_0.total_votes,s1_0.user_id from "statistics" s1_0 join app_user u1_0 on u1_0.id=s1_0.user_id where u1_0.id=?
2026-01-16 18:34:51.989 [Test worker] DEBUG org.hibernate.SQL - select u1_0.id,u1_0.avatar_id,u1_0.background_id,u1_0.created_at,u1_0.email,u1_0.name,u1_0.password,u1_0.role_id,u1_0.username from app_user u1_0 where u1_0.email=?
2026-01-16 18:34:51.995 [Test worker] DEBUG org.hibernate.SQL - select u1_0.id,u1_0.avatar_id,u1_0.background_id,u1_0.created_at,u1_0.email,u1_0.name,u1_0.password,u1_0.role_id,u1_0.username from app_user u1_0 where u1_0.username=?
2026-01-16 18:34:51.998 [Test worker] DEBUG org.hibernate.SQL - select s1_0.id,s1_0.total_distance_km,s1_0.total_hazards_reported,s1_0.total_trips,s1_0.total_votes,s1_0.user_id from "statistics" s1_0 join app_user u1_0 on u1_0.id=s1_0.user_id where u1_0.id=?
2026-01-16 18:34:52.010 [Test worker] DEBUG org.hibernate.SQL - select r1_0.id,r1_0.name from role r1_0 where r1_0.name=?
2026-01-16 18:34:52.012 [Test worker] DEBUG org.hibernate.SQL - insert into role (name) values (?)
2026-01-16 18:34:52.015 [Test worker] DEBUG org.hibernate.SQL - select hc1_0.id,hc1_0.active,hc1_0.icon_path,hc1_0.name from hazard_category hc1_0
2026-01-16 18:34:52.016 [Test worker] DEBUG org.hibernate.SQL - insert into hazard_category (active,icon_path,name) values (?,?,?)
2026-01-16 18:34:52.021 [Test worker] INFO  n.f.d.b.controller.UserController - User registration attempt - username: hazardhistory, email: hazardhistory@test.com
2026-01-16 18:34:52.023 [Test worker] DEBUG org.hibernate.SQL - select u1_0.id from app_user u1_0 where u1_0.username=? fetch first ? rows only
2026-01-16 18:34:52.025 [Test worker] DEBUG org.hibernate.SQL - select u1_0.id from app_user u1_0 where u1_0.email=? fetch first ? rows only
2026-01-16 18:34:52.027 [Test worker] DEBUG org.hibernate.SQL - select r1_0.id,r1_0.name from role r1_0 where r1_0.name=?
2026-01-16 18:34:52.091 [Test worker] DEBUG org.hibernate.SQL - insert into app_user (avatar_id,background_id,created_at,email,name,password,role_id,username) values (?,?,?,?,?,?,?,?)
2026-01-16 18:34:52.095 [Test worker] INFO  n.f.db3.backend.service.UserService - User created successfully - userId: 8284, username: hazardhistory, email: hazardhistory@test.com
2026-01-16 18:34:52.096 [Test worker] INFO  n.f.d.b.controller.UserController - User registered successfully - userId: 8284, username: hazardhistory, email: hazardhistory@test.com
2026-01-16 18:34:52.102 [Test worker] DEBUG org.hibernate.SQL - select u1_0.id,u1_0.avatar_id,u1_0.background_id,u1_0.created_at,u1_0.email,u1_0.name,u1_0.password,u1_0.role_id,u1_0.username from app_user u1_0 where u1_0.email=?
2026-01-16 18:34:52.170 [Test worker] DEBUG org.hibernate.SQL - select u1_0.id,u1_0.avatar_id,u1_0.background_id,u1_0.created_at,u1_0.email,u1_0.name,u1_0.password,u1_0.role_id,u1_0.username from app_user u1_0 where u1_0.email=?
2026-01-16 18:34:52.173 [Test worker] INFO  n.f.d.b.controller.UserController - User logged in successfully - userId: 8284, username: hazardhistory, email: hazardhistory@test.com
2026-01-16 18:34:52.180 [Test worker] DEBUG org.hibernate.SQL - select u1_0.id,u1_0.avatar_id,u1_0.background_id,u1_0.created_at,u1_0.email,u1_0.name,u1_0.password,u1_0.role_id,u1_0.username from app_user u1_0 where u1_0.email=?
2026-01-16 18:34:52.186 [Test worker] INFO  n.f.d.b.c.HazardReportController - Creating hazard - email: hazardhistory@test.com, categoryId: 1853, lat: 51.4416, lng: 5.4697
2026-01-16 18:34:52.186 [Test worker] INFO  n.f.d.backend.service.HazardService - Creating hazard - creatorEmail: hazardhistory@test.com, categoryId: 1853, lat: 51.4416, lng: 5.4697
2026-01-16 18:34:52.188 [Test worker] DEBUG org.hibernate.SQL - select u1_0.id,u1_0.avatar_id,u1_0.background_id,u1_0.created_at,u1_0.email,u1_0.name,u1_0.password,u1_0.role_id,u1_0.username from app_user u1_0 where u1_0.email=?
2026-01-16 18:34:52.190 [Test worker] DEBUG org.hibernate.SQL - insert into hazard_report (category_id,created_at,created_by_id,latitude,longitude,status) values (?,?,?,?,?,?)
2026-01-16 18:34:52.194 [Test worker] DEBUG org.hibernate.SQL - select s1_0.id from "statistics" s1_0 join app_user u1_0 on u1_0.id=s1_0.user_id where u1_0.id=? fetch first ? rows only
2026-01-16 18:34:52.196 [Test worker] DEBUG org.hibernate.SQL - insert into "statistics" (total_distance_km,total_hazards_reported,total_trips,total_votes,user_id) values (?,?,?,?,?)
2026-01-16 18:34:52.199 [Test worker] DEBUG org.hibernate.SQL - update "statistics" s1_0 set total_hazards_reported=(s1_0.total_hazards_reported+1) where s1_0.user_id=?
2026-01-16 18:34:52.200 [Test worker] INFO  n.f.d.backend.service.HazardService - Hazard created successfully - hazardId: 1673, userId: 8284, category: Pothole
2026-01-16 18:34:52.200 [Test worker] INFO  n.f.d.b.c.HazardReportController - Hazard created successfully - hazardId: 1673, email: hazardhistory@test.com
2026-01-16 18:34:52.206 [Test worker] DEBUG org.hibernate.SQL - select u1_0.id,u1_0.avatar_id,u1_0.background_id,u1_0.created_at,u1_0.email,u1_0.name,u1_0.password,u1_0.role_id,u1_0.username from app_user u1_0 where u1_0.email=?
2026-01-16 18:34:52.208 [Test worker] DEBUG org.hibernate.SQL - select r1_0.id,r1_0.name from role r1_0 where r1_0.id=?
2026-01-16 18:34:52.214 [Test worker] INFO  n.f.d.b.c.HazardReportController - Creating hazard - email: hazardhistory@test.com, categoryId: 1853, lat: 51.4516, lng: 5.479699999999999
2026-01-16 18:34:52.214 [Test worker] INFO  n.f.d.backend.service.HazardService - Creating hazard - creatorEmail: hazardhistory@test.com, categoryId: 1853, lat: 51.4516, lng: 5.479699999999999
2026-01-16 18:34:52.215 [Test worker] DEBUG org.hibernate.SQL - select hc1_0.id,hc1_0.active,hc1_0.icon_path,hc1_0.name from hazard_category hc1_0 where hc1_0.id=?
2026-01-16 18:34:52.219 [Test worker] DEBUG org.hibernate.SQL - select u1_0.id,u1_0.avatar_id,u1_0.background_id,u1_0.created_at,u1_0.email,u1_0.name,u1_0.password,u1_0.role_id,u1_0.username from app_user u1_0 where u1_0.email=?
2026-01-16 18:34:52.221 [Test worker] DEBUG org.hibernate.SQL - insert into hazard_report (category_id,created_at,created_by_id,latitude,longitude,status) values (?,?,?,?,?,?)
2026-01-16 18:34:52.225 [Test worker] DEBUG org.hibernate.SQL - select s1_0.id from "statistics" s1_0 join app_user u1_0 on u1_0.id=s1_0.user_id where u1_0.id=? fetch first ? rows only
2026-01-16 18:34:52.229 [Test worker] DEBUG org.hibernate.SQL - update "statistics" s1_0 set total_hazards_reported=(s1_0.total_hazards_reported+1) where s1_0.user_id=?
2026-01-16 18:34:52.231 [Test worker] INFO  n.f.d.backend.service.HazardService - Hazard created successfully - hazardId: 1674, userId: 8284, category: Pothole
2026-01-16 18:34:52.231 [Test worker] INFO  n.f.d.b.c.HazardReportController - Hazard created successfully - hazardId: 1674, email: hazardhistory@test.com
2026-01-16 18:34:52.235 [Test worker] DEBUG org.hibernate.SQL - select u1_0.id,u1_0.avatar_id,u1_0.background_id,u1_0.created_at,u1_0.email,u1_0.name,u1_0.password,u1_0.role_id,u1_0.username from app_user u1_0 where u1_0.email=?
2026-01-16 18:34:52.238 [Test worker] DEBUG org.hibernate.SQL - select r1_0.id,r1_0.name from role r1_0 where r1_0.id=?
2026-01-16 18:34:52.242 [Test worker] INFO  n.f.d.b.c.HazardReportController - Creating hazard - email: hazardhistory@test.com, categoryId: 1853, lat: 51.461600000000004, lng: 5.489699999999999
2026-01-16 18:34:52.242 [Test worker] INFO  n.f.d.backend.service.HazardService - Creating hazard - creatorEmail: hazardhistory@test.com, categoryId: 1853, lat: 51.461600000000004, lng: 5.489699999999999
2026-01-16 18:34:52.243 [Test worker] DEBUG org.hibernate.SQL - select hc1_0.id,hc1_0.active,hc1_0.icon_path,hc1_0.name from hazard_category hc1_0 where hc1_0.id=?
2026-01-16 18:34:52.247 [Test worker] DEBUG org.hibernate.SQL - select u1_0.id,u1_0.avatar_id,u1_0.background_id,u1_0.created_at,u1_0.email,u1_0.name,u1_0.password,u1_0.role_id,u1_0.username from app_user u1_0 where u1_0.email=?
2026-01-16 18:34:52.249 [Test worker] DEBUG org.hibernate.SQL - insert into hazard_report (category_id,created_at,created_by_id,latitude,longitude,status) values (?,?,?,?,?,?)
2026-01-16 18:34:52.252 [Test worker] DEBUG org.hibernate.SQL - select s1_0.id from "statistics" s1_0 join app_user u1_0 on u1_0.id=s1_0.user_id where u1_0.id=? fetch first ? rows only
2026-01-16 18:34:52.256 [Test worker] DEBUG org.hibernate.SQL - update "statistics" s1_0 set total_hazards_reported=(s1_0.total_hazards_reported+1) where s1_0.user_id=?
2026-01-16 18:34:52.257 [Test worker] INFO  n.f.d.backend.service.HazardService - Hazard created successfully - hazardId: 1675, userId: 8284, category: Pothole
2026-01-16 18:34:52.258 [Test worker] INFO  n.f.d.b.c.HazardReportController - Hazard created successfully - hazardId: 1675, email: hazardhistory@test.com
2026-01-16 18:34:52.263 [Test worker] DEBUG org.hibernate.SQL - select u1_0.id,u1_0.avatar_id,u1_0.background_id,u1_0.created_at,u1_0.email,u1_0.name,u1_0.password,u1_0.role_id,u1_0.username from app_user u1_0 where u1_0.email=?
2026-01-16 18:34:52.264 [Test worker] DEBUG org.hibernate.SQL - select r1_0.id,r1_0.name from role r1_0 where r1_0.id=?
2026-01-16 18:34:52.270 [Test worker] DEBUG org.hibernate.SQL - select hr1_0.id,hr1_0.category_id,hr1_0.created_at,hr1_0.created_by_id,hr1_0.latitude,hr1_0.longitude,hr1_0.status from hazard_report hr1_0 where hr1_0.status=?
2026-01-16 18:34:52.273 [Test worker] DEBUG org.hibernate.SQL - select hc1_0.id,hc1_0.active,hc1_0.icon_path,hc1_0.name from hazard_category hc1_0 where hc1_0.id=?
2026-01-16 18:34:52.277 [Test worker] DEBUG org.hibernate.SQL - select v1_0.hazard_report_id,v1_0.id,v1_0.created_at,v1_0.user_id,u1_0.id,a1_0.id,a1_0.active,a1_0.image_path,a1_0.name,b1_0.id,b1_0.active,b1_0.image_path,b1_0.name,u1_0.created_at,u1_0.email,u1_0.name,u1_0.password,u1_0.role_id,r1_0.id,r1_0.name,u1_0.username,v1_0.vote_type from vote v1_0 left join app_user u1_0 on u1_0.id=v1_0.user_id left join avatar a1_0 on a1_0.id=u1_0.avatar_id left join background b1_0 on b1_0.id=u1_0.background_id left join role r1_0 on r1_0.id=u1_0.role_id where v1_0.hazard_report_id=?
2026-01-16 18:34:52.283 [Test worker] DEBUG org.hibernate.SQL - select v1_0.hazard_report_id,v1_0.id,v1_0.created_at,v1_0.user_id,u1_0.id,a1_0.id,a1_0.active,a1_0.image_path,a1_0.name,b1_0.id,b1_0.active,b1_0.image_path,b1_0.name,u1_0.created_at,u1_0.email,u1_0.name,u1_0.password,u1_0.role_id,r1_0.id,r1_0.name,u1_0.username,v1_0.vote_type from vote v1_0 left join app_user u1_0 on u1_0.id=v1_0.user_id left join avatar a1_0 on a1_0.id=u1_0.avatar_id left join background b1_0 on b1_0.id=u1_0.background_id left join role r1_0 on r1_0.id=u1_0.role_id where v1_0.hazard_report_id=?
2026-01-16 18:34:52.285 [Test worker] DEBUG org.hibernate.SQL - select v1_0.hazard_report_id,v1_0.id,v1_0.created_at,v1_0.user_id,u1_0.id,a1_0.id,a1_0.active,a1_0.image_path,a1_0.name,b1_0.id,b1_0.active,b1_0.image_path,b1_0.name,u1_0.created_at,u1_0.email,u1_0.name,u1_0.password,u1_0.role_id,r1_0.id,r1_0.name,u1_0.username,v1_0.vote_type from vote v1_0 left join app_user u1_0 on u1_0.id=v1_0.user_id left join avatar a1_0 on a1_0.id=u1_0.avatar_id left join background b1_0 on b1_0.id=u1_0.background_id left join role r1_0 on r1_0.id=u1_0.role_id where v1_0.hazard_report_id=?
2026-01-16 18:34:52.300 [Test worker] DEBUG org.hibernate.SQL - select u1_0.id,u1_0.avatar_id,u1_0.background_id,u1_0.created_at,u1_0.email,u1_0.name,u1_0.password,u1_0.role_id,u1_0.username from app_user u1_0 where u1_0.email=?
2026-01-16 18:34:52.306 [Test worker] DEBUG org.hibernate.SQL - select u1_0.id from app_user u1_0 where u1_0.username=? fetch first ? rows only
2026-01-16 18:34:52.310 [Test worker] DEBUG org.hibernate.SQL - select hr1_0.id,hr1_0.category_id,hr1_0.created_at,hr1_0.created_by_id,hr1_0.latitude,hr1_0.longitude,hr1_0.status from hazard_report hr1_0 left join app_user cb1_0 on cb1_0.id=hr1_0.created_by_id where cb1_0.username=? order by hr1_0.id desc
2026-01-16 18:34:52.316 [Test worker] DEBUG org.hibernate.SQL - select u1_0.id,u1_0.avatar_id,u1_0.background_id,u1_0.created_at,u1_0.email,u1_0.name,u1_0.password,u1_0.role_id,u1_0.username from app_user u1_0 where u1_0.email=?
2026-01-16 18:34:52.322 [Test worker] DEBUG org.hibernate.SQL - select u1_0.id,u1_0.avatar_id,u1_0.background_id,u1_0.created_at,u1_0.email,u1_0.name,u1_0.password,u1_0.role_id,u1_0.username from app_user u1_0 where u1_0.username=?
2026-01-16 18:34:52.325 [Test worker] DEBUG org.hibernate.SQL - select s1_0.id,s1_0.total_distance_km,s1_0.total_hazards_reported,s1_0.total_trips,s1_0.total_votes,s1_0.user_id from "statistics" s1_0 join app_user u1_0 on u1_0.id=s1_0.user_id where u1_0.id=?
2026-01-16 18:34:52.338 [Test worker] INFO  o.s.t.c.s.AnnotationConfigContextLoaderUtils - Could not detect default configuration classes for test class [nl.fontys.db3.backend.e2e.TripE2ETest]: TripE2ETest does not declare any static, non-private, non-final, nested classes annotated with @Configuration.
2026-01-16 18:34:52.340 [Test worker] INFO  o.s.b.t.c.SpringBootTestContextBootstrapper - Found @SpringBootConfiguration nl.fontys.db3.backend.BackendApplication for test class nl.fontys.db3.backend.e2e.TripE2ETest
2026-01-16 18:34:52.347 [Test worker] DEBUG org.hibernate.SQL - select r1_0.id,r1_0.name from role r1_0 where r1_0.name=?
2026-01-16 18:34:52.349 [Test worker] DEBUG org.hibernate.SQL - insert into role (name) values (?)
2026-01-16 18:34:52.352 [Test worker] DEBUG org.hibernate.SQL - select hc1_0.id,hc1_0.active,hc1_0.icon_path,hc1_0.name from hazard_category hc1_0
2026-01-16 18:34:52.354 [Test worker] DEBUG org.hibernate.SQL - insert into hazard_category (active,icon_path,name) values (?,?,?)
2026-01-16 18:34:52.358 [Test worker] INFO  n.f.d.b.controller.UserController - User registration attempt - username: multitrip, email: multitrip@test.com
2026-01-16 18:34:52.359 [Test worker] DEBUG org.hibernate.SQL - select u1_0.id from app_user u1_0 where u1_0.username=? fetch first ? rows only
2026-01-16 18:34:52.362 [Test worker] DEBUG org.hibernate.SQL - select u1_0.id from app_user u1_0 where u1_0.email=? fetch first ? rows only
2026-01-16 18:34:52.364 [Test worker] DEBUG org.hibernate.SQL - select r1_0.id,r1_0.name from role r1_0 where r1_0.name=?
2026-01-16 18:34:52.429 [Test worker] DEBUG org.hibernate.SQL - insert into app_user (avatar_id,background_id,created_at,email,name,password,role_id,username) values (?,?,?,?,?,?,?,?)
2026-01-16 18:34:52.432 [Test worker] INFO  n.f.db3.backend.service.UserService - User created successfully - userId: 8285, username: multitrip, email: multitrip@test.com
2026-01-16 18:34:52.432 [Test worker] INFO  n.f.d.b.controller.UserController - User registered successfully - userId: 8285, username: multitrip, email: multitrip@test.com
2026-01-16 18:34:52.439 [Test worker] DEBUG org.hibernate.SQL - select u1_0.id,u1_0.avatar_id,u1_0.background_id,u1_0.created_at,u1_0.email,u1_0.name,u1_0.password,u1_0.role_id,u1_0.username from app_user u1_0 where u1_0.email=?
2026-01-16 18:34:52.507 [Test worker] DEBUG org.hibernate.SQL - select u1_0.id,u1_0.avatar_id,u1_0.background_id,u1_0.created_at,u1_0.email,u1_0.name,u1_0.password,u1_0.role_id,u1_0.username from app_user u1_0 where u1_0.email=?
2026-01-16 18:34:52.510 [Test worker] INFO  n.f.d.b.controller.UserController - User logged in successfully - userId: 8285, username: multitrip, email: multitrip@test.com
2026-01-16 18:34:52.515 [Test worker] DEBUG org.hibernate.SQL - select u1_0.id,u1_0.avatar_id,u1_0.background_id,u1_0.created_at,u1_0.email,u1_0.name,u1_0.password,u1_0.role_id,u1_0.username from app_user u1_0 where u1_0.email=?
2026-01-16 18:34:52.527 [Test worker] DEBUG org.hibernate.SQL - select u1_0.id,u1_0.avatar_id,u1_0.background_id,u1_0.created_at,u1_0.email,u1_0.name,u1_0.password,u1_0.role_id,u1_0.username from app_user u1_0 where u1_0.email=?
2026-01-16 18:34:52.531 [Test worker] DEBUG org.hibernate.SQL - insert into trip (convoy_id,created_at,distance_km,end_lat,end_lng,ended_at,start_lat,start_lng,started_at,user_id) values (?,?,?,?,?,?,?,?,?,?)
2026-01-16 18:34:52.538 [Test worker] DEBUG org.hibernate.SQL - select s1_0.id from "statistics" s1_0 join app_user u1_0 on u1_0.id=s1_0.user_id where u1_0.id=? fetch first ? rows only
2026-01-16 18:34:52.541 [Test worker] DEBUG org.hibernate.SQL - insert into "statistics" (total_distance_km,total_hazards_reported,total_trips,total_votes,user_id) values (?,?,?,?,?)
2026-01-16 18:34:52.547 [Test worker] DEBUG org.hibernate.SQL - update "statistics" s1_0 set total_trips=(s1_0.total_trips+1),total_distance_km=(s1_0.total_distance_km+?) where s1_0.user_id=?
2026-01-16 18:34:52.558 [Test worker] DEBUG org.hibernate.SQL - select u1_0.id,u1_0.avatar_id,u1_0.background_id,u1_0.created_at,u1_0.email,u1_0.name,u1_0.password,u1_0.role_id,u1_0.username from app_user u1_0 where u1_0.email=?
2026-01-16 18:34:52.561 [Test worker] DEBUG org.hibernate.SQL - select r1_0.id,r1_0.name from role r1_0 where r1_0.id=?
2026-01-16 18:34:52.568 [Test worker] DEBUG org.hibernate.SQL - select u1_0.id,u1_0.avatar_id,u1_0.background_id,u1_0.created_at,u1_0.email,u1_0.name,u1_0.password,u1_0.role_id,u1_0.username from app_user u1_0 where u1_0.email=?
2026-01-16 18:34:52.570 [Test worker] DEBUG org.hibernate.SQL - insert into trip (convoy_id,created_at,distance_km,end_lat,end_lng,ended_at,start_lat,start_lng,started_at,user_id) values (?,?,?,?,?,?,?,?,?,?)
2026-01-16 18:34:52.574 [Test worker] DEBUG org.hibernate.SQL - select s1_0.id from "statistics" s1_0 join app_user u1_0 on u1_0.id=s1_0.user_id where u1_0.id=? fetch first ? rows only
2026-01-16 18:34:52.579 [Test worker] DEBUG org.hibernate.SQL - update "statistics" s1_0 set total_trips=(s1_0.total_trips+1),total_distance_km=(s1_0.total_distance_km+?) where s1_0.user_id=?
2026-01-16 18:34:52.586 [Test worker] DEBUG org.hibernate.SQL - select u1_0.id,u1_0.avatar_id,u1_0.background_id,u1_0.created_at,u1_0.email,u1_0.name,u1_0.password,u1_0.role_id,u1_0.username from app_user u1_0 where u1_0.email=?
2026-01-16 18:34:52.588 [Test worker] DEBUG org.hibernate.SQL - select r1_0.id,r1_0.name from role r1_0 where r1_0.id=?
2026-01-16 18:34:52.595 [Test worker] DEBUG org.hibernate.SQL - select u1_0.id,u1_0.avatar_id,u1_0.background_id,u1_0.created_at,u1_0.email,u1_0.name,u1_0.password,u1_0.role_id,u1_0.username from app_user u1_0 where u1_0.email=?
2026-01-16 18:34:52.598 [Test worker] DEBUG org.hibernate.SQL - insert into trip (convoy_id,created_at,distance_km,end_lat,end_lng,ended_at,start_lat,start_lng,started_at,user_id) values (?,?,?,?,?,?,?,?,?,?)
2026-01-16 18:34:52.601 [Test worker] DEBUG org.hibernate.SQL - select s1_0.id from "statistics" s1_0 join app_user u1_0 on u1_0.id=s1_0.user_id where u1_0.id=? fetch first ? rows only
2026-01-16 18:34:52.604 [Test worker] DEBUG org.hibernate.SQL - update "statistics" s1_0 set total_trips=(s1_0.total_trips+1),total_distance_km=(s1_0.total_distance_km+?) where s1_0.user_id=?
2026-01-16 18:34:52.612 [Test worker] DEBUG org.hibernate.SQL - select u1_0.id,u1_0.avatar_id,u1_0.background_id,u1_0.created_at,u1_0.email,u1_0.name,u1_0.password,u1_0.role_id,u1_0.username from app_user u1_0 where u1_0.email=?
2026-01-16 18:34:52.614 [Test worker] DEBUG org.hibernate.SQL - select r1_0.id,r1_0.name from role r1_0 where r1_0.id=?
2026-01-16 18:34:52.623 [Test worker] DEBUG org.hibernate.SQL - select u1_0.id,u1_0.avatar_id,u1_0.background_id,u1_0.created_at,u1_0.email,u1_0.name,u1_0.password,u1_0.role_id,u1_0.username from app_user u1_0 where u1_0.username=?
2026-01-16 18:34:52.628 [Test worker] DEBUG org.hibernate.SQL - select s1_0.id,s1_0.total_distance_km,s1_0.total_hazards_reported,s1_0.total_trips,s1_0.total_votes,s1_0.user_id from "statistics" s1_0 join app_user u1_0 on u1_0.id=s1_0.user_id where u1_0.id=?
2026-01-16 18:34:52.644 [Test worker] DEBUG org.hibernate.SQL - select r1_0.id,r1_0.name from role r1_0 where r1_0.name=?
2026-01-16 18:34:52.647 [Test worker] DEBUG org.hibernate.SQL - insert into role (name) values (?)
2026-01-16 18:34:52.651 [Test worker] DEBUG org.hibernate.SQL - select hc1_0.id,hc1_0.active,hc1_0.icon_path,hc1_0.name from hazard_category hc1_0
2026-01-16 18:34:52.653 [Test worker] DEBUG org.hibernate.SQL - insert into hazard_category (active,icon_path,name) values (?,?,?)
2026-01-16 18:34:52.658 [Test worker] INFO  n.f.d.b.controller.UserController - User registration attempt - username: triptest, email: triptest@test.com
2026-01-16 18:34:52.660 [Test worker] DEBUG org.hibernate.SQL - select u1_0.id from app_user u1_0 where u1_0.username=? fetch first ? rows only
2026-01-16 18:34:52.663 [Test worker] DEBUG org.hibernate.SQL - select u1_0.id from app_user u1_0 where u1_0.email=? fetch first ? rows only
2026-01-16 18:34:52.667 [Test worker] DEBUG org.hibernate.SQL - select r1_0.id,r1_0.name from role r1_0 where r1_0.name=?
2026-01-16 18:34:52.742 [Test worker] DEBUG org.hibernate.SQL - insert into app_user (avatar_id,background_id,created_at,email,name,password,role_id,username) values (?,?,?,?,?,?,?,?)
2026-01-16 18:34:52.746 [Test worker] INFO  n.f.db3.backend.service.UserService - User created successfully - userId: 8286, username: triptest, email: triptest@test.com
2026-01-16 18:34:52.747 [Test worker] INFO  n.f.d.b.controller.UserController - User registered successfully - userId: 8286, username: triptest, email: triptest@test.com
2026-01-16 18:34:52.763 [Test worker] DEBUG org.hibernate.SQL - select u1_0.id,u1_0.avatar_id,u1_0.background_id,u1_0.created_at,u1_0.email,u1_0.name,u1_0.password,u1_0.role_id,u1_0.username from app_user u1_0 where u1_0.email=?
2026-01-16 18:34:52.840 [Test worker] DEBUG org.hibernate.SQL - select u1_0.id,u1_0.avatar_id,u1_0.background_id,u1_0.created_at,u1_0.email,u1_0.name,u1_0.password,u1_0.role_id,u1_0.username from app_user u1_0 where u1_0.email=?
2026-01-16 18:34:52.842 [Test worker] INFO  n.f.d.b.controller.UserController - User logged in successfully - userId: 8286, username: triptest, email: triptest@test.com
2026-01-16 18:34:52.847 [Test worker] DEBUG org.hibernate.SQL - select u1_0.id,u1_0.avatar_id,u1_0.background_id,u1_0.created_at,u1_0.email,u1_0.name,u1_0.password,u1_0.role_id,u1_0.username from app_user u1_0 where u1_0.email=?
2026-01-16 18:34:52.854 [Test worker] DEBUG org.hibernate.SQL - select u1_0.id,u1_0.avatar_id,u1_0.background_id,u1_0.created_at,u1_0.email,u1_0.name,u1_0.password,u1_0.role_id,u1_0.username from app_user u1_0 where u1_0.email=?
2026-01-16 18:34:52.856 [Test worker] DEBUG org.hibernate.SQL - insert into trip (convoy_id,created_at,distance_km,end_lat,end_lng,ended_at,start_lat,start_lng,started_at,user_id) values (?,?,?,?,?,?,?,?,?,?)
2026-01-16 18:34:52.860 [Test worker] DEBUG org.hibernate.SQL - select s1_0.id from "statistics" s1_0 join app_user u1_0 on u1_0.id=s1_0.user_id where u1_0.id=? fetch first ? rows only
2026-01-16 18:34:52.861 [Test worker] DEBUG org.hibernate.SQL - insert into "statistics" (total_distance_km,total_hazards_reported,total_trips,total_votes,user_id) values (?,?,?,?,?)
2026-01-16 18:34:52.865 [Test worker] DEBUG org.hibernate.SQL - update "statistics" s1_0 set total_trips=(s1_0.total_trips+1),total_distance_km=(s1_0.total_distance_km+?) where s1_0.user_id=?
2026-01-16 18:34:52.872 [Test worker] DEBUG org.hibernate.SQL - select u1_0.id,u1_0.avatar_id,u1_0.background_id,u1_0.created_at,u1_0.email,u1_0.name,u1_0.password,u1_0.role_id,u1_0.username from app_user u1_0 where u1_0.email=?
2026-01-16 18:34:52.874 [Test worker] DEBUG org.hibernate.SQL - select r1_0.id,r1_0.name from role r1_0 where r1_0.id=?
2026-01-16 18:34:52.879 [Test worker] DEBUG org.hibernate.SQL - select u1_0.id,u1_0.avatar_id,u1_0.background_id,u1_0.created_at,u1_0.email,u1_0.name,u1_0.password,u1_0.role_id,u1_0.username from app_user u1_0 where u1_0.username=?
2026-01-16 18:34:52.882 [Test worker] DEBUG org.hibernate.SQL - select s1_0.id,s1_0.total_distance_km,s1_0.total_hazards_reported,s1_0.total_trips,s1_0.total_votes,s1_0.user_id from "statistics" s1_0 join app_user u1_0 on u1_0.id=s1_0.user_id where u1_0.id=?
2026-01-16 18:34:52.892 [Test worker] INFO  o.s.t.c.s.AnnotationConfigContextLoaderUtils - Could not detect default configuration classes for test class [nl.fontys.db3.backend.e2e.UserProfileE2ETest]: UserProfileE2ETest does not declare any static, non-private, non-final, nested classes annotated with @Configuration.
2026-01-16 18:34:52.894 [Test worker] INFO  o.s.b.t.c.SpringBootTestContextBootstrapper - Found @SpringBootConfiguration nl.fontys.db3.backend.BackendApplication for test class nl.fontys.db3.backend.e2e.UserProfileE2ETest
2026-01-16 18:34:52.900 [Test worker] DEBUG org.hibernate.SQL - select r1_0.id,r1_0.name from role r1_0 where r1_0.name=?
2026-01-16 18:34:52.904 [Test worker] DEBUG org.hibernate.SQL - insert into role (name) values (?)
2026-01-16 18:34:52.907 [Test worker] DEBUG org.hibernate.SQL - select hc1_0.id,hc1_0.active,hc1_0.icon_path,hc1_0.name from hazard_category hc1_0
2026-01-16 18:34:52.908 [Test worker] DEBUG org.hibernate.SQL - insert into hazard_category (active,icon_path,name) values (?,?,?)
2026-01-16 18:34:52.913 [Test worker] INFO  n.f.d.b.controller.UserController - User registration attempt - username: statsuser, email: statsuser@test.com
2026-01-16 18:34:52.915 [Test worker] DEBUG org.hibernate.SQL - select u1_0.id from app_user u1_0 where u1_0.username=? fetch first ? rows only
2026-01-16 18:34:52.917 [Test worker] DEBUG org.hibernate.SQL - select u1_0.id from app_user u1_0 where u1_0.email=? fetch first ? rows only
2026-01-16 18:34:52.920 [Test worker] DEBUG org.hibernate.SQL - select r1_0.id,r1_0.name from role r1_0 where r1_0.name=?
2026-01-16 18:34:52.989 [Test worker] DEBUG org.hibernate.SQL - insert into app_user (avatar_id,background_id,created_at,email,name,password,role_id,username) values (?,?,?,?,?,?,?,?)
2026-01-16 18:34:52.994 [Test worker] INFO  n.f.db3.backend.service.UserService - User created successfully - userId: 8287, username: statsuser, email: statsuser@test.com
2026-01-16 18:34:52.994 [Test worker] INFO  n.f.d.b.controller.UserController - User registered successfully - userId: 8287, username: statsuser, email: statsuser@test.com
2026-01-16 18:34:53.000 [Test worker] DEBUG org.hibernate.SQL - select u1_0.id,u1_0.avatar_id,u1_0.background_id,u1_0.created_at,u1_0.email,u1_0.name,u1_0.password,u1_0.role_id,u1_0.username from app_user u1_0 where u1_0.email=?
2026-01-16 18:34:53.070 [Test worker] DEBUG org.hibernate.SQL - select u1_0.id,u1_0.avatar_id,u1_0.background_id,u1_0.created_at,u1_0.email,u1_0.name,u1_0.password,u1_0.role_id,u1_0.username from app_user u1_0 where u1_0.email=?
2026-01-16 18:34:53.072 [Test worker] INFO  n.f.d.b.controller.UserController - User logged in successfully - userId: 8287, username: statsuser, email: statsuser@test.com
2026-01-16 18:34:53.078 [Test worker] DEBUG org.hibernate.SQL - select u1_0.id,u1_0.avatar_id,u1_0.background_id,u1_0.created_at,u1_0.email,u1_0.name,u1_0.password,u1_0.role_id,u1_0.username from app_user u1_0 where u1_0.email=?
2026-01-16 18:34:53.082 [Test worker] INFO  n.f.d.b.c.HazardReportController - Creating hazard - email: statsuser@test.com, categoryId: 1856, lat: 51.4416, lng: 5.4697
2026-01-16 18:34:53.082 [Test worker] INFO  n.f.d.backend.service.HazardService - Creating hazard - creatorEmail: statsuser@test.com, categoryId: 1856, lat: 51.4416, lng: 5.4697
2026-01-16 18:34:53.084 [Test worker] DEBUG org.hibernate.SQL - select u1_0.id,u1_0.avatar_id,u1_0.background_id,u1_0.created_at,u1_0.email,u1_0.name,u1_0.password,u1_0.role_id,u1_0.username from app_user u1_0 where u1_0.email=?
2026-01-16 18:34:53.087 [Test worker] DEBUG org.hibernate.SQL - insert into hazard_report (category_id,created_at,created_by_id,latitude,longitude,status) values (?,?,?,?,?,?)
2026-01-16 18:34:53.091 [Test worker] DEBUG org.hibernate.SQL - select s1_0.id from "statistics" s1_0 join app_user u1_0 on u1_0.id=s1_0.user_id where u1_0.id=? fetch first ? rows only
2026-01-16 18:34:53.093 [Test worker] DEBUG org.hibernate.SQL - insert into "statistics" (total_distance_km,total_hazards_reported,total_trips,total_votes,user_id) values (?,?,?,?,?)
2026-01-16 18:34:53.096 [Test worker] DEBUG org.hibernate.SQL - update "statistics" s1_0 set total_hazards_reported=(s1_0.total_hazards_reported+1) where s1_0.user_id=?
2026-01-16 18:34:53.098 [Test worker] INFO  n.f.d.backend.service.HazardService - Hazard created successfully - hazardId: 1676, userId: 8287, category: Pothole
2026-01-16 18:34:53.098 [Test worker] INFO  n.f.d.b.c.HazardReportController - Hazard created successfully - hazardId: 1676, email: statsuser@test.com
2026-01-16 18:34:53.103 [Test worker] DEBUG org.hibernate.SQL - select u1_0.id,u1_0.avatar_id,u1_0.background_id,u1_0.created_at,u1_0.email,u1_0.name,u1_0.password,u1_0.role_id,u1_0.username from app_user u1_0 where u1_0.email=?
2026-01-16 18:34:53.105 [Test worker] DEBUG org.hibernate.SQL - select r1_0.id,r1_0.name from role r1_0 where r1_0.id=?
2026-01-16 18:34:53.110 [Test worker] INFO  n.f.d.b.c.HazardReportController - Creating hazard - email: statsuser@test.com, categoryId: 1856, lat: 51.4516, lng: 5.479699999999999
2026-01-16 18:34:53.110 [Test worker] INFO  n.f.d.backend.service.HazardService - Creating hazard - creatorEmail: statsuser@test.com, categoryId: 1856, lat: 51.4516, lng: 5.479699999999999
2026-01-16 18:34:53.111 [Test worker] DEBUG org.hibernate.SQL - select hc1_0.id,hc1_0.active,hc1_0.icon_path,hc1_0.name from hazard_category hc1_0 where hc1_0.id=?
2026-01-16 18:34:53.114 [Test worker] DEBUG org.hibernate.SQL - select u1_0.id,u1_0.avatar_id,u1_0.background_id,u1_0.created_at,u1_0.email,u1_0.name,u1_0.password,u1_0.role_id,u1_0.username from app_user u1_0 where u1_0.email=?
2026-01-16 18:34:53.117 [Test worker] DEBUG org.hibernate.SQL - insert into hazard_report (category_id,created_at,created_by_id,latitude,longitude,status) values (?,?,?,?,?,?)
2026-01-16 18:34:53.121 [Test worker] DEBUG org.hibernate.SQL - select s1_0.id from "statistics" s1_0 join app_user u1_0 on u1_0.id=s1_0.user_id where u1_0.id=? fetch first ? rows only
2026-01-16 18:34:53.124 [Test worker] DEBUG org.hibernate.SQL - update "statistics" s1_0 set total_hazards_reported=(s1_0.total_hazards_reported+1) where s1_0.user_id=?
2026-01-16 18:34:53.125 [Test worker] INFO  n.f.d.backend.service.HazardService - Hazard created successfully - hazardId: 1677, userId: 8287, category: Pothole
2026-01-16 18:34:53.125 [Test worker] INFO  n.f.d.b.c.HazardReportController - Hazard created successfully - hazardId: 1677, email: statsuser@test.com
2026-01-16 18:34:53.130 [Test worker] DEBUG org.hibernate.SQL - select u1_0.id,u1_0.avatar_id,u1_0.background_id,u1_0.created_at,u1_0.email,u1_0.name,u1_0.password,u1_0.role_id,u1_0.username from app_user u1_0 where u1_0.email=?
2026-01-16 18:34:53.132 [Test worker] DEBUG org.hibernate.SQL - select r1_0.id,r1_0.name from role r1_0 where r1_0.id=?
2026-01-16 18:34:53.138 [Test worker] DEBUG org.hibernate.SQL - select u1_0.id,u1_0.avatar_id,u1_0.background_id,u1_0.created_at,u1_0.email,u1_0.name,u1_0.password,u1_0.role_id,u1_0.username from app_user u1_0 where u1_0.email=?
2026-01-16 18:34:53.140 [Test worker] DEBUG org.hibernate.SQL - insert into trip (convoy_id,created_at,distance_km,end_lat,end_lng,ended_at,start_lat,start_lng,started_at,user_id) values (?,?,?,?,?,?,?,?,?,?)
2026-01-16 18:34:53.144 [Test worker] DEBUG org.hibernate.SQL - select s1_0.id from "statistics" s1_0 join app_user u1_0 on u1_0.id=s1_0.user_id where u1_0.id=? fetch first ? rows only
2026-01-16 18:34:53.147 [Test worker] DEBUG org.hibernate.SQL - update "statistics" s1_0 set total_trips=(s1_0.total_trips+1),total_distance_km=(s1_0.total_distance_km+?) where s1_0.user_id=?
2026-01-16 18:34:53.153 [Test worker] DEBUG org.hibernate.SQL - select u1_0.id,u1_0.avatar_id,u1_0.background_id,u1_0.created_at,u1_0.email,u1_0.name,u1_0.password,u1_0.role_id,u1_0.username from app_user u1_0 where u1_0.email=?
2026-01-16 18:34:53.155 [Test worker] DEBUG org.hibernate.SQL - select r1_0.id,r1_0.name from role r1_0 where r1_0.id=?
2026-01-16 18:34:53.161 [Test worker] DEBUG org.hibernate.SQL - select u1_0.id,u1_0.avatar_id,u1_0.background_id,u1_0.created_at,u1_0.email,u1_0.name,u1_0.password,u1_0.role_id,u1_0.username from app_user u1_0 where u1_0.username=?
2026-01-16 18:34:53.164 [Test worker] DEBUG org.hibernate.SQL - select s1_0.id,s1_0.total_distance_km,s1_0.total_hazards_reported,s1_0.total_trips,s1_0.total_votes,s1_0.user_id from "statistics" s1_0 join app_user u1_0 on u1_0.id=s1_0.user_id where u1_0.id=?
2026-01-16 18:34:53.177 [Test worker] DEBUG org.hibernate.SQL - select r1_0.id,r1_0.name from role r1_0 where r1_0.name=?
2026-01-16 18:34:53.179 [Test worker] DEBUG org.hibernate.SQL - insert into role (name) values (?)
2026-01-16 18:34:53.181 [Test worker] DEBUG org.hibernate.SQL - select hc1_0.id,hc1_0.active,hc1_0.icon_path,hc1_0.name from hazard_category hc1_0
2026-01-16 18:34:53.182 [Test worker] DEBUG org.hibernate.SQL - insert into hazard_category (active,icon_path,name) values (?,?,?)
2026-01-16 18:34:53.188 [Test worker] INFO  n.f.d.b.controller.UserController - User registration attempt - username: profileuser, email: profileuser@test.com
2026-01-16 18:34:53.189 [Test worker] DEBUG org.hibernate.SQL - select u1_0.id from app_user u1_0 where u1_0.username=? fetch first ? rows only
2026-01-16 18:34:53.191 [Test worker] DEBUG org.hibernate.SQL - select u1_0.id from app_user u1_0 where u1_0.email=? fetch first ? rows only
2026-01-16 18:34:53.192 [Test worker] DEBUG org.hibernate.SQL - select r1_0.id,r1_0.name from role r1_0 where r1_0.name=?
2026-01-16 18:34:53.260 [Test worker] DEBUG org.hibernate.SQL - insert into app_user (avatar_id,background_id,created_at,email,name,password,role_id,username) values (?,?,?,?,?,?,?,?)
2026-01-16 18:34:53.264 [Test worker] INFO  n.f.db3.backend.service.UserService - User created successfully - userId: 8288, username: profileuser, email: profileuser@test.com
2026-01-16 18:34:53.265 [Test worker] INFO  n.f.d.b.controller.UserController - User registered successfully - userId: 8288, username: profileuser, email: profileuser@test.com
2026-01-16 18:34:53.271 [Test worker] DEBUG org.hibernate.SQL - select u1_0.id,u1_0.avatar_id,u1_0.background_id,u1_0.created_at,u1_0.email,u1_0.name,u1_0.password,u1_0.role_id,u1_0.username from app_user u1_0 where u1_0.email=?
2026-01-16 18:34:53.339 [Test worker] DEBUG org.hibernate.SQL - select u1_0.id,u1_0.avatar_id,u1_0.background_id,u1_0.created_at,u1_0.email,u1_0.name,u1_0.password,u1_0.role_id,u1_0.username from app_user u1_0 where u1_0.email=?
2026-01-16 18:34:53.341 [Test worker] INFO  n.f.d.b.controller.UserController - User logged in successfully - userId: 8288, username: profileuser, email: profileuser@test.com
2026-01-16 18:34:53.346 [Test worker] DEBUG org.hibernate.SQL - select u1_0.id,u1_0.avatar_id,u1_0.background_id,u1_0.created_at,u1_0.email,u1_0.name,u1_0.password,u1_0.role_id,u1_0.username from app_user u1_0 where u1_0.email=?
2026-01-16 18:34:53.350 [Test worker] DEBUG org.hibernate.SQL - select u1_0.id,u1_0.avatar_id,u1_0.background_id,u1_0.created_at,u1_0.email,u1_0.name,u1_0.password,u1_0.role_id,u1_0.username from app_user u1_0 where u1_0.email=?
2026-01-16 18:34:53.357 [Test worker] DEBUG org.hibernate.SQL - select u1_0.id,u1_0.avatar_id,u1_0.background_id,u1_0.created_at,u1_0.email,u1_0.name,u1_0.password,u1_0.role_id,u1_0.username from app_user u1_0 where u1_0.email=?
2026-01-16 18:34:53.363 [Test worker] INFO  n.f.d.b.controller.UserController - User update request - username: profileuser@test.com, fields: name=true, username=false, email=false, passwordChange=false
2026-01-16 18:34:53.364 [Test worker] DEBUG org.hibernate.SQL - select u1_0.id,u1_0.avatar_id,u1_0.background_id,u1_0.created_at,u1_0.email,u1_0.name,u1_0.password,u1_0.role_id,u1_0.username from app_user u1_0 where u1_0.email=?
2026-01-16 18:34:53.367 [Test worker] INFO  n.f.db3.backend.service.UserService - User updated successfully - userId: 8288, username: profileuser
2026-01-16 18:34:53.367 [Test worker] INFO  n.f.d.b.controller.UserController - User updated successfully - userId: 8288, username: profileuser
2026-01-16 18:34:53.372 [Test worker] DEBUG org.hibernate.SQL - update app_user set avatar_id=?,background_id=?,created_at=?,email=?,name=?,password=?,role_id=?,username=? where id=?
2026-01-16 18:34:53.375 [Test worker] DEBUG org.hibernate.SQL - select u1_0.id,u1_0.avatar_id,u1_0.background_id,u1_0.created_at,u1_0.email,u1_0.name,u1_0.password,u1_0.role_id,u1_0.username from app_user u1_0 where u1_0.email=?
2026-01-16 18:34:53.379 [Test worker] DEBUG org.hibernate.SQL - select u1_0.id,u1_0.avatar_id,u1_0.background_id,u1_0.created_at,u1_0.email,u1_0.name,u1_0.password,u1_0.role_id,u1_0.username from app_user u1_0 where u1_0.email=?
2026-01-16 18:34:53.390 [Test worker] INFO  o.s.t.c.s.AnnotationConfigContextLoaderUtils - Could not detect default configuration classes for test class [nl.fontys.db3.backend.e2e.VotingE2ETest]: VotingE2ETest does not declare any static, non-private, non-final, nested classes annotated with @Configuration.
2026-01-16 18:34:53.392 [Test worker] INFO  o.s.b.t.c.SpringBootTestContextBootstrapper - Found @SpringBootConfiguration nl.fontys.db3.backend.BackendApplication for test class nl.fontys.db3.backend.e2e.VotingE2ETest
2026-01-16 18:34:53.400 [Test worker] DEBUG org.hibernate.SQL - select r1_0.id,r1_0.name from role r1_0 where r1_0.name=?
2026-01-16 18:34:53.403 [Test worker] DEBUG org.hibernate.SQL - insert into role (name) values (?)
2026-01-16 18:34:53.405 [Test worker] DEBUG org.hibernate.SQL - select hc1_0.id,hc1_0.active,hc1_0.icon_path,hc1_0.name from hazard_category hc1_0
2026-01-16 18:34:53.407 [Test worker] DEBUG org.hibernate.SQL - insert into hazard_category (active,icon_path,name) values (?,?,?)
2026-01-16 18:34:53.411 [Test worker] INFO  n.f.d.b.controller.UserController - User registration attempt - username: votecreator, email: votecreator@test.com
2026-01-16 18:34:53.412 [Test worker] DEBUG org.hibernate.SQL - select u1_0.id from app_user u1_0 where u1_0.username=? fetch first ? rows only
2026-01-16 18:34:53.414 [Test worker] DEBUG org.hibernate.SQL - select u1_0.id from app_user u1_0 where u1_0.email=? fetch first ? rows only
2026-01-16 18:34:53.416 [Test worker] DEBUG org.hibernate.SQL - select r1_0.id,r1_0.name from role r1_0 where r1_0.name=?
2026-01-16 18:34:53.485 [Test worker] DEBUG org.hibernate.SQL - insert into app_user (avatar_id,background_id,created_at,email,name,password,role_id,username) values (?,?,?,?,?,?,?,?)
2026-01-16 18:34:53.489 [Test worker] INFO  n.f.db3.backend.service.UserService - User created successfully - userId: 8289, username: votecreator, email: votecreator@test.com
2026-01-16 18:34:53.489 [Test worker] INFO  n.f.d.b.controller.UserController - User registered successfully - userId: 8289, username: votecreator, email: votecreator@test.com
2026-01-16 18:34:53.493 [Test worker] DEBUG org.hibernate.SQL - select u1_0.id,u1_0.avatar_id,u1_0.background_id,u1_0.created_at,u1_0.email,u1_0.name,u1_0.password,u1_0.role_id,u1_0.username from app_user u1_0 where u1_0.email=?
2026-01-16 18:34:53.562 [Test worker] DEBUG org.hibernate.SQL - select u1_0.id,u1_0.avatar_id,u1_0.background_id,u1_0.created_at,u1_0.email,u1_0.name,u1_0.password,u1_0.role_id,u1_0.username from app_user u1_0 where u1_0.email=?
2026-01-16 18:34:53.564 [Test worker] INFO  n.f.d.b.controller.UserController - User logged in successfully - userId: 8289, username: votecreator, email: votecreator@test.com
2026-01-16 18:34:53.569 [Test worker] DEBUG org.hibernate.SQL - select u1_0.id,u1_0.avatar_id,u1_0.background_id,u1_0.created_at,u1_0.email,u1_0.name,u1_0.password,u1_0.role_id,u1_0.username from app_user u1_0 where u1_0.email=?
2026-01-16 18:34:53.572 [Test worker] INFO  n.f.d.b.c.HazardReportController - Creating hazard - email: votecreator@test.com, categoryId: 1858, lat: 51.4416, lng: 5.4697
2026-01-16 18:34:53.573 [Test worker] INFO  n.f.d.backend.service.HazardService - Creating hazard - creatorEmail: votecreator@test.com, categoryId: 1858, lat: 51.4416, lng: 5.4697
2026-01-16 18:34:53.575 [Test worker] DEBUG org.hibernate.SQL - select u1_0.id,u1_0.avatar_id,u1_0.background_id,u1_0.created_at,u1_0.email,u1_0.name,u1_0.password,u1_0.role_id,u1_0.username from app_user u1_0 where u1_0.email=?
2026-01-16 18:34:53.577 [Test worker] DEBUG org.hibernate.SQL - insert into hazard_report (category_id,created_at,created_by_id,latitude,longitude,status) values (?,?,?,?,?,?)
2026-01-16 18:34:53.580 [Test worker] DEBUG org.hibernate.SQL - select s1_0.id from "statistics" s1_0 join app_user u1_0 on u1_0.id=s1_0.user_id where u1_0.id=? fetch first ? rows only
2026-01-16 18:34:53.582 [Test worker] DEBUG org.hibernate.SQL - insert into "statistics" (total_distance_km,total_hazards_reported,total_trips,total_votes,user_id) values (?,?,?,?,?)
2026-01-16 18:34:53.585 [Test worker] DEBUG org.hibernate.SQL - update "statistics" s1_0 set total_hazards_reported=(s1_0.total_hazards_reported+1) where s1_0.user_id=?
2026-01-16 18:34:53.587 [Test worker] INFO  n.f.d.backend.service.HazardService - Hazard created successfully - hazardId: 1678, userId: 8289, category: Pothole
2026-01-16 18:34:53.587 [Test worker] INFO  n.f.d.b.c.HazardReportController - Hazard created successfully - hazardId: 1678, email: votecreator@test.com
2026-01-16 18:34:53.591 [Test worker] INFO  n.f.d.b.controller.UserController - User registration attempt - username: voter1, email: voter1@test.com
2026-01-16 18:34:53.592 [Test worker] DEBUG org.hibernate.SQL - select u1_0.id from app_user u1_0 where u1_0.username=? fetch first ? rows only
2026-01-16 18:34:53.594 [Test worker] DEBUG org.hibernate.SQL - select u1_0.id from app_user u1_0 where u1_0.email=? fetch first ? rows only
2026-01-16 18:34:53.596 [Test worker] DEBUG org.hibernate.SQL - select r1_0.id,r1_0.name from role r1_0 where r1_0.name=?
2026-01-16 18:34:53.663 [Test worker] DEBUG org.hibernate.SQL - insert into app_user (avatar_id,background_id,created_at,email,name,password,role_id,username) values (?,?,?,?,?,?,?,?)
2026-01-16 18:34:53.667 [Test worker] INFO  n.f.db3.backend.service.UserService - User created successfully - userId: 8290, username: voter1, email: voter1@test.com
2026-01-16 18:34:53.667 [Test worker] INFO  n.f.d.b.controller.UserController - User registered successfully - userId: 8290, username: voter1, email: voter1@test.com
2026-01-16 18:34:53.671 [Test worker] DEBUG org.hibernate.SQL - select u1_0.id,u1_0.avatar_id,u1_0.background_id,u1_0.created_at,u1_0.email,u1_0.name,u1_0.password,u1_0.role_id,u1_0.username from app_user u1_0 where u1_0.email=?
2026-01-16 18:34:53.743 [Test worker] DEBUG org.hibernate.SQL - select u1_0.id,u1_0.avatar_id,u1_0.background_id,u1_0.created_at,u1_0.email,u1_0.name,u1_0.password,u1_0.role_id,u1_0.username from app_user u1_0 where u1_0.email=?
2026-01-16 18:34:53.746 [Test worker] INFO  n.f.d.b.controller.UserController - User logged in successfully - userId: 8290, username: voter1, email: voter1@test.com
2026-01-16 18:34:53.749 [Test worker] INFO  n.f.d.b.controller.UserController - User registration attempt - username: voter2, email: voter2@test.com
2026-01-16 18:34:53.750 [Test worker] DEBUG org.hibernate.SQL - select u1_0.id from app_user u1_0 where u1_0.username=? fetch first ? rows only
2026-01-16 18:34:53.753 [Test worker] DEBUG org.hibernate.SQL - select u1_0.id from app_user u1_0 where u1_0.email=? fetch first ? rows only
2026-01-16 18:34:53.754 [Test worker] DEBUG org.hibernate.SQL - select r1_0.id,r1_0.name from role r1_0 where r1_0.name=?
2026-01-16 18:34:53.823 [Test worker] DEBUG org.hibernate.SQL - insert into app_user (avatar_id,background_id,created_at,email,name,password,role_id,username) values (?,?,?,?,?,?,?,?)
2026-01-16 18:34:53.826 [Test worker] INFO  n.f.db3.backend.service.UserService - User created successfully - userId: 8291, username: voter2, email: voter2@test.com
2026-01-16 18:34:53.826 [Test worker] INFO  n.f.d.b.controller.UserController - User registered successfully - userId: 8291, username: voter2, email: voter2@test.com
2026-01-16 18:34:53.831 [Test worker] DEBUG org.hibernate.SQL - select u1_0.id,u1_0.avatar_id,u1_0.background_id,u1_0.created_at,u1_0.email,u1_0.name,u1_0.password,u1_0.role_id,u1_0.username from app_user u1_0 where u1_0.email=?
2026-01-16 18:34:53.896 [Test worker] DEBUG org.hibernate.SQL - select u1_0.id,u1_0.avatar_id,u1_0.background_id,u1_0.created_at,u1_0.email,u1_0.name,u1_0.password,u1_0.role_id,u1_0.username from app_user u1_0 where u1_0.email=?
2026-01-16 18:34:53.899 [Test worker] INFO  n.f.d.b.controller.UserController - User logged in successfully - userId: 8291, username: voter2, email: voter2@test.com
2026-01-16 18:34:53.902 [Test worker] INFO  n.f.d.b.controller.UserController - User registration attempt - username: voter3, email: voter3@test.com
2026-01-16 18:34:53.903 [Test worker] DEBUG org.hibernate.SQL - select u1_0.id from app_user u1_0 where u1_0.username=? fetch first ? rows only
2026-01-16 18:34:53.905 [Test worker] DEBUG org.hibernate.SQL - select u1_0.id from app_user u1_0 where u1_0.email=? fetch first ? rows only
2026-01-16 18:34:53.907 [Test worker] DEBUG org.hibernate.SQL - select r1_0.id,r1_0.name from role r1_0 where r1_0.name=?
2026-01-16 18:34:53.976 [Test worker] DEBUG org.hibernate.SQL - insert into app_user (avatar_id,background_id,created_at,email,name,password,role_id,username) values (?,?,?,?,?,?,?,?)
2026-01-16 18:34:53.979 [Test worker] INFO  n.f.db3.backend.service.UserService - User created successfully - userId: 8292, username: voter3, email: voter3@test.com
2026-01-16 18:34:53.979 [Test worker] INFO  n.f.d.b.controller.UserController - User registered successfully - userId: 8292, username: voter3, email: voter3@test.com
2026-01-16 18:34:53.984 [Test worker] DEBUG org.hibernate.SQL - select u1_0.id,u1_0.avatar_id,u1_0.background_id,u1_0.created_at,u1_0.email,u1_0.name,u1_0.password,u1_0.role_id,u1_0.username from app_user u1_0 where u1_0.email=?
2026-01-16 18:34:54.054 [Test worker] DEBUG org.hibernate.SQL - select u1_0.id,u1_0.avatar_id,u1_0.background_id,u1_0.created_at,u1_0.email,u1_0.name,u1_0.password,u1_0.role_id,u1_0.username from app_user u1_0 where u1_0.email=?
2026-01-16 18:34:54.056 [Test worker] INFO  n.f.d.b.controller.UserController - User logged in successfully - userId: 8292, username: voter3, email: voter3@test.com
2026-01-16 18:34:54.060 [Test worker] DEBUG org.hibernate.SQL - select u1_0.id,u1_0.avatar_id,u1_0.background_id,u1_0.created_at,u1_0.email,u1_0.name,u1_0.password,u1_0.role_id,u1_0.username from app_user u1_0 where u1_0.email=?
2026-01-16 18:34:54.064 [Test worker] INFO  n.f.d.b.controller.VoteController - Vote request - email: voter1@test.com, hazardId: 1678, voteType: UPVOTE
2026-01-16 18:34:54.066 [Test worker] DEBUG org.hibernate.SQL - select u1_0.id,u1_0.avatar_id,u1_0.background_id,u1_0.created_at,u1_0.email,u1_0.name,u1_0.password,u1_0.role_id,u1_0.username from app_user u1_0 where u1_0.email=?
2026-01-16 18:34:54.068 [Test worker] DEBUG org.hibernate.SQL - select hr1_0.id,c1_0.id,c1_0.active,c1_0.icon_path,c1_0.name,hr1_0.created_at,cb1_0.id,a1_0.id,a1_0.active,a1_0.image_path,a1_0.name,b1_0.id,b1_0.active,b1_0.image_path,b1_0.name,cb1_0.created_at,cb1_0.email,cb1_0.name,cb1_0.password,cb1_0.role_id,r1_0.id,r1_0.name,cb1_0.username,hr1_0.latitude,hr1_0.longitude,hr1_0.status from hazard_report hr1_0 left join hazard_category c1_0 on c1_0.id=hr1_0.category_id left join app_user cb1_0 on cb1_0.id=hr1_0.created_by_id left join avatar a1_0 on a1_0.id=cb1_0.avatar_id left join background b1_0 on b1_0.id=cb1_0.background_id left join role r1_0 on r1_0.id=cb1_0.role_id where hr1_0.id=?
2026-01-16 18:34:54.072 [Test worker] DEBUG org.hibernate.SQL - select v1_0.id from vote v1_0 join hazard_report hr1_0 on hr1_0.id=v1_0.hazard_report_id join app_user u1_0 on u1_0.id=v1_0.user_id where hr1_0.id=? and u1_0.id=? fetch first ? rows only
2026-01-16 18:34:54.075 [Test worker] DEBUG org.hibernate.SQL - insert into vote (created_at,hazard_report_id,user_id,vote_type) values (?,?,?,?)
2026-01-16 18:34:54.078 [Test worker] DEBUG org.hibernate.SQL - select s1_0.id from "statistics" s1_0 join app_user u1_0 on u1_0.id=s1_0.user_id where u1_0.id=? fetch first ? rows only
2026-01-16 18:34:54.080 [Test worker] DEBUG org.hibernate.SQL - insert into "statistics" (total_distance_km,total_hazards_reported,total_trips,total_votes,user_id) values (?,?,?,?,?)
2026-01-16 18:34:54.082 [Test worker] DEBUG org.hibernate.SQL - update "statistics" s1_0 set total_votes=(s1_0.total_votes+1) where s1_0.user_id=?
2026-01-16 18:34:54.084 [Test worker] INFO  n.f.db3.backend.service.VoteService - Vote saved successfully - voteId: 710, userId: 8290, hazardId: 1678, voteType: UPVOTE
2026-01-16 18:34:54.084 [Test worker] INFO  n.f.d.b.controller.VoteController - Vote saved successfully - voteId: 710, email: voter1@test.com, hazardId: 1678, voteType: UPVOTE
2026-01-16 18:34:54.088 [Test worker] DEBUG org.hibernate.SQL - select u1_0.id,u1_0.avatar_id,u1_0.background_id,u1_0.created_at,u1_0.email,u1_0.name,u1_0.password,u1_0.role_id,u1_0.username from app_user u1_0 where u1_0.email=?
2026-01-16 18:34:54.089 [Test worker] DEBUG org.hibernate.SQL - select r1_0.id,r1_0.name from role r1_0 where r1_0.id=?
2026-01-16 18:34:54.094 [Test worker] INFO  n.f.d.b.controller.VoteController - Vote request - email: voter2@test.com, hazardId: 1678, voteType: UPVOTE
2026-01-16 18:34:54.096 [Test worker] DEBUG org.hibernate.SQL - select u1_0.id,u1_0.avatar_id,u1_0.background_id,u1_0.created_at,u1_0.email,u1_0.name,u1_0.password,u1_0.role_id,u1_0.username from app_user u1_0 where u1_0.email=?
2026-01-16 18:34:54.098 [Test worker] DEBUG org.hibernate.SQL - select hr1_0.id,c1_0.id,c1_0.active,c1_0.icon_path,c1_0.name,hr1_0.created_at,cb1_0.id,a1_0.id,a1_0.active,a1_0.image_path,a1_0.name,b1_0.id,b1_0.active,b1_0.image_path,b1_0.name,cb1_0.created_at,cb1_0.email,cb1_0.name,cb1_0.password,cb1_0.role_id,r1_0.id,r1_0.name,cb1_0.username,hr1_0.latitude,hr1_0.longitude,hr1_0.status from hazard_report hr1_0 left join hazard_category c1_0 on c1_0.id=hr1_0.category_id left join app_user cb1_0 on cb1_0.id=hr1_0.created_by_id left join avatar a1_0 on a1_0.id=cb1_0.avatar_id left join background b1_0 on b1_0.id=cb1_0.background_id left join role r1_0 on r1_0.id=cb1_0.role_id where hr1_0.id=?
2026-01-16 18:34:54.101 [Test worker] DEBUG org.hibernate.SQL - select v1_0.id from vote v1_0 join hazard_report hr1_0 on hr1_0.id=v1_0.hazard_report_id join app_user u1_0 on u1_0.id=v1_0.user_id where hr1_0.id=? and u1_0.id=? fetch first ? rows only
2026-01-16 18:34:54.103 [Test worker] DEBUG org.hibernate.SQL - insert into vote (created_at,hazard_report_id,user_id,vote_type) values (?,?,?,?)
2026-01-16 18:34:54.106 [Test worker] DEBUG org.hibernate.SQL - select s1_0.id from "statistics" s1_0 join app_user u1_0 on u1_0.id=s1_0.user_id where u1_0.id=? fetch first ? rows only
2026-01-16 18:34:54.108 [Test worker] DEBUG org.hibernate.SQL - insert into "statistics" (total_distance_km,total_hazards_reported,total_trips,total_votes,user_id) values (?,?,?,?,?)
2026-01-16 18:34:54.111 [Test worker] DEBUG org.hibernate.SQL - update "statistics" s1_0 set total_votes=(s1_0.total_votes+1) where s1_0.user_id=?
2026-01-16 18:34:54.112 [Test worker] INFO  n.f.db3.backend.service.VoteService - Vote saved successfully - voteId: 711, userId: 8291, hazardId: 1678, voteType: UPVOTE
2026-01-16 18:34:54.112 [Test worker] INFO  n.f.d.b.controller.VoteController - Vote saved successfully - voteId: 711, email: voter2@test.com, hazardId: 1678, voteType: UPVOTE
2026-01-16 18:34:54.116 [Test worker] DEBUG org.hibernate.SQL - select u1_0.id,u1_0.avatar_id,u1_0.background_id,u1_0.created_at,u1_0.email,u1_0.name,u1_0.password,u1_0.role_id,u1_0.username from app_user u1_0 where u1_0.email=?
2026-01-16 18:34:54.118 [Test worker] DEBUG org.hibernate.SQL - select r1_0.id,r1_0.name from role r1_0 where r1_0.id=?
2026-01-16 18:34:54.121 [Test worker] INFO  n.f.d.b.controller.VoteController - Vote request - email: voter3@test.com, hazardId: 1678, voteType: DOWNVOTE
2026-01-16 18:34:54.122 [Test worker] DEBUG org.hibernate.SQL - select u1_0.id,u1_0.avatar_id,u1_0.background_id,u1_0.created_at,u1_0.email,u1_0.name,u1_0.password,u1_0.role_id,u1_0.username from app_user u1_0 where u1_0.email=?
2026-01-16 18:34:54.124 [Test worker] DEBUG org.hibernate.SQL - select hr1_0.id,c1_0.id,c1_0.active,c1_0.icon_path,c1_0.name,hr1_0.created_at,cb1_0.id,a1_0.id,a1_0.active,a1_0.image_path,a1_0.name,b1_0.id,b1_0.active,b1_0.image_path,b1_0.name,cb1_0.created_at,cb1_0.email,cb1_0.name,cb1_0.password,cb1_0.role_id,r1_0.id,r1_0.name,cb1_0.username,hr1_0.latitude,hr1_0.longitude,hr1_0.status from hazard_report hr1_0 left join hazard_category c1_0 on c1_0.id=hr1_0.category_id left join app_user cb1_0 on cb1_0.id=hr1_0.created_by_id left join avatar a1_0 on a1_0.id=cb1_0.avatar_id left join background b1_0 on b1_0.id=cb1_0.background_id left join role r1_0 on r1_0.id=cb1_0.role_id where hr1_0.id=?
2026-01-16 18:34:54.129 [Test worker] DEBUG org.hibernate.SQL - select v1_0.id from vote v1_0 join hazard_report hr1_0 on hr1_0.id=v1_0.hazard_report_id join app_user u1_0 on u1_0.id=v1_0.user_id where hr1_0.id=? and u1_0.id=? fetch first ? rows only
2026-01-16 18:34:54.130 [Test worker] DEBUG org.hibernate.SQL - insert into vote (created_at,hazard_report_id,user_id,vote_type) values (?,?,?,?)
2026-01-16 18:34:54.133 [Test worker] DEBUG org.hibernate.SQL - select s1_0.id from "statistics" s1_0 join app_user u1_0 on u1_0.id=s1_0.user_id where u1_0.id=? fetch first ? rows only
2026-01-16 18:34:54.135 [Test worker] DEBUG org.hibernate.SQL - insert into "statistics" (total_distance_km,total_hazards_reported,total_trips,total_votes,user_id) values (?,?,?,?,?)
2026-01-16 18:34:54.138 [Test worker] DEBUG org.hibernate.SQL - update "statistics" s1_0 set total_votes=(s1_0.total_votes+1) where s1_0.user_id=?
2026-01-16 18:34:54.139 [Test worker] INFO  n.f.db3.backend.service.VoteService - Vote saved successfully - voteId: 712, userId: 8292, hazardId: 1678, voteType: DOWNVOTE
2026-01-16 18:34:54.139 [Test worker] INFO  n.f.d.b.controller.VoteController - Vote saved successfully - voteId: 712, email: voter3@test.com, hazardId: 1678, voteType: DOWNVOTE
2026-01-16 18:34:54.144 [Test worker] DEBUG org.hibernate.SQL - select u1_0.id,u1_0.avatar_id,u1_0.background_id,u1_0.created_at,u1_0.email,u1_0.name,u1_0.password,u1_0.role_id,u1_0.username from app_user u1_0 where u1_0.email=?
2026-01-16 18:34:54.146 [Test worker] DEBUG org.hibernate.SQL - select r1_0.id,r1_0.name from role r1_0 where r1_0.id=?
2026-01-16 18:34:54.151 [Test worker] DEBUG org.hibernate.SQL - select count(v1_0.id) from vote v1_0 join hazard_report hr1_0 on hr1_0.id=v1_0.hazard_report_id where hr1_0.id=? and v1_0.vote_type=?
2026-01-16 18:34:54.154 [Test worker] DEBUG org.hibernate.SQL - select count(v1_0.id) from vote v1_0 join hazard_report hr1_0 on hr1_0.id=v1_0.hazard_report_id where hr1_0.id=? and v1_0.vote_type=?
2026-01-16 18:34:54.161 [Test worker] DEBUG org.hibernate.SQL - select u1_0.id,u1_0.avatar_id,u1_0.background_id,u1_0.created_at,u1_0.email,u1_0.name,u1_0.password,u1_0.role_id,u1_0.username from app_user u1_0 where u1_0.email=?
2026-01-16 18:34:54.166 [Test worker] DEBUG org.hibernate.SQL - select u1_0.id,u1_0.avatar_id,u1_0.background_id,u1_0.created_at,u1_0.email,u1_0.name,u1_0.password,u1_0.role_id,u1_0.username from app_user u1_0 where u1_0.email=?
2026-01-16 18:34:54.170 [Test worker] DEBUG org.hibernate.SQL - select v1_0.id,v1_0.created_at,v1_0.hazard_report_id,v1_0.user_id,v1_0.vote_type from vote v1_0 join hazard_report hr1_0 on hr1_0.id=v1_0.hazard_report_id join app_user u1_0 on u1_0.id=v1_0.user_id where hr1_0.id=? and u1_0.id=?
2026-01-16 18:34:54.172 [Test worker] DEBUG org.hibernate.SQL - select hr1_0.id,c1_0.id,c1_0.active,c1_0.icon_path,c1_0.name,hr1_0.created_at,cb1_0.id,a1_0.id,a1_0.active,a1_0.image_path,a1_0.name,b1_0.id,b1_0.active,b1_0.image_path,b1_0.name,cb1_0.created_at,cb1_0.email,cb1_0.name,cb1_0.password,cb1_0.role_id,r1_0.id,r1_0.name,cb1_0.username,hr1_0.latitude,hr1_0.longitude,hr1_0.status from hazard_report hr1_0 left join hazard_category c1_0 on c1_0.id=hr1_0.category_id left join app_user cb1_0 on cb1_0.id=hr1_0.created_by_id left join avatar a1_0 on a1_0.id=cb1_0.avatar_id left join background b1_0 on b1_0.id=cb1_0.background_id left join role r1_0 on r1_0.id=cb1_0.role_id where hr1_0.id=?
2026-01-16 18:34:54.183 [Test worker] DEBUG org.hibernate.SQL - select u1_0.id,u1_0.avatar_id,u1_0.background_id,u1_0.created_at,u1_0.email,u1_0.name,u1_0.password,u1_0.role_id,u1_0.username from app_user u1_0 where u1_0.email=?
2026-01-16 18:34:54.191 [Test worker] DEBUG org.hibernate.SQL - select u1_0.id,u1_0.avatar_id,u1_0.background_id,u1_0.created_at,u1_0.email,u1_0.name,u1_0.password,u1_0.role_id,u1_0.username from app_user u1_0 where u1_0.email=?
2026-01-16 18:34:54.196 [Test worker] DEBUG org.hibernate.SQL - select v1_0.id,v1_0.created_at,v1_0.hazard_report_id,v1_0.user_id,v1_0.vote_type from vote v1_0 join hazard_report hr1_0 on hr1_0.id=v1_0.hazard_report_id join app_user u1_0 on u1_0.id=v1_0.user_id where hr1_0.id=? and u1_0.id=?
2026-01-16 18:34:54.207 [Test worker] WARN  n.f.d.b.e.GlobalExceptionHandler - Bad request - message: Invalid input
2026-01-16 18:34:54.214 [Test worker] WARN  n.f.d.b.e.GlobalExceptionHandler - Bad credentials - message: Bad credentials
2026-01-16 18:34:54.215 [Test worker] WARN  n.f.d.b.e.GlobalExceptionHandler - Authentication failed - message: Authentication failed
2026-01-16 18:34:54.215 [Test worker] WARN  n.f.d.b.e.GlobalExceptionHandler - Illegal argument treated as not found - message: User not found
2026-01-16 18:34:54.216 [Test worker] ERROR n.f.d.b.e.GlobalExceptionHandler - Illegal state exception - message: Internal error occurred
java.lang.IllegalStateException: Internal error occurred
	at nl.fontys.db3.backend.exception.GlobalExceptionHandlerTest.handleIllegalState_Returns500(GlobalExceptionHandlerTest.java:88)
	at java.base/jdk.internal.reflect.DirectMethodHandleAccessor.invoke(DirectMethodHandleAccessor.java:103)
	at java.base/java.lang.reflect.Method.invoke(Method.java:580)
	at org.junit.platform.commons.util.ReflectionUtils.invokeMethod(ReflectionUtils.java:775)
	at org.junit.platform.commons.support.ReflectionSupport.invokeMethod(ReflectionSupport.java:479)
	at org.junit.jupiter.engine.execution.MethodInvocation.proceed(MethodInvocation.java:60)
	at org.junit.jupiter.engine.execution.InvocationInterceptorChain$ValidatingInvocation.proceed(InvocationInterceptorChain.java:131)
	at org.junit.jupiter.engine.extension.TimeoutExtension.intercept(TimeoutExtension.java:161)
	at org.junit.jupiter.engine.extension.TimeoutExtension.interceptTestableMethod(TimeoutExtension.java:152)
	at org.junit.jupiter.engine.extension.TimeoutExtension.interceptTestMethod(TimeoutExtension.java:91)
	at org.junit.jupiter.engine.execution.InterceptingExecutableInvoker$ReflectiveInterceptorCall.lambda$ofVoidMethod$0(InterceptingExecutableInvoker.java:112)
	at org.junit.jupiter.engine.execution.InterceptingExecutableInvoker.lambda$invoke$0(InterceptingExecutableInvoker.java:94)
	at org.junit.jupiter.engine.execution.InvocationInterceptorChain$InterceptedInvocation.proceed(InvocationInterceptorChain.java:106)
	at org.junit.jupiter.engine.execution.InvocationInterceptorChain.proceed(InvocationInterceptorChain.java:64)
	at org.junit.jupiter.engine.execution.InvocationInterceptorChain.chainAndInvoke(InvocationInterceptorChain.java:45)
	at org.junit.jupiter.engine.execution.InvocationInterceptorChain.invoke(InvocationInterceptorChain.java:37)
	at org.junit.jupiter.engine.execution.InterceptingExecutableInvoker.invoke(InterceptingExecutableInvoker.java:93)
	at org.junit.jupiter.engine.execution.InterceptingExecutableInvoker.invoke(InterceptingExecutableInvoker.java:87)
	at org.junit.jupiter.engine.descriptor.TestMethodTestDescriptor.lambda$invokeTestMethod$7(TestMethodTestDescriptor.java:216)
	at org.junit.platform.engine.support.hierarchical.ThrowableCollector.execute(ThrowableCollector.java:73)
	at org.junit.jupiter.engine.descriptor.TestMethodTestDescriptor.invokeTestMethod(TestMethodTestDescriptor.java:212)
	at org.junit.jupiter.engine.descriptor.TestMethodTestDescriptor.execute(TestMethodTestDescriptor.java:137)
	at org.junit.jupiter.engine.descriptor.TestMethodTestDescriptor.execute(TestMethodTestDescriptor.java:69)
	at org.junit.platform.engine.support.hierarchical.NodeTestTask.lambda$executeRecursively$6(NodeTestTask.java:156)
	at org.junit.platform.engine.support.hierarchical.ThrowableCollector.execute(ThrowableCollector.java:73)
	at org.junit.platform.engine.support.hierarchical.NodeTestTask.lambda$executeRecursively$8(NodeTestTask.java:146)
	at org.junit.platform.engine.support.hierarchical.Node.around(Node.java:137)
	at org.junit.platform.engine.support.hierarchical.NodeTestTask.lambda$executeRecursively$9(NodeTestTask.java:144)
	at org.junit.platform.engine.support.hierarchical.ThrowableCollector.execute(ThrowableCollector.java:73)
	at org.junit.platform.engine.support.hierarchical.NodeTestTask.executeRecursively(NodeTestTask.java:143)
	at org.junit.platform.engine.support.hierarchical.NodeTestTask.execute(NodeTestTask.java:100)
	at java.base/java.util.ArrayList.forEach(ArrayList.java:1596)
	at org.junit.platform.engine.support.hierarchical.SameThreadHierarchicalTestExecutorService.invokeAll(SameThreadHierarchicalTestExecutorService.java:41)
	at org.junit.platform.engine.support.hierarchical.NodeTestTask.lambda$executeRecursively$6(NodeTestTask.java:160)
	at org.junit.platform.engine.support.hierarchical.ThrowableCollector.execute(ThrowableCollector.java:73)
	at org.junit.platform.engine.support.hierarchical.NodeTestTask.lambda$executeRecursively$8(NodeTestTask.java:146)
	at org.junit.platform.engine.support.hierarchical.Node.around(Node.java:137)
	at org.junit.platform.engine.support.hierarchical.NodeTestTask.lambda$executeRecursively$9(NodeTestTask.java:144)
	at org.junit.platform.engine.support.hierarchical.ThrowableCollector.execute(ThrowableCollector.java:73)
	at org.junit.platform.engine.support.hierarchical.NodeTestTask.executeRecursively(NodeTestTask.java:143)
	at org.junit.platform.engine.support.hierarchical.NodeTestTask.execute(NodeTestTask.java:100)
	at java.base/java.util.ArrayList.forEach(ArrayList.java:1596)
	at org.junit.platform.engine.support.hierarchical.SameThreadHierarchicalTestExecutorService.invokeAll(SameThreadHierarchicalTestExecutorService.java:41)
	at org.junit.platform.engine.support.hierarchical.NodeTestTask.lambda$executeRecursively$6(NodeTestTask.java:160)
	at org.junit.platform.engine.support.hierarchical.ThrowableCollector.execute(ThrowableCollector.java:73)
	at org.junit.platform.engine.support.hierarchical.NodeTestTask.lambda$executeRecursively$8(NodeTestTask.java:146)
	at org.junit.platform.engine.support.hierarchical.Node.around(Node.java:137)
	at org.junit.platform.engine.support.hierarchical.NodeTestTask.lambda$executeRecursively$9(NodeTestTask.java:144)
	at org.junit.platform.engine.support.hierarchical.ThrowableCollector.execute(ThrowableCollector.java:73)
	at org.junit.platform.engine.support.hierarchical.NodeTestTask.executeRecursively(NodeTestTask.java:143)
	at org.junit.platform.engine.support.hierarchical.NodeTestTask.execute(NodeTestTask.java:100)
	at org.junit.platform.engine.support.hierarchical.SameThreadHierarchicalTestExecutorService.submit(SameThreadHierarchicalTestExecutorService.java:35)
	at org.junit.platform.engine.support.hierarchical.HierarchicalTestExecutor.execute(HierarchicalTestExecutor.java:57)
	at org.junit.platform.engine.support.hierarchical.HierarchicalTestEngine.execute(HierarchicalTestEngine.java:54)
	at org.junit.platform.launcher.core.EngineExecutionOrchestrator.execute(EngineExecutionOrchestrator.java:201)
	at org.junit.platform.launcher.core.EngineExecutionOrchestrator.execute(EngineExecutionOrchestrator.java:170)
	at org.junit.platform.launcher.core.EngineExecutionOrchestrator.execute(EngineExecutionOrchestrator.java:94)
	at org.junit.platform.launcher.core.EngineExecutionOrchestrator.lambda$execute$0(EngineExecutionOrchestrator.java:59)
	at org.junit.platform.launcher.core.EngineExecutionOrchestrator.withInterceptedStreams(EngineExecutionOrchestrator.java:142)
	at org.junit.platform.launcher.core.EngineExecutionOrchestrator.execute(EngineExecutionOrchestrator.java:58)
	at org.junit.platform.launcher.core.DefaultLauncher.execute(DefaultLauncher.java:103)
	at org.junit.platform.launcher.core.DefaultLauncher.execute(DefaultLauncher.java:85)
	at org.junit.platform.launcher.core.DelegatingLauncher.execute(DelegatingLauncher.java:47)
	at org.junit.platform.launcher.core.InterceptingLauncher.lambda$execute$1(InterceptingLauncher.java:39)
	at org.junit.platform.launcher.core.ClasspathAlignmentCheckingLauncherInterceptor.intercept(ClasspathAlignmentCheckingLauncherInterceptor.java:25)
	at org.junit.platform.launcher.core.InterceptingLauncher.execute(InterceptingLauncher.java:38)
	at org.junit.platform.launcher.core.DelegatingLauncher.execute(DelegatingLauncher.java:47)
	at org.gradle.api.internal.tasks.testing.junitplatform.JUnitPlatformTestClassProcessor$CollectAllTestClassesExecutor.processAllTestClasses(JUnitPlatformTestClassProcessor.java:124)
	at org.gradle.api.internal.tasks.testing.junitplatform.JUnitPlatformTestClassProcessor$CollectAllTestClassesExecutor.access$000(JUnitPlatformTestClassProcessor.java:99)
	at org.gradle.api.internal.tasks.testing.junitplatform.JUnitPlatformTestClassProcessor.stop(JUnitPlatformTestClassProcessor.java:94)
	at org.gradle.api.internal.tasks.testing.SuiteTestClassProcessor.stop(SuiteTestClassProcessor.java:63)
	at java.base/jdk.internal.reflect.DirectMethodHandleAccessor.invoke(DirectMethodHandleAccessor.java:103)
	at java.base/java.lang.reflect.Method.invoke(Method.java:580)
	at org.gradle.internal.dispatch.ReflectionDispatch.dispatch(ReflectionDispatch.java:36)
	at org.gradle.internal.dispatch.ReflectionDispatch.dispatch(ReflectionDispatch.java:24)
	at org.gradle.internal.dispatch.ContextClassLoaderDispatch.dispatch(ContextClassLoaderDispatch.java:33)
	at org.gradle.internal.dispatch.ProxyDispatchAdapter$DispatchingInvocationHandler.invoke(ProxyDispatchAdapter.java:92)
	at jdk.proxy2/jdk.proxy2.$Proxy6.stop(Unknown Source)
	at org.gradle.api.internal.tasks.testing.worker.TestWorker$3.run(TestWorker.java:200)
	at org.gradle.api.internal.tasks.testing.worker.TestWorker.executeAndMaintainThreadName(TestWorker.java:132)
	at org.gradle.api.internal.tasks.testing.worker.TestWorker.execute(TestWorker.java:103)
	at org.gradle.api.internal.tasks.testing.worker.TestWorker.execute(TestWorker.java:63)
	at org.gradle.process.internal.worker.child.ActionExecutionWorker.execute(ActionExecutionWorker.java:56)
	at org.gradle.process.internal.worker.child.SystemApplicationClassLoaderWorker.call(SystemApplicationClassLoaderWorker.java:122)
	at org.gradle.process.internal.worker.child.SystemApplicationClassLoaderWorker.call(SystemApplicationClassLoaderWorker.java:72)
	at worker.org.gradle.process.internal.worker.GradleWorkerMain.run(GradleWorkerMain.java:69)
	at worker.org.gradle.process.internal.worker.GradleWorkerMain.main(GradleWorkerMain.java:74)
2026-01-16 18:34:54.222 [Test worker] WARN  n.f.d.b.e.GlobalExceptionHandler - Bad request - message: Bad request
2026-01-16 18:34:54.223 [Test worker] WARN  n.f.d.b.e.GlobalExceptionHandler - Resource not found - message: Resource not found
2026-01-16 18:34:54.224 [Test worker] ERROR n.f.d.b.e.GlobalExceptionHandler - Unexpected exception - message: Unexpected error, type: RuntimeException
java.lang.RuntimeException: Unexpected error
	at nl.fontys.db3.backend.exception.GlobalExceptionHandlerTest.handleGeneric_Returns500(GlobalExceptionHandlerTest.java:127)
	at java.base/jdk.internal.reflect.DirectMethodHandleAccessor.invoke(DirectMethodHandleAccessor.java:103)
	at java.base/java.lang.reflect.Method.invoke(Method.java:580)
	at org.junit.platform.commons.util.ReflectionUtils.invokeMethod(ReflectionUtils.java:775)
	at org.junit.platform.commons.support.ReflectionSupport.invokeMethod(ReflectionSupport.java:479)
	at org.junit.jupiter.engine.execution.MethodInvocation.proceed(MethodInvocation.java:60)
	at org.junit.jupiter.engine.execution.InvocationInterceptorChain$ValidatingInvocation.proceed(InvocationInterceptorChain.java:131)
	at org.junit.jupiter.engine.extension.TimeoutExtension.intercept(TimeoutExtension.java:161)
	at org.junit.jupiter.engine.extension.TimeoutExtension.interceptTestableMethod(TimeoutExtension.java:152)
	at org.junit.jupiter.engine.extension.TimeoutExtension.interceptTestMethod(TimeoutExtension.java:91)
	at org.junit.jupiter.engine.execution.InterceptingExecutableInvoker$ReflectiveInterceptorCall.lambda$ofVoidMethod$0(InterceptingExecutableInvoker.java:112)
	at org.junit.jupiter.engine.execution.InterceptingExecutableInvoker.lambda$invoke$0(InterceptingExecutableInvoker.java:94)
	at org.junit.jupiter.engine.execution.InvocationInterceptorChain$InterceptedInvocation.proceed(InvocationInterceptorChain.java:106)
	at org.junit.jupiter.engine.execution.InvocationInterceptorChain.proceed(InvocationInterceptorChain.java:64)
	at org.junit.jupiter.engine.execution.InvocationInterceptorChain.chainAndInvoke(InvocationInterceptorChain.java:45)
	at org.junit.jupiter.engine.execution.InvocationInterceptorChain.invoke(InvocationInterceptorChain.java:37)
	at org.junit.jupiter.engine.execution.InterceptingExecutableInvoker.invoke(InterceptingExecutableInvoker.java:93)
	at org.junit.jupiter.engine.execution.InterceptingExecutableInvoker.invoke(InterceptingExecutableInvoker.java:87)
	at org.junit.jupiter.engine.descriptor.TestMethodTestDescriptor.lambda$invokeTestMethod$7(TestMethodTestDescriptor.java:216)
	at org.junit.platform.engine.support.hierarchical.ThrowableCollector.execute(ThrowableCollector.java:73)
	at org.junit.jupiter.engine.descriptor.TestMethodTestDescriptor.invokeTestMethod(TestMethodTestDescriptor.java:212)
	at org.junit.jupiter.engine.descriptor.TestMethodTestDescriptor.execute(TestMethodTestDescriptor.java:137)
	at org.junit.jupiter.engine.descriptor.TestMethodTestDescriptor.execute(TestMethodTestDescriptor.java:69)
	at org.junit.platform.engine.support.hierarchical.NodeTestTask.lambda$executeRecursively$6(NodeTestTask.java:156)
	at org.junit.platform.engine.support.hierarchical.ThrowableCollector.execute(ThrowableCollector.java:73)
	at org.junit.platform.engine.support.hierarchical.NodeTestTask.lambda$executeRecursively$8(NodeTestTask.java:146)
	at org.junit.platform.engine.support.hierarchical.Node.around(Node.java:137)
	at org.junit.platform.engine.support.hierarchical.NodeTestTask.lambda$executeRecursively$9(NodeTestTask.java:144)
	at org.junit.platform.engine.support.hierarchical.ThrowableCollector.execute(ThrowableCollector.java:73)
	at org.junit.platform.engine.support.hierarchical.NodeTestTask.executeRecursively(NodeTestTask.java:143)
	at org.junit.platform.engine.support.hierarchical.NodeTestTask.execute(NodeTestTask.java:100)
	at java.base/java.util.ArrayList.forEach(ArrayList.java:1596)
	at org.junit.platform.engine.support.hierarchical.SameThreadHierarchicalTestExecutorService.invokeAll(SameThreadHierarchicalTestExecutorService.java:41)
	at org.junit.platform.engine.support.hierarchical.NodeTestTask.lambda$executeRecursively$6(NodeTestTask.java:160)
	at org.junit.platform.engine.support.hierarchical.ThrowableCollector.execute(ThrowableCollector.java:73)
	at org.junit.platform.engine.support.hierarchical.NodeTestTask.lambda$executeRecursively$8(NodeTestTask.java:146)
	at org.junit.platform.engine.support.hierarchical.Node.around(Node.java:137)
	at org.junit.platform.engine.support.hierarchical.NodeTestTask.lambda$executeRecursively$9(NodeTestTask.java:144)
	at org.junit.platform.engine.support.hierarchical.ThrowableCollector.execute(ThrowableCollector.java:73)
	at org.junit.platform.engine.support.hierarchical.NodeTestTask.executeRecursively(NodeTestTask.java:143)
	at org.junit.platform.engine.support.hierarchical.NodeTestTask.execute(NodeTestTask.java:100)
	at java.base/java.util.ArrayList.forEach(ArrayList.java:1596)
	at org.junit.platform.engine.support.hierarchical.SameThreadHierarchicalTestExecutorService.invokeAll(SameThreadHierarchicalTestExecutorService.java:41)
	at org.junit.platform.engine.support.hierarchical.NodeTestTask.lambda$executeRecursively$6(NodeTestTask.java:160)
	at org.junit.platform.engine.support.hierarchical.ThrowableCollector.execute(ThrowableCollector.java:73)
	at org.junit.platform.engine.support.hierarchical.NodeTestTask.lambda$executeRecursively$8(NodeTestTask.java:146)
	at org.junit.platform.engine.support.hierarchical.Node.around(Node.java:137)
	at org.junit.platform.engine.support.hierarchical.NodeTestTask.lambda$executeRecursively$9(NodeTestTask.java:144)
	at org.junit.platform.engine.support.hierarchical.ThrowableCollector.execute(ThrowableCollector.java:73)
	at org.junit.platform.engine.support.hierarchical.NodeTestTask.executeRecursively(NodeTestTask.java:143)
	at org.junit.platform.engine.support.hierarchical.NodeTestTask.execute(NodeTestTask.java:100)
	at org.junit.platform.engine.support.hierarchical.SameThreadHierarchicalTestExecutorService.submit(SameThreadHierarchicalTestExecutorService.java:35)
	at org.junit.platform.engine.support.hierarchical.HierarchicalTestExecutor.execute(HierarchicalTestExecutor.java:57)
	at org.junit.platform.engine.support.hierarchical.HierarchicalTestEngine.execute(HierarchicalTestEngine.java:54)
	at org.junit.platform.launcher.core.EngineExecutionOrchestrator.execute(EngineExecutionOrchestrator.java:201)
	at org.junit.platform.launcher.core.EngineExecutionOrchestrator.execute(EngineExecutionOrchestrator.java:170)
	at org.junit.platform.launcher.core.EngineExecutionOrchestrator.execute(EngineExecutionOrchestrator.java:94)
	at org.junit.platform.launcher.core.EngineExecutionOrchestrator.lambda$execute$0(EngineExecutionOrchestrator.java:59)
	at org.junit.platform.launcher.core.EngineExecutionOrchestrator.withInterceptedStreams(EngineExecutionOrchestrator.java:142)
	at org.junit.platform.launcher.core.EngineExecutionOrchestrator.execute(EngineExecutionOrchestrator.java:58)
	at org.junit.platform.launcher.core.DefaultLauncher.execute(DefaultLauncher.java:103)
	at org.junit.platform.launcher.core.DefaultLauncher.execute(DefaultLauncher.java:85)
	at org.junit.platform.launcher.core.DelegatingLauncher.execute(DelegatingLauncher.java:47)
	at org.junit.platform.launcher.core.InterceptingLauncher.lambda$execute$1(InterceptingLauncher.java:39)
	at org.junit.platform.launcher.core.ClasspathAlignmentCheckingLauncherInterceptor.intercept(ClasspathAlignmentCheckingLauncherInterceptor.java:25)
	at org.junit.platform.launcher.core.InterceptingLauncher.execute(InterceptingLauncher.java:38)
	at org.junit.platform.launcher.core.DelegatingLauncher.execute(DelegatingLauncher.java:47)
	at org.gradle.api.internal.tasks.testing.junitplatform.JUnitPlatformTestClassProcessor$CollectAllTestClassesExecutor.processAllTestClasses(JUnitPlatformTestClassProcessor.java:124)
	at org.gradle.api.internal.tasks.testing.junitplatform.JUnitPlatformTestClassProcessor$CollectAllTestClassesExecutor.access$000(JUnitPlatformTestClassProcessor.java:99)
	at org.gradle.api.internal.tasks.testing.junitplatform.JUnitPlatformTestClassProcessor.stop(JUnitPlatformTestClassProcessor.java:94)
	at org.gradle.api.internal.tasks.testing.SuiteTestClassProcessor.stop(SuiteTestClassProcessor.java:63)
	at java.base/jdk.internal.reflect.DirectMethodHandleAccessor.invoke(DirectMethodHandleAccessor.java:103)
	at java.base/java.lang.reflect.Method.invoke(Method.java:580)
	at org.gradle.internal.dispatch.ReflectionDispatch.dispatch(ReflectionDispatch.java:36)
	at org.gradle.internal.dispatch.ReflectionDispatch.dispatch(ReflectionDispatch.java:24)
	at org.gradle.internal.dispatch.ContextClassLoaderDispatch.dispatch(ContextClassLoaderDispatch.java:33)
	at org.gradle.internal.dispatch.ProxyDispatchAdapter$DispatchingInvocationHandler.invoke(ProxyDispatchAdapter.java:92)
	at jdk.proxy2/jdk.proxy2.$Proxy6.stop(Unknown Source)
	at org.gradle.api.internal.tasks.testing.worker.TestWorker$3.run(TestWorker.java:200)
	at org.gradle.api.internal.tasks.testing.worker.TestWorker.executeAndMaintainThreadName(TestWorker.java:132)
	at org.gradle.api.internal.tasks.testing.worker.TestWorker.execute(TestWorker.java:103)
	at org.gradle.api.internal.tasks.testing.worker.TestWorker.execute(TestWorker.java:63)
	at org.gradle.process.internal.worker.child.ActionExecutionWorker.execute(ActionExecutionWorker.java:56)
	at org.gradle.process.internal.worker.child.SystemApplicationClassLoaderWorker.call(SystemApplicationClassLoaderWorker.java:122)
	at org.gradle.process.internal.worker.child.SystemApplicationClassLoaderWorker.call(SystemApplicationClassLoaderWorker.java:72)
	at worker.org.gradle.process.internal.worker.GradleWorkerMain.run(GradleWorkerMain.java:69)
	at worker.org.gradle.process.internal.worker.GradleWorkerMain.main(GradleWorkerMain.java:74)
2026-01-16 18:34:54.225 [Test worker] ERROR n.f.d.b.e.GlobalExceptionHandler - Unexpected exception - message: An unexpected error occurred, type: RuntimeException
java.lang.RuntimeException: null
	at nl.fontys.db3.backend.exception.GlobalExceptionHandlerTest.handleGeneric_NullMessage_Returns500(GlobalExceptionHandlerTest.java:140)
	at java.base/jdk.internal.reflect.DirectMethodHandleAccessor.invoke(DirectMethodHandleAccessor.java:103)
	at java.base/java.lang.reflect.Method.invoke(Method.java:580)
	at org.junit.platform.commons.util.ReflectionUtils.invokeMethod(ReflectionUtils.java:775)
	at org.junit.platform.commons.support.ReflectionSupport.invokeMethod(ReflectionSupport.java:479)
	at org.junit.jupiter.engine.execution.MethodInvocation.proceed(MethodInvocation.java:60)
	at org.junit.jupiter.engine.execution.InvocationInterceptorChain$ValidatingInvocation.proceed(InvocationInterceptorChain.java:131)
	at org.junit.jupiter.engine.extension.TimeoutExtension.intercept(TimeoutExtension.java:161)
	at org.junit.jupiter.engine.extension.TimeoutExtension.interceptTestableMethod(TimeoutExtension.java:152)
	at org.junit.jupiter.engine.extension.TimeoutExtension.interceptTestMethod(TimeoutExtension.java:91)
	at org.junit.jupiter.engine.execution.InterceptingExecutableInvoker$ReflectiveInterceptorCall.lambda$ofVoidMethod$0(InterceptingExecutableInvoker.java:112)
	at org.junit.jupiter.engine.execution.InterceptingExecutableInvoker.lambda$invoke$0(InterceptingExecutableInvoker.java:94)
	at org.junit.jupiter.engine.execution.InvocationInterceptorChain$InterceptedInvocation.proceed(InvocationInterceptorChain.java:106)
	at org.junit.jupiter.engine.execution.InvocationInterceptorChain.proceed(InvocationInterceptorChain.java:64)
	at org.junit.jupiter.engine.execution.InvocationInterceptorChain.chainAndInvoke(InvocationInterceptorChain.java:45)
	at org.junit.jupiter.engine.execution.InvocationInterceptorChain.invoke(InvocationInterceptorChain.java:37)
	at org.junit.jupiter.engine.execution.InterceptingExecutableInvoker.invoke(InterceptingExecutableInvoker.java:93)
	at org.junit.jupiter.engine.execution.InterceptingExecutableInvoker.invoke(InterceptingExecutableInvoker.java:87)
	at org.junit.jupiter.engine.descriptor.TestMethodTestDescriptor.lambda$invokeTestMethod$7(TestMethodTestDescriptor.java:216)
	at org.junit.platform.engine.support.hierarchical.ThrowableCollector.execute(ThrowableCollector.java:73)
	at org.junit.jupiter.engine.descriptor.TestMethodTestDescriptor.invokeTestMethod(TestMethodTestDescriptor.java:212)
	at org.junit.jupiter.engine.descriptor.TestMethodTestDescriptor.execute(TestMethodTestDescriptor.java:137)
	at org.junit.jupiter.engine.descriptor.TestMethodTestDescriptor.execute(TestMethodTestDescriptor.java:69)
	at org.junit.platform.engine.support.hierarchical.NodeTestTask.lambda$executeRecursively$6(NodeTestTask.java:156)
	at org.junit.platform.engine.support.hierarchical.ThrowableCollector.execute(ThrowableCollector.java:73)
	at org.junit.platform.engine.support.hierarchical.NodeTestTask.lambda$executeRecursively$8(NodeTestTask.java:146)
	at org.junit.platform.engine.support.hierarchical.Node.around(Node.java:137)
	at org.junit.platform.engine.support.hierarchical.NodeTestTask.lambda$executeRecursively$9(NodeTestTask.java:144)
	at org.junit.platform.engine.support.hierarchical.ThrowableCollector.execute(ThrowableCollector.java:73)
	at org.junit.platform.engine.support.hierarchical.NodeTestTask.executeRecursively(NodeTestTask.java:143)
	at org.junit.platform.engine.support.hierarchical.NodeTestTask.execute(NodeTestTask.java:100)
	at java.base/java.util.ArrayList.forEach(ArrayList.java:1596)
	at org.junit.platform.engine.support.hierarchical.SameThreadHierarchicalTestExecutorService.invokeAll(SameThreadHierarchicalTestExecutorService.java:41)
	at org.junit.platform.engine.support.hierarchical.NodeTestTask.lambda$executeRecursively$6(NodeTestTask.java:160)
	at org.junit.platform.engine.support.hierarchical.ThrowableCollector.execute(ThrowableCollector.java:73)
	at org.junit.platform.engine.support.hierarchical.NodeTestTask.lambda$executeRecursively$8(NodeTestTask.java:146)
	at org.junit.platform.engine.support.hierarchical.Node.around(Node.java:137)
	at org.junit.platform.engine.support.hierarchical.NodeTestTask.lambda$executeRecursively$9(NodeTestTask.java:144)
	at org.junit.platform.engine.support.hierarchical.ThrowableCollector.execute(ThrowableCollector.java:73)
	at org.junit.platform.engine.support.hierarchical.NodeTestTask.executeRecursively(NodeTestTask.java:143)
	at org.junit.platform.engine.support.hierarchical.NodeTestTask.execute(NodeTestTask.java:100)
	at java.base/java.util.ArrayList.forEach(ArrayList.java:1596)
	at org.junit.platform.engine.support.hierarchical.SameThreadHierarchicalTestExecutorService.invokeAll(SameThreadHierarchicalTestExecutorService.java:41)
	at org.junit.platform.engine.support.hierarchical.NodeTestTask.lambda$executeRecursively$6(NodeTestTask.java:160)
	at org.junit.platform.engine.support.hierarchical.ThrowableCollector.execute(ThrowableCollector.java:73)
	at org.junit.platform.engine.support.hierarchical.NodeTestTask.lambda$executeRecursively$8(NodeTestTask.java:146)
	at org.junit.platform.engine.support.hierarchical.Node.around(Node.java:137)
	at org.junit.platform.engine.support.hierarchical.NodeTestTask.lambda$executeRecursively$9(NodeTestTask.java:144)
	at org.junit.platform.engine.support.hierarchical.ThrowableCollector.execute(ThrowableCollector.java:73)
	at org.junit.platform.engine.support.hierarchical.NodeTestTask.executeRecursively(NodeTestTask.java:143)
	at org.junit.platform.engine.support.hierarchical.NodeTestTask.execute(NodeTestTask.java:100)
	at org.junit.platform.engine.support.hierarchical.SameThreadHierarchicalTestExecutorService.submit(SameThreadHierarchicalTestExecutorService.java:35)
	at org.junit.platform.engine.support.hierarchical.HierarchicalTestExecutor.execute(HierarchicalTestExecutor.java:57)
	at org.junit.platform.engine.support.hierarchical.HierarchicalTestEngine.execute(HierarchicalTestEngine.java:54)
	at org.junit.platform.launcher.core.EngineExecutionOrchestrator.execute(EngineExecutionOrchestrator.java:201)
	at org.junit.platform.launcher.core.EngineExecutionOrchestrator.execute(EngineExecutionOrchestrator.java:170)
	at org.junit.platform.launcher.core.EngineExecutionOrchestrator.execute(EngineExecutionOrchestrator.java:94)
	at org.junit.platform.launcher.core.EngineExecutionOrchestrator.lambda$execute$0(EngineExecutionOrchestrator.java:59)
	at org.junit.platform.launcher.core.EngineExecutionOrchestrator.withInterceptedStreams(EngineExecutionOrchestrator.java:142)
	at org.junit.platform.launcher.core.EngineExecutionOrchestrator.execute(EngineExecutionOrchestrator.java:58)
	at org.junit.platform.launcher.core.DefaultLauncher.execute(DefaultLauncher.java:103)
	at org.junit.platform.launcher.core.DefaultLauncher.execute(DefaultLauncher.java:85)
	at org.junit.platform.launcher.core.DelegatingLauncher.execute(DelegatingLauncher.java:47)
	at org.junit.platform.launcher.core.InterceptingLauncher.lambda$execute$1(InterceptingLauncher.java:39)
	at org.junit.platform.launcher.core.ClasspathAlignmentCheckingLauncherInterceptor.intercept(ClasspathAlignmentCheckingLauncherInterceptor.java:25)
	at org.junit.platform.launcher.core.InterceptingLauncher.execute(InterceptingLauncher.java:38)
	at org.junit.platform.launcher.core.DelegatingLauncher.execute(DelegatingLauncher.java:47)
	at org.gradle.api.internal.tasks.testing.junitplatform.JUnitPlatformTestClassProcessor$CollectAllTestClassesExecutor.processAllTestClasses(JUnitPlatformTestClassProcessor.java:124)
	at org.gradle.api.internal.tasks.testing.junitplatform.JUnitPlatformTestClassProcessor$CollectAllTestClassesExecutor.access$000(JUnitPlatformTestClassProcessor.java:99)
	at org.gradle.api.internal.tasks.testing.junitplatform.JUnitPlatformTestClassProcessor.stop(JUnitPlatformTestClassProcessor.java:94)
	at org.gradle.api.internal.tasks.testing.SuiteTestClassProcessor.stop(SuiteTestClassProcessor.java:63)
	at java.base/jdk.internal.reflect.DirectMethodHandleAccessor.invoke(DirectMethodHandleAccessor.java:103)
	at java.base/java.lang.reflect.Method.invoke(Method.java:580)
	at org.gradle.internal.dispatch.ReflectionDispatch.dispatch(ReflectionDispatch.java:36)
	at org.gradle.internal.dispatch.ReflectionDispatch.dispatch(ReflectionDispatch.java:24)
	at org.gradle.internal.dispatch.ContextClassLoaderDispatch.dispatch(ContextClassLoaderDispatch.java:33)
	at org.gradle.internal.dispatch.ProxyDispatchAdapter$DispatchingInvocationHandler.invoke(ProxyDispatchAdapter.java:92)
	at jdk.proxy2/jdk.proxy2.$Proxy6.stop(Unknown Source)
	at org.gradle.api.internal.tasks.testing.worker.TestWorker$3.run(TestWorker.java:200)
	at org.gradle.api.internal.tasks.testing.worker.TestWorker.executeAndMaintainThreadName(TestWorker.java:132)
	at org.gradle.api.internal.tasks.testing.worker.TestWorker.execute(TestWorker.java:103)
	at org.gradle.api.internal.tasks.testing.worker.TestWorker.execute(TestWorker.java:63)
	at org.gradle.process.internal.worker.child.ActionExecutionWorker.execute(ActionExecutionWorker.java:56)
	at org.gradle.process.internal.worker.child.SystemApplicationClassLoaderWorker.call(SystemApplicationClassLoaderWorker.java:122)
	at org.gradle.process.internal.worker.child.SystemApplicationClassLoaderWorker.call(SystemApplicationClassLoaderWorker.java:72)
	at worker.org.gradle.process.internal.worker.GradleWorkerMain.run(GradleWorkerMain.java:69)
	at worker.org.gradle.process.internal.worker.GradleWorkerMain.main(GradleWorkerMain.java:74)
2026-01-16 18:34:54.229 [Test worker] WARN  n.f.d.b.e.GlobalExceptionHandler - Illegal argument treated as not found - message: Entity not found in database
2026-01-16 18:34:54.231 [Test worker] INFO  o.s.t.c.s.AnnotationConfigContextLoaderUtils - Could not detect default configuration classes for test class [nl.fontys.db3.backend.integration.controller.FriendshipControllerIT]: FriendshipControllerIT does not declare any static, non-private, non-final, nested classes annotated with @Configuration.
2026-01-16 18:34:54.252 [Test worker] INFO  o.s.b.t.c.SpringBootTestContextBootstrapper - Found @SpringBootConfiguration nl.fontys.db3.backend.BackendApplication for test class nl.fontys.db3.backend.integration.controller.FriendshipControllerIT
2026-01-16 18:34:54.260 [Test worker] DEBUG org.hibernate.SQL - select r1_0.id,r1_0.name from role r1_0 where r1_0.name=?
2026-01-16 18:34:54.264 [Test worker] DEBUG org.hibernate.SQL - insert into role (name) values (?)
2026-01-16 18:34:54.267 [Test worker] DEBUG org.hibernate.SQL - insert into app_user (avatar_id,background_id,created_at,email,name,password,role_id,username) values (?,?,?,?,?,?,?,?)
2026-01-16 18:34:54.270 [Test worker] DEBUG org.hibernate.SQL - insert into app_user (avatar_id,background_id,created_at,email,name,password,role_id,username) values (?,?,?,?,?,?,?,?)
2026-01-16 18:34:54.274 [Test worker] DEBUG org.hibernate.SQL - insert into app_user (avatar_id,background_id,created_at,email,name,password,role_id,username) values (?,?,?,?,?,?,?,?)
2026-01-16 18:34:54.277 [Test worker] DEBUG org.hibernate.SQL - select u1_0.id,u1_0.avatar_id,u1_0.background_id,u1_0.created_at,u1_0.email,u1_0.name,u1_0.password,u1_0.role_id,u1_0.username from app_user u1_0 where u1_0.email=?
2026-01-16 18:34:54.296 [Test worker] DEBUG org.hibernate.SQL - select r1_0.id,r1_0.name from role r1_0 where r1_0.name=?
2026-01-16 18:34:54.299 [Test worker] DEBUG org.hibernate.SQL - insert into role (name) values (?)
2026-01-16 18:34:54.300 [Test worker] DEBUG org.hibernate.SQL - insert into app_user (avatar_id,background_id,created_at,email,name,password,role_id,username) values (?,?,?,?,?,?,?,?)
2026-01-16 18:34:54.303 [Test worker] DEBUG org.hibernate.SQL - insert into app_user (avatar_id,background_id,created_at,email,name,password,role_id,username) values (?,?,?,?,?,?,?,?)
2026-01-16 18:34:54.306 [Test worker] DEBUG org.hibernate.SQL - insert into app_user (avatar_id,background_id,created_at,email,name,password,role_id,username) values (?,?,?,?,?,?,?,?)
2026-01-16 18:34:54.309 [Test worker] DEBUG org.hibernate.SQL - select u1_0.id,u1_0.avatar_id,u1_0.background_id,u1_0.created_at,u1_0.email,u1_0.name,u1_0.password,u1_0.role_id,u1_0.username from app_user u1_0 where u1_0.email=?
2026-01-16 18:34:54.313 [Test worker] DEBUG org.hibernate.SQL - insert into friendship (addressee_id,created_at,requester_id,status) values (?,?,?,?)
2026-01-16 18:34:54.315 [Test worker] DEBUG org.hibernate.SQL - insert into friendship (addressee_id,created_at,requester_id,status) values (?,?,?,?)
2026-01-16 18:34:54.320 [Test worker] DEBUG org.hibernate.SQL - select u1_0.id,u1_0.avatar_id,u1_0.background_id,u1_0.created_at,u1_0.email,u1_0.name,u1_0.password,u1_0.role_id,u1_0.username from app_user u1_0 where u1_0.email=?
2026-01-16 18:34:54.324 [Test worker] DEBUG org.hibernate.SQL - select u1_0.id,u1_0.avatar_id,u1_0.background_id,u1_0.created_at,u1_0.email,u1_0.name,u1_0.password,u1_0.role_id,u1_0.username from app_user u1_0 where u1_0.email=?
2026-01-16 18:34:54.327 [Test worker] DEBUG org.hibernate.SQL - select f1_0.id,f1_0.addressee_id,f1_0.created_at,f1_0.requester_id,f1_0.status from friendship f1_0 join app_user a1_0 on a1_0.id=f1_0.addressee_id where a1_0.id=? and f1_0.status=?
2026-01-16 18:34:54.338 [Test worker] DEBUG org.hibernate.SQL - select r1_0.id,r1_0.name from role r1_0 where r1_0.name=?
2026-01-16 18:34:54.341 [Test worker] DEBUG org.hibernate.SQL - insert into role (name) values (?)
2026-01-16 18:34:54.342 [Test worker] DEBUG org.hibernate.SQL - insert into app_user (avatar_id,background_id,created_at,email,name,password,role_id,username) values (?,?,?,?,?,?,?,?)
2026-01-16 18:34:54.345 [Test worker] DEBUG org.hibernate.SQL - insert into app_user (avatar_id,background_id,created_at,email,name,password,role_id,username) values (?,?,?,?,?,?,?,?)
2026-01-16 18:34:54.348 [Test worker] DEBUG org.hibernate.SQL - insert into app_user (avatar_id,background_id,created_at,email,name,password,role_id,username) values (?,?,?,?,?,?,?,?)
2026-01-16 18:34:54.351 [Test worker] DEBUG org.hibernate.SQL - select u1_0.id,u1_0.avatar_id,u1_0.background_id,u1_0.created_at,u1_0.email,u1_0.name,u1_0.password,u1_0.role_id,u1_0.username from app_user u1_0 where u1_0.email=?
2026-01-16 18:34:54.354 [Test worker] DEBUG org.hibernate.SQL - insert into friendship (addressee_id,created_at,requester_id,status) values (?,?,?,?)
2026-01-16 18:34:54.358 [Test worker] DEBUG org.hibernate.SQL - select u1_0.id,u1_0.avatar_id,u1_0.background_id,u1_0.created_at,u1_0.email,u1_0.name,u1_0.password,u1_0.role_id,u1_0.username from app_user u1_0 where u1_0.email=?
2026-01-16 18:34:54.363 [Test worker] DEBUG org.hibernate.SQL - select u1_0.id,u1_0.avatar_id,u1_0.background_id,u1_0.created_at,u1_0.email,u1_0.name,u1_0.password,u1_0.role_id,u1_0.username from app_user u1_0 where u1_0.email=?
2026-01-16 18:34:54.365 [Test worker] DEBUG org.hibernate.SQL - select u1_0.id,u1_0.avatar_id,u1_0.background_id,u1_0.created_at,u1_0.email,u1_0.name,u1_0.password,u1_0.role_id,u1_0.username from app_user u1_0 where u1_0.username=?
2026-01-16 18:34:54.367 [Test worker] DEBUG org.hibernate.SQL - select f1_0.id,f1_0.addressee_id,f1_0.created_at,f1_0.requester_id,f1_0.status from friendship f1_0 where (f1_0.requester_id=? and f1_0.addressee_id=?) or (f1_0.requester_id=? and f1_0.addressee_id=?)
2026-01-16 18:34:54.378 [Test worker] DEBUG org.hibernate.SQL - select r1_0.id,r1_0.name from role r1_0 where r1_0.name=?
2026-01-16 18:34:54.380 [Test worker] DEBUG org.hibernate.SQL - insert into role (name) values (?)
2026-01-16 18:34:54.382 [Test worker] DEBUG org.hibernate.SQL - insert into app_user (avatar_id,background_id,created_at,email,name,password,role_id,username) values (?,?,?,?,?,?,?,?)
2026-01-16 18:34:54.385 [Test worker] DEBUG org.hibernate.SQL - insert into app_user (avatar_id,background_id,created_at,email,name,password,role_id,username) values (?,?,?,?,?,?,?,?)
2026-01-16 18:34:54.388 [Test worker] DEBUG org.hibernate.SQL - insert into app_user (avatar_id,background_id,created_at,email,name,password,role_id,username) values (?,?,?,?,?,?,?,?)
2026-01-16 18:34:54.391 [Test worker] DEBUG org.hibernate.SQL - select u1_0.id,u1_0.avatar_id,u1_0.background_id,u1_0.created_at,u1_0.email,u1_0.name,u1_0.password,u1_0.role_id,u1_0.username from app_user u1_0 where u1_0.email=?
2026-01-16 18:34:54.394 [Test worker] DEBUG org.hibernate.SQL - insert into friendship (addressee_id,created_at,requester_id,status) values (?,?,?,?)
2026-01-16 18:34:54.399 [Test worker] DEBUG org.hibernate.SQL - select u1_0.id,u1_0.avatar_id,u1_0.background_id,u1_0.created_at,u1_0.email,u1_0.name,u1_0.password,u1_0.role_id,u1_0.username from app_user u1_0 where u1_0.email=?
2026-01-16 18:34:54.405 [Test worker] DEBUG org.hibernate.SQL - select u1_0.id,u1_0.avatar_id,u1_0.background_id,u1_0.created_at,u1_0.email,u1_0.name,u1_0.password,u1_0.role_id,u1_0.username from app_user u1_0 where u1_0.email=?
2026-01-16 18:34:54.408 [Test worker] DEBUG org.hibernate.SQL - select u1_0.id,u1_0.avatar_id,u1_0.background_id,u1_0.created_at,u1_0.email,u1_0.name,u1_0.password,u1_0.role_id,u1_0.username from app_user u1_0 where u1_0.username=?
2026-01-16 18:34:54.411 [Test worker] DEBUG org.hibernate.SQL - select f1_0.id,f1_0.addressee_id,f1_0.created_at,f1_0.requester_id,f1_0.status from friendship f1_0 where (f1_0.requester_id=? and f1_0.addressee_id=?) or (f1_0.requester_id=? and f1_0.addressee_id=?)
2026-01-16 18:34:54.422 [Test worker] DEBUG org.hibernate.SQL - select r1_0.id,r1_0.name from role r1_0 where r1_0.name=?
2026-01-16 18:34:54.425 [Test worker] DEBUG org.hibernate.SQL - insert into role (name) values (?)
2026-01-16 18:34:54.427 [Test worker] DEBUG org.hibernate.SQL - insert into app_user (avatar_id,background_id,created_at,email,name,password,role_id,username) values (?,?,?,?,?,?,?,?)
2026-01-16 18:34:54.429 [Test worker] DEBUG org.hibernate.SQL - insert into app_user (avatar_id,background_id,created_at,email,name,password,role_id,username) values (?,?,?,?,?,?,?,?)
2026-01-16 18:34:54.433 [Test worker] DEBUG org.hibernate.SQL - insert into app_user (avatar_id,background_id,created_at,email,name,password,role_id,username) values (?,?,?,?,?,?,?,?)
2026-01-16 18:34:54.438 [Test worker] DEBUG org.hibernate.SQL - select u1_0.id,u1_0.avatar_id,u1_0.background_id,u1_0.created_at,u1_0.email,u1_0.name,u1_0.password,u1_0.role_id,u1_0.username from app_user u1_0 where u1_0.email=?
2026-01-16 18:34:54.442 [Test worker] DEBUG org.hibernate.SQL - insert into friendship (addressee_id,created_at,requester_id,status) values (?,?,?,?)
2026-01-16 18:34:54.445 [Test worker] DEBUG org.hibernate.SQL - insert into friendship (addressee_id,created_at,requester_id,status) values (?,?,?,?)
2026-01-16 18:34:54.451 [Test worker] DEBUG org.hibernate.SQL - select u1_0.id,u1_0.avatar_id,u1_0.background_id,u1_0.created_at,u1_0.email,u1_0.name,u1_0.password,u1_0.role_id,u1_0.username from app_user u1_0 where u1_0.email=?
2026-01-16 18:34:54.455 [Test worker] DEBUG org.hibernate.SQL - select u1_0.id,u1_0.avatar_id,u1_0.background_id,u1_0.created_at,u1_0.email,u1_0.name,u1_0.password,u1_0.role_id,u1_0.username from app_user u1_0 where u1_0.email=?
2026-01-16 18:34:54.458 [Test worker] DEBUG org.hibernate.SQL - select f1_0.id,f1_0.addressee_id,f1_0.created_at,f1_0.requester_id,f1_0.status from friendship f1_0 join app_user r1_0 on r1_0.id=f1_0.requester_id where r1_0.id=? and f1_0.status=?
2026-01-16 18:34:54.470 [Test worker] DEBUG org.hibernate.SQL - select r1_0.id,r1_0.name from role r1_0 where r1_0.name=?
2026-01-16 18:34:54.472 [Test worker] DEBUG org.hibernate.SQL - insert into role (name) values (?)
2026-01-16 18:34:54.474 [Test worker] DEBUG org.hibernate.SQL - insert into app_user (avatar_id,background_id,created_at,email,name,password,role_id,username) values (?,?,?,?,?,?,?,?)
2026-01-16 18:34:54.478 [Test worker] DEBUG org.hibernate.SQL - insert into app_user (avatar_id,background_id,created_at,email,name,password,role_id,username) values (?,?,?,?,?,?,?,?)
2026-01-16 18:34:54.480 [Test worker] DEBUG org.hibernate.SQL - insert into app_user (avatar_id,background_id,created_at,email,name,password,role_id,username) values (?,?,?,?,?,?,?,?)
2026-01-16 18:34:54.483 [Test worker] DEBUG org.hibernate.SQL - select u1_0.id,u1_0.avatar_id,u1_0.background_id,u1_0.created_at,u1_0.email,u1_0.name,u1_0.password,u1_0.role_id,u1_0.username from app_user u1_0 where u1_0.email=?
2026-01-16 18:34:54.486 [Test worker] DEBUG org.hibernate.SQL - insert into friendship (addressee_id,created_at,requester_id,status) values (?,?,?,?)
2026-01-16 18:34:54.489 [Test worker] DEBUG org.hibernate.SQL - insert into friendship (addressee_id,created_at,requester_id,status) values (?,?,?,?)
2026-01-16 18:34:54.497 [Test worker] DEBUG org.hibernate.SQL - select u1_0.id,u1_0.avatar_id,u1_0.background_id,u1_0.created_at,u1_0.email,u1_0.name,u1_0.password,u1_0.role_id,u1_0.username from app_user u1_0 where u1_0.username=?
2026-01-16 18:34:54.502 [Test worker] DEBUG org.hibernate.SQL - select f1_0.id,f1_0.addressee_id,f1_0.created_at,f1_0.requester_id,f1_0.status from friendship f1_0 join app_user r1_0 on r1_0.id=f1_0.requester_id join app_user a1_0 on a1_0.id=f1_0.addressee_id where f1_0.status=? and r1_0.id=? or f1_0.status=? and a1_0.id=?
2026-01-16 18:34:54.515 [Test worker] DEBUG org.hibernate.SQL - select r1_0.id,r1_0.name from role r1_0 where r1_0.name=?
2026-01-16 18:34:54.518 [Test worker] DEBUG org.hibernate.SQL - insert into role (name) values (?)
2026-01-16 18:34:54.521 [Test worker] DEBUG org.hibernate.SQL - insert into app_user (avatar_id,background_id,created_at,email,name,password,role_id,username) values (?,?,?,?,?,?,?,?)
2026-01-16 18:34:54.524 [Test worker] DEBUG org.hibernate.SQL - insert into app_user (avatar_id,background_id,created_at,email,name,password,role_id,username) values (?,?,?,?,?,?,?,?)
2026-01-16 18:34:54.527 [Test worker] DEBUG org.hibernate.SQL - insert into app_user (avatar_id,background_id,created_at,email,name,password,role_id,username) values (?,?,?,?,?,?,?,?)
2026-01-16 18:34:54.531 [Test worker] DEBUG org.hibernate.SQL - select u1_0.id,u1_0.avatar_id,u1_0.background_id,u1_0.created_at,u1_0.email,u1_0.name,u1_0.password,u1_0.role_id,u1_0.username from app_user u1_0 where u1_0.email=?
2026-01-16 18:34:54.537 [Test worker] DEBUG org.hibernate.SQL - select u1_0.id,u1_0.avatar_id,u1_0.background_id,u1_0.created_at,u1_0.email,u1_0.name,u1_0.password,u1_0.role_id,u1_0.username from app_user u1_0 where u1_0.email=?
2026-01-16 18:34:54.543 [Test worker] DEBUG org.hibernate.SQL - select u1_0.id,u1_0.avatar_id,u1_0.background_id,u1_0.created_at,u1_0.email,u1_0.name,u1_0.password,u1_0.role_id,u1_0.username from app_user u1_0 where u1_0.email=?
2026-01-16 18:34:54.546 [Test worker] DEBUG org.hibernate.SQL - select u1_0.id,u1_0.avatar_id,u1_0.background_id,u1_0.created_at,u1_0.email,u1_0.name,u1_0.password,u1_0.role_id,u1_0.username from app_user u1_0 where u1_0.username=?
2026-01-16 18:34:54.549 [Test worker] DEBUG org.hibernate.SQL - select f1_0.id,f1_0.addressee_id,f1_0.created_at,f1_0.requester_id,f1_0.status from friendship f1_0 where (f1_0.requester_id=? and f1_0.addressee_id=?) or (f1_0.requester_id=? and f1_0.addressee_id=?)
2026-01-16 18:34:54.551 [Test worker] DEBUG org.hibernate.SQL - insert into friendship (addressee_id,created_at,requester_id,status) values (?,?,?,?)
2026-01-16 18:34:54.565 [Test worker] DEBUG org.hibernate.SQL - select r1_0.id,r1_0.name from role r1_0 where r1_0.name=?
2026-01-16 18:34:54.567 [Test worker] DEBUG org.hibernate.SQL - insert into role (name) values (?)
2026-01-16 18:34:54.571 [Test worker] DEBUG org.hibernate.SQL - insert into app_user (avatar_id,background_id,created_at,email,name,password,role_id,username) values (?,?,?,?,?,?,?,?)
2026-01-16 18:34:54.573 [Test worker] DEBUG org.hibernate.SQL - insert into app_user (avatar_id,background_id,created_at,email,name,password,role_id,username) values (?,?,?,?,?,?,?,?)
2026-01-16 18:34:54.577 [Test worker] DEBUG org.hibernate.SQL - insert into app_user (avatar_id,background_id,created_at,email,name,password,role_id,username) values (?,?,?,?,?,?,?,?)
2026-01-16 18:34:54.580 [Test worker] DEBUG org.hibernate.SQL - select u1_0.id,u1_0.avatar_id,u1_0.background_id,u1_0.created_at,u1_0.email,u1_0.name,u1_0.password,u1_0.role_id,u1_0.username from app_user u1_0 where u1_0.email=?
2026-01-16 18:34:54.583 [Test worker] DEBUG org.hibernate.SQL - insert into friendship (addressee_id,created_at,requester_id,status) values (?,?,?,?)
2026-01-16 18:34:54.586 [Test worker] DEBUG org.hibernate.SQL - insert into friendship (addressee_id,created_at,requester_id,status) values (?,?,?,?)
2026-01-16 18:34:54.592 [Test worker] DEBUG org.hibernate.SQL - select u1_0.id,u1_0.avatar_id,u1_0.background_id,u1_0.created_at,u1_0.email,u1_0.name,u1_0.password,u1_0.role_id,u1_0.username from app_user u1_0 where u1_0.email=?
2026-01-16 18:34:54.598 [Test worker] DEBUG org.hibernate.SQL - select u1_0.id,u1_0.avatar_id,u1_0.background_id,u1_0.created_at,u1_0.email,u1_0.name,u1_0.password,u1_0.role_id,u1_0.username from app_user u1_0 where u1_0.email=?
2026-01-16 18:34:54.604 [Test worker] DEBUG org.hibernate.SQL - select f1_0.id,f1_0.addressee_id,f1_0.created_at,f1_0.requester_id,f1_0.status from friendship f1_0 join app_user r1_0 on r1_0.id=f1_0.requester_id join app_user a1_0 on a1_0.id=f1_0.addressee_id where f1_0.status=? and r1_0.id=? or f1_0.status=? and a1_0.id=?
2026-01-16 18:34:54.619 [Test worker] DEBUG org.hibernate.SQL - select r1_0.id,r1_0.name from role r1_0 where r1_0.name=?
2026-01-16 18:34:54.622 [Test worker] DEBUG org.hibernate.SQL - insert into role (name) values (?)
2026-01-16 18:34:54.624 [Test worker] DEBUG org.hibernate.SQL - insert into app_user (avatar_id,background_id,created_at,email,name,password,role_id,username) values (?,?,?,?,?,?,?,?)
2026-01-16 18:34:54.630 [Test worker] DEBUG org.hibernate.SQL - insert into app_user (avatar_id,background_id,created_at,email,name,password,role_id,username) values (?,?,?,?,?,?,?,?)
2026-01-16 18:34:54.634 [Test worker] DEBUG org.hibernate.SQL - insert into app_user (avatar_id,background_id,created_at,email,name,password,role_id,username) values (?,?,?,?,?,?,?,?)
2026-01-16 18:34:54.639 [Test worker] DEBUG org.hibernate.SQL - select u1_0.id,u1_0.avatar_id,u1_0.background_id,u1_0.created_at,u1_0.email,u1_0.name,u1_0.password,u1_0.role_id,u1_0.username from app_user u1_0 where u1_0.email=?
2026-01-16 18:34:54.644 [Test worker] DEBUG org.hibernate.SQL - insert into friendship (addressee_id,created_at,requester_id,status) values (?,?,?,?)
2026-01-16 18:34:54.652 [Test worker] DEBUG org.hibernate.SQL - select u1_0.id,u1_0.avatar_id,u1_0.background_id,u1_0.created_at,u1_0.email,u1_0.name,u1_0.password,u1_0.role_id,u1_0.username from app_user u1_0 where u1_0.email=?
2026-01-16 18:34:54.659 [Test worker] DEBUG org.hibernate.SQL - select u1_0.id,u1_0.avatar_id,u1_0.background_id,u1_0.created_at,u1_0.email,u1_0.name,u1_0.password,u1_0.role_id,u1_0.username from app_user u1_0 where u1_0.email=?
2026-01-16 18:34:54.663 [Test worker] DEBUG org.hibernate.SQL - select u1_0.id,u1_0.avatar_id,u1_0.background_id,u1_0.created_at,u1_0.email,u1_0.name,u1_0.password,u1_0.role_id,u1_0.username from app_user u1_0 where u1_0.username=?
2026-01-16 18:34:54.666 [Test worker] DEBUG org.hibernate.SQL - select f1_0.id,f1_0.addressee_id,f1_0.created_at,f1_0.requester_id,f1_0.status from friendship f1_0 where (f1_0.requester_id=? and f1_0.addressee_id=?) or (f1_0.requester_id=? and f1_0.addressee_id=?)
2026-01-16 18:34:54.682 [Test worker] DEBUG org.hibernate.SQL - select r1_0.id,r1_0.name from role r1_0 where r1_0.name=?
2026-01-16 18:34:54.685 [Test worker] DEBUG org.hibernate.SQL - insert into role (name) values (?)
2026-01-16 18:34:54.688 [Test worker] DEBUG org.hibernate.SQL - insert into app_user (avatar_id,background_id,created_at,email,name,password,role_id,username) values (?,?,?,?,?,?,?,?)
2026-01-16 18:34:54.691 [Test worker] DEBUG org.hibernate.SQL - insert into app_user (avatar_id,background_id,created_at,email,name,password,role_id,username) values (?,?,?,?,?,?,?,?)
2026-01-16 18:34:54.694 [Test worker] DEBUG org.hibernate.SQL - insert into app_user (avatar_id,background_id,created_at,email,name,password,role_id,username) values (?,?,?,?,?,?,?,?)
2026-01-16 18:34:54.699 [Test worker] DEBUG org.hibernate.SQL - select u1_0.id,u1_0.avatar_id,u1_0.background_id,u1_0.created_at,u1_0.email,u1_0.name,u1_0.password,u1_0.role_id,u1_0.username from app_user u1_0 where u1_0.email=?
2026-01-16 18:34:54.702 [Test worker] DEBUG org.hibernate.SQL - insert into friendship (addressee_id,created_at,requester_id,status) values (?,?,?,?)
2026-01-16 18:34:54.707 [Test worker] DEBUG org.hibernate.SQL - select u1_0.id,u1_0.avatar_id,u1_0.background_id,u1_0.created_at,u1_0.email,u1_0.name,u1_0.password,u1_0.role_id,u1_0.username from app_user u1_0 where u1_0.email=?
2026-01-16 18:34:54.711 [Test worker] DEBUG org.hibernate.SQL - select u1_0.id,u1_0.avatar_id,u1_0.background_id,u1_0.created_at,u1_0.email,u1_0.name,u1_0.password,u1_0.role_id,u1_0.username from app_user u1_0 where u1_0.email=?
2026-01-16 18:34:54.714 [Test worker] DEBUG org.hibernate.SQL - select u1_0.id,u1_0.avatar_id,u1_0.background_id,u1_0.created_at,u1_0.email,u1_0.name,u1_0.password,u1_0.role_id,u1_0.username from app_user u1_0 where u1_0.username=?
2026-01-16 18:34:54.716 [Test worker] DEBUG org.hibernate.SQL - select f1_0.id,f1_0.addressee_id,f1_0.created_at,f1_0.requester_id,f1_0.status from friendship f1_0 where (f1_0.requester_id=? and f1_0.addressee_id=?) or (f1_0.requester_id=? and f1_0.addressee_id=?)
2026-01-16 18:34:54.724 [Test worker] INFO  o.s.t.c.s.AnnotationConfigContextLoaderUtils - Could not detect default configuration classes for test class [nl.fontys.db3.backend.integration.controller.HazardReportControllerIT]: HazardReportControllerIT does not declare any static, non-private, non-final, nested classes annotated with @Configuration.
2026-01-16 18:34:54.727 [Test worker] INFO  o.s.b.t.c.SpringBootTestContextBootstrapper - Found @SpringBootConfiguration nl.fontys.db3.backend.BackendApplication for test class nl.fontys.db3.backend.integration.controller.HazardReportControllerIT
2026-01-16 18:34:54.733 [Test worker] DEBUG org.hibernate.SQL - select r1_0.id,r1_0.name from role r1_0 where r1_0.name=?
2026-01-16 18:34:54.738 [Test worker] DEBUG org.hibernate.SQL - insert into role (name) values (?)
2026-01-16 18:34:54.816 [Test worker] DEBUG org.hibernate.SQL - insert into app_user (avatar_id,background_id,created_at,email,name,password,role_id,username) values (?,?,?,?,?,?,?,?)
2026-01-16 18:34:54.820 [Test worker] DEBUG org.hibernate.SQL - insert into hazard_category (active,icon_path,name) values (?,?,?)
2026-01-16 18:34:54.823 [Test worker] DEBUG org.hibernate.SQL - select u1_0.id,u1_0.avatar_id,u1_0.background_id,u1_0.created_at,u1_0.email,u1_0.name,u1_0.password,u1_0.role_id,u1_0.username from app_user u1_0 where u1_0.email=?
2026-01-16 18:34:54.829 [Test worker] DEBUG org.hibernate.SQL - select u1_0.id,u1_0.avatar_id,u1_0.background_id,u1_0.created_at,u1_0.email,u1_0.name,u1_0.password,u1_0.role_id,u1_0.username from app_user u1_0 where u1_0.email=?
2026-01-16 18:34:54.832 [Test worker] INFO  n.f.d.b.c.HazardReportController - Creating hazard - email: reporter@test.com, categoryId: 1859, lat: 51.4416, lng: 5.4697
2026-01-16 18:34:54.833 [Test worker] INFO  n.f.d.backend.service.HazardService - Creating hazard - creatorEmail: reporter@test.com, categoryId: 1859, lat: 51.4416, lng: 5.4697
2026-01-16 18:34:54.835 [Test worker] DEBUG org.hibernate.SQL - select u1_0.id,u1_0.avatar_id,u1_0.background_id,u1_0.created_at,u1_0.email,u1_0.name,u1_0.password,u1_0.role_id,u1_0.username from app_user u1_0 where u1_0.email=?
2026-01-16 18:34:54.837 [Test worker] DEBUG org.hibernate.SQL - insert into hazard_report (category_id,created_at,created_by_id,latitude,longitude,status) values (?,?,?,?,?,?)
2026-01-16 18:34:54.841 [Test worker] DEBUG org.hibernate.SQL - select s1_0.id from "statistics" s1_0 join app_user u1_0 on u1_0.id=s1_0.user_id where u1_0.id=? fetch first ? rows only
2026-01-16 18:34:54.844 [Test worker] DEBUG org.hibernate.SQL - insert into "statistics" (total_distance_km,total_hazards_reported,total_trips,total_votes,user_id) values (?,?,?,?,?)
2026-01-16 18:34:54.847 [Test worker] DEBUG org.hibernate.SQL - update "statistics" s1_0 set total_hazards_reported=(s1_0.total_hazards_reported+1) where s1_0.user_id=?
2026-01-16 18:34:54.849 [Test worker] INFO  n.f.d.backend.service.HazardService - Hazard created successfully - hazardId: 1679, userId: 8323, category: Pothole
2026-01-16 18:34:54.849 [Test worker] INFO  n.f.d.b.c.HazardReportController - Hazard created successfully - hazardId: 1679, email: reporter@test.com
2026-01-16 18:34:54.861 [Test worker] DEBUG org.hibernate.SQL - select r1_0.id,r1_0.name from role r1_0 where r1_0.name=?
2026-01-16 18:34:54.863 [Test worker] DEBUG org.hibernate.SQL - insert into role (name) values (?)
2026-01-16 18:34:54.938 [Test worker] DEBUG org.hibernate.SQL - insert into app_user (avatar_id,background_id,created_at,email,name,password,role_id,username) values (?,?,?,?,?,?,?,?)
2026-01-16 18:34:54.943 [Test worker] DEBUG org.hibernate.SQL - insert into hazard_category (active,icon_path,name) values (?,?,?)
2026-01-16 18:34:54.948 [Test worker] DEBUG org.hibernate.SQL - select u1_0.id,u1_0.avatar_id,u1_0.background_id,u1_0.created_at,u1_0.email,u1_0.name,u1_0.password,u1_0.role_id,u1_0.username from app_user u1_0 where u1_0.email=?
2026-01-16 18:34:54.951 [Test worker] DEBUG org.hibernate.SQL - insert into hazard_report (category_id,created_at,created_by_id,latitude,longitude,status) values (?,?,?,?,?,?)
2026-01-16 18:34:54.955 [Test worker] DEBUG org.hibernate.SQL - insert into hazard_report (category_id,created_at,created_by_id,latitude,longitude,status) values (?,?,?,?,?,?)
2026-01-16 18:34:55.026 [Test worker] DEBUG org.hibernate.SQL - insert into app_user (avatar_id,background_id,created_at,email,name,password,role_id,username) values (?,?,?,?,?,?,?,?)
2026-01-16 18:34:55.030 [Test worker] DEBUG org.hibernate.SQL - insert into hazard_report (category_id,created_at,created_by_id,latitude,longitude,status) values (?,?,?,?,?,?)
2026-01-16 18:34:55.036 [Test worker] DEBUG org.hibernate.SQL - select u1_0.id from app_user u1_0 where u1_0.username=? fetch first ? rows only
2026-01-16 18:34:55.038 [Test worker] DEBUG org.hibernate.SQL - select hr1_0.id,hr1_0.category_id,hr1_0.created_at,hr1_0.created_by_id,hr1_0.latitude,hr1_0.longitude,hr1_0.status from hazard_report hr1_0 left join app_user cb1_0 on cb1_0.id=hr1_0.created_by_id where cb1_0.username=? order by hr1_0.id desc
2026-01-16 18:34:55.049 [Test worker] DEBUG org.hibernate.SQL - select r1_0.id,r1_0.name from role r1_0 where r1_0.name=?
2026-01-16 18:34:55.051 [Test worker] DEBUG org.hibernate.SQL - insert into role (name) values (?)
2026-01-16 18:34:55.123 [Test worker] DEBUG org.hibernate.SQL - insert into app_user (avatar_id,background_id,created_at,email,name,password,role_id,username) values (?,?,?,?,?,?,?,?)
2026-01-16 18:34:55.127 [Test worker] DEBUG org.hibernate.SQL - insert into hazard_category (active,icon_path,name) values (?,?,?)
2026-01-16 18:34:55.130 [Test worker] DEBUG org.hibernate.SQL - select u1_0.id,u1_0.avatar_id,u1_0.background_id,u1_0.created_at,u1_0.email,u1_0.name,u1_0.password,u1_0.role_id,u1_0.username from app_user u1_0 where u1_0.email=?
2026-01-16 18:34:55.141 [Test worker] DEBUG org.hibernate.SQL - select r1_0.id,r1_0.name from role r1_0 where r1_0.name=?
2026-01-16 18:34:55.144 [Test worker] DEBUG org.hibernate.SQL - insert into role (name) values (?)
2026-01-16 18:34:55.213 [Test worker] DEBUG org.hibernate.SQL - insert into app_user (avatar_id,background_id,created_at,email,name,password,role_id,username) values (?,?,?,?,?,?,?,?)
2026-01-16 18:34:55.218 [Test worker] DEBUG org.hibernate.SQL - insert into hazard_category (active,icon_path,name) values (?,?,?)
2026-01-16 18:34:55.220 [Test worker] DEBUG org.hibernate.SQL - select u1_0.id,u1_0.avatar_id,u1_0.background_id,u1_0.created_at,u1_0.email,u1_0.name,u1_0.password,u1_0.role_id,u1_0.username from app_user u1_0 where u1_0.email=?
2026-01-16 18:34:55.225 [Test worker] DEBUG org.hibernate.SQL - select u1_0.id from app_user u1_0 where u1_0.username=? fetch first ? rows only
2026-01-16 18:34:55.227 [Test worker] WARN  n.f.d.b.c.HazardReportController - Get hazards by user failed - username: nonexistent, reason: User not found
2026-01-16 18:34:55.227 [Test worker] WARN  n.f.d.b.e.GlobalExceptionHandler - Illegal argument treated as not found - message: User not found
2026-01-16 18:34:55.238 [Test worker] DEBUG org.hibernate.SQL - select r1_0.id,r1_0.name from role r1_0 where r1_0.name=?
2026-01-16 18:34:55.240 [Test worker] DEBUG org.hibernate.SQL - insert into role (name) values (?)
2026-01-16 18:34:55.310 [Test worker] DEBUG org.hibernate.SQL - insert into app_user (avatar_id,background_id,created_at,email,name,password,role_id,username) values (?,?,?,?,?,?,?,?)
2026-01-16 18:34:55.313 [Test worker] DEBUG org.hibernate.SQL - insert into hazard_category (active,icon_path,name) values (?,?,?)
2026-01-16 18:34:55.316 [Test worker] DEBUG org.hibernate.SQL - select u1_0.id,u1_0.avatar_id,u1_0.background_id,u1_0.created_at,u1_0.email,u1_0.name,u1_0.password,u1_0.role_id,u1_0.username from app_user u1_0 where u1_0.email=?
2026-01-16 18:34:55.318 [Test worker] DEBUG org.hibernate.SQL - insert into hazard_report (category_id,created_at,created_by_id,latitude,longitude,status) values (?,?,?,?,?,?)
2026-01-16 18:34:55.321 [Test worker] DEBUG org.hibernate.SQL - insert into hazard_report (category_id,created_at,created_by_id,latitude,longitude,status) values (?,?,?,?,?,?)
2026-01-16 18:34:55.324 [Test worker] DEBUG org.hibernate.SQL - insert into hazard_report (category_id,created_at,created_by_id,latitude,longitude,status) values (?,?,?,?,?,?)
2026-01-16 18:34:55.329 [Test worker] DEBUG org.hibernate.SQL - select hr1_0.id,hr1_0.category_id,hr1_0.created_at,hr1_0.created_by_id,hr1_0.latitude,hr1_0.longitude,hr1_0.status from hazard_report hr1_0 where hr1_0.status=?
2026-01-16 18:34:55.338 [Test worker] INFO  o.s.t.c.s.AnnotationConfigContextLoaderUtils - Could not detect default configuration classes for test class [nl.fontys.db3.backend.integration.controller.TripControllerIT]: TripControllerIT does not declare any static, non-private, non-final, nested classes annotated with @Configuration.
2026-01-16 18:34:55.340 [Test worker] INFO  o.s.b.t.c.SpringBootTestContextBootstrapper - Found @SpringBootConfiguration nl.fontys.db3.backend.BackendApplication for test class nl.fontys.db3.backend.integration.controller.TripControllerIT
2026-01-16 18:34:55.347 [Test worker] DEBUG org.hibernate.SQL - select r1_0.id,r1_0.name from role r1_0 where r1_0.name=?
2026-01-16 18:34:55.349 [Test worker] DEBUG org.hibernate.SQL - insert into role (name) values (?)
2026-01-16 18:34:55.420 [Test worker] DEBUG org.hibernate.SQL - insert into app_user (avatar_id,background_id,created_at,email,name,password,role_id,username) values (?,?,?,?,?,?,?,?)
2026-01-16 18:34:55.425 [Test worker] DEBUG org.hibernate.SQL - select u1_0.id,u1_0.avatar_id,u1_0.background_id,u1_0.created_at,u1_0.email,u1_0.name,u1_0.password,u1_0.role_id,u1_0.username from app_user u1_0 where u1_0.email=?
2026-01-16 18:34:55.438 [Test worker] DEBUG org.hibernate.SQL - select r1_0.id,r1_0.name from role r1_0 where r1_0.name=?
2026-01-16 18:34:55.441 [Test worker] DEBUG org.hibernate.SQL - insert into role (name) values (?)
2026-01-16 18:34:55.510 [Test worker] DEBUG org.hibernate.SQL - insert into app_user (avatar_id,background_id,created_at,email,name,password,role_id,username) values (?,?,?,?,?,?,?,?)
2026-01-16 18:34:55.514 [Test worker] DEBUG org.hibernate.SQL - select u1_0.id,u1_0.avatar_id,u1_0.background_id,u1_0.created_at,u1_0.email,u1_0.name,u1_0.password,u1_0.role_id,u1_0.username from app_user u1_0 where u1_0.email=?
2026-01-16 18:34:55.520 [Test worker] DEBUG org.hibernate.SQL - select u1_0.id,u1_0.avatar_id,u1_0.background_id,u1_0.created_at,u1_0.email,u1_0.name,u1_0.password,u1_0.role_id,u1_0.username from app_user u1_0 where u1_0.email=?
2026-01-16 18:34:55.525 [Test worker] DEBUG org.hibernate.SQL - select u1_0.id,u1_0.avatar_id,u1_0.background_id,u1_0.created_at,u1_0.email,u1_0.name,u1_0.password,u1_0.role_id,u1_0.username from app_user u1_0 where u1_0.email=?
2026-01-16 18:34:55.527 [Test worker] DEBUG org.hibernate.SQL - insert into trip (convoy_id,created_at,distance_km,end_lat,end_lng,ended_at,start_lat,start_lng,started_at,user_id) values (?,?,?,?,?,?,?,?,?,?)
2026-01-16 18:34:55.530 [Test worker] DEBUG org.hibernate.SQL - select s1_0.id from "statistics" s1_0 join app_user u1_0 on u1_0.id=s1_0.user_id where u1_0.id=? fetch first ? rows only
2026-01-16 18:34:55.532 [Test worker] DEBUG org.hibernate.SQL - insert into "statistics" (total_distance_km,total_hazards_reported,total_trips,total_votes,user_id) values (?,?,?,?,?)
2026-01-16 18:34:55.535 [Test worker] DEBUG org.hibernate.SQL - update "statistics" s1_0 set total_trips=(s1_0.total_trips+1),total_distance_km=(s1_0.total_distance_km+?) where s1_0.user_id=?
2026-01-16 18:34:55.545 [Test worker] DEBUG org.hibernate.SQL - select r1_0.id,r1_0.name from role r1_0 where r1_0.name=?
2026-01-16 18:34:55.547 [Test worker] DEBUG org.hibernate.SQL - insert into role (name) values (?)
2026-01-16 18:34:55.617 [Test worker] DEBUG org.hibernate.SQL - insert into app_user (avatar_id,background_id,created_at,email,name,password,role_id,username) values (?,?,?,?,?,?,?,?)
2026-01-16 18:34:55.621 [Test worker] DEBUG org.hibernate.SQL - select u1_0.id,u1_0.avatar_id,u1_0.background_id,u1_0.created_at,u1_0.email,u1_0.name,u1_0.password,u1_0.role_id,u1_0.username from app_user u1_0 where u1_0.email=?
2026-01-16 18:34:55.626 [Test worker] DEBUG org.hibernate.SQL - select u1_0.id,u1_0.avatar_id,u1_0.background_id,u1_0.created_at,u1_0.email,u1_0.name,u1_0.password,u1_0.role_id,u1_0.username from app_user u1_0 where u1_0.email=?
2026-01-16 18:34:55.631 [Test worker] WARN  n.f.d.b.e.GlobalExceptionHandler - Bad request - message: distanceKm cannot be negative
2026-01-16 18:34:55.641 [Test worker] DEBUG org.hibernate.SQL - select r1_0.id,r1_0.name from role r1_0 where r1_0.name=?
2026-01-16 18:34:55.643 [Test worker] DEBUG org.hibernate.SQL - insert into role (name) values (?)
2026-01-16 18:34:55.709 [Test worker] DEBUG org.hibernate.SQL - insert into app_user (avatar_id,background_id,created_at,email,name,password,role_id,username) values (?,?,?,?,?,?,?,?)
2026-01-16 18:34:55.713 [Test worker] DEBUG org.hibernate.SQL - select u1_0.id,u1_0.avatar_id,u1_0.background_id,u1_0.created_at,u1_0.email,u1_0.name,u1_0.password,u1_0.role_id,u1_0.username from app_user u1_0 where u1_0.email=?
2026-01-16 18:34:55.717 [Test worker] DEBUG org.hibernate.SQL - select u1_0.id,u1_0.avatar_id,u1_0.background_id,u1_0.created_at,u1_0.email,u1_0.name,u1_0.password,u1_0.role_id,u1_0.username from app_user u1_0 where u1_0.email=?
2026-01-16 18:34:55.721 [Test worker] WARN  n.f.d.b.e.GlobalExceptionHandler - Bad request - message: endLat cannot be null
2026-01-16 18:34:55.728 [Test worker] INFO  o.s.t.c.s.AnnotationConfigContextLoaderUtils - Could not detect default configuration classes for test class [nl.fontys.db3.backend.integration.controller.UserControllerIT]: UserControllerIT does not declare any static, non-private, non-final, nested classes annotated with @Configuration.
2026-01-16 18:34:55.730 [Test worker] INFO  o.s.b.t.c.SpringBootTestContextBootstrapper - Found @SpringBootConfiguration nl.fontys.db3.backend.BackendApplication for test class nl.fontys.db3.backend.integration.controller.UserControllerIT
2026-01-16 18:34:55.735 [Test worker] DEBUG org.hibernate.SQL - select r1_0.id,r1_0.name from role r1_0 where r1_0.name=?
2026-01-16 18:34:55.738 [Test worker] DEBUG org.hibernate.SQL - insert into role (name) values (?)
2026-01-16 18:34:55.804 [Test worker] DEBUG org.hibernate.SQL - insert into app_user (avatar_id,background_id,created_at,email,name,password,role_id,username) values (?,?,?,?,?,?,?,?)
2026-01-16 18:34:55.808 [Test worker] DEBUG org.hibernate.SQL - insert into avatar (active,image_path,name) values (?,?,?)
2026-01-16 18:34:55.812 [Test worker] DEBUG org.hibernate.SQL - insert into background (active,image_path,name) values (?,?,?)
2026-01-16 18:34:55.814 [Test worker] DEBUG org.hibernate.SQL - select u1_0.id,u1_0.avatar_id,u1_0.background_id,u1_0.created_at,u1_0.email,u1_0.name,u1_0.password,u1_0.role_id,u1_0.username from app_user u1_0 where u1_0.email=?
2026-01-16 18:34:55.820 [Test worker] DEBUG org.hibernate.SQL - select u1_0.id,u1_0.avatar_id,u1_0.background_id,u1_0.created_at,u1_0.email,u1_0.name,u1_0.password,u1_0.role_id,u1_0.username from app_user u1_0 where u1_0.email=?
2026-01-16 18:34:55.884 [Test worker] WARN  n.f.d.b.controller.UserController - Login failed - email: test@test.com, reason: Bad credentials
2026-01-16 18:34:55.885 [Test worker] WARN  n.f.d.b.e.GlobalExceptionHandler - Bad credentials - message: Bad credentials
2026-01-16 18:34:55.895 [Test worker] DEBUG org.hibernate.SQL - select r1_0.id,r1_0.name from role r1_0 where r1_0.name=?
2026-01-16 18:34:55.897 [Test worker] DEBUG org.hibernate.SQL - insert into role (name) values (?)
2026-01-16 18:34:55.961 [Test worker] DEBUG org.hibernate.SQL - insert into app_user (avatar_id,background_id,created_at,email,name,password,role_id,username) values (?,?,?,?,?,?,?,?)
2026-01-16 18:34:55.964 [Test worker] DEBUG org.hibernate.SQL - insert into avatar (active,image_path,name) values (?,?,?)
2026-01-16 18:34:55.966 [Test worker] DEBUG org.hibernate.SQL - insert into background (active,image_path,name) values (?,?,?)
2026-01-16 18:34:55.969 [Test worker] DEBUG org.hibernate.SQL - select u1_0.id,u1_0.avatar_id,u1_0.background_id,u1_0.created_at,u1_0.email,u1_0.name,u1_0.password,u1_0.role_id,u1_0.username from app_user u1_0 where u1_0.email=?
2026-01-16 18:34:55.974 [Test worker] DEBUG org.hibernate.SQL - select u1_0.id,u1_0.avatar_id,u1_0.background_id,u1_0.created_at,u1_0.email,u1_0.name,u1_0.password,u1_0.role_id,u1_0.username from app_user u1_0 where u1_0.email=?
2026-01-16 18:34:55.978 [Test worker] DEBUG org.hibernate.SQL - select u1_0.id,u1_0.avatar_id,u1_0.background_id,u1_0.created_at,u1_0.email,u1_0.name,u1_0.password,u1_0.role_id,u1_0.username from app_user u1_0 where u1_0.email=?
2026-01-16 18:34:55.990 [Test worker] DEBUG org.hibernate.SQL - select r1_0.id,r1_0.name from role r1_0 where r1_0.name=?
2026-01-16 18:34:55.991 [Test worker] DEBUG org.hibernate.SQL - insert into role (name) values (?)
2026-01-16 18:34:56.058 [Test worker] DEBUG org.hibernate.SQL - insert into app_user (avatar_id,background_id,created_at,email,name,password,role_id,username) values (?,?,?,?,?,?,?,?)
2026-01-16 18:34:56.061 [Test worker] DEBUG org.hibernate.SQL - insert into avatar (active,image_path,name) values (?,?,?)
2026-01-16 18:34:56.063 [Test worker] DEBUG org.hibernate.SQL - insert into background (active,image_path,name) values (?,?,?)
2026-01-16 18:34:56.066 [Test worker] DEBUG org.hibernate.SQL - select u1_0.id,u1_0.avatar_id,u1_0.background_id,u1_0.created_at,u1_0.email,u1_0.name,u1_0.password,u1_0.role_id,u1_0.username from app_user u1_0 where u1_0.email=?
2026-01-16 18:34:56.072 [Test worker] DEBUG org.hibernate.SQL - select u1_0.id,u1_0.avatar_id,u1_0.background_id,u1_0.created_at,u1_0.email,u1_0.name,u1_0.password,u1_0.role_id,u1_0.username from app_user u1_0 where u1_0.username=?
2026-01-16 18:34:56.074 [Test worker] WARN  n.f.db3.backend.service.UserService - Get user failed - user not found: username: nonexistent
2026-01-16 18:34:56.074 [Test worker] WARN  n.f.d.b.controller.UserController - Get user by username failed - username: nonexistent, reason: User not found
2026-01-16 18:34:56.075 [Test worker] WARN  n.f.d.b.e.GlobalExceptionHandler - Illegal argument treated as not found - message: User not found
2026-01-16 18:34:56.088 [Test worker] DEBUG org.hibernate.SQL - select r1_0.id,r1_0.name from role r1_0 where r1_0.name=?
2026-01-16 18:34:56.090 [Test worker] DEBUG org.hibernate.SQL - insert into role (name) values (?)
2026-01-16 18:34:56.158 [Test worker] DEBUG org.hibernate.SQL - insert into app_user (avatar_id,background_id,created_at,email,name,password,role_id,username) values (?,?,?,?,?,?,?,?)
2026-01-16 18:34:56.162 [Test worker] DEBUG org.hibernate.SQL - insert into avatar (active,image_path,name) values (?,?,?)
2026-01-16 18:34:56.163 [Test worker] DEBUG org.hibernate.SQL - insert into background (active,image_path,name) values (?,?,?)
2026-01-16 18:34:56.166 [Test worker] DEBUG org.hibernate.SQL - select u1_0.id,u1_0.avatar_id,u1_0.background_id,u1_0.created_at,u1_0.email,u1_0.name,u1_0.password,u1_0.role_id,u1_0.username from app_user u1_0 where u1_0.email=?
2026-01-16 18:34:56.170 [Test worker] WARN  n.f.d.b.controller.UserController - Get current user failed - no authentication
2026-01-16 18:34:56.178 [Test worker] DEBUG org.hibernate.SQL - select r1_0.id,r1_0.name from role r1_0 where r1_0.name=?
2026-01-16 18:34:56.180 [Test worker] DEBUG org.hibernate.SQL - insert into role (name) values (?)
2026-01-16 18:34:56.247 [Test worker] DEBUG org.hibernate.SQL - insert into app_user (avatar_id,background_id,created_at,email,name,password,role_id,username) values (?,?,?,?,?,?,?,?)
2026-01-16 18:34:56.251 [Test worker] DEBUG org.hibernate.SQL - insert into avatar (active,image_path,name) values (?,?,?)
2026-01-16 18:34:56.253 [Test worker] DEBUG org.hibernate.SQL - insert into background (active,image_path,name) values (?,?,?)
2026-01-16 18:34:56.255 [Test worker] DEBUG org.hibernate.SQL - select u1_0.id,u1_0.avatar_id,u1_0.background_id,u1_0.created_at,u1_0.email,u1_0.name,u1_0.password,u1_0.role_id,u1_0.username from app_user u1_0 where u1_0.email=?
2026-01-16 18:34:56.259 [Test worker] DEBUG org.hibernate.SQL - select u1_0.id,u1_0.avatar_id,u1_0.background_id,u1_0.created_at,u1_0.email,u1_0.name,u1_0.password,u1_0.role_id,u1_0.username from app_user u1_0 where u1_0.email=?
2026-01-16 18:34:56.279 [Test worker] INFO  n.f.d.b.controller.UserController - Avatar change request - username: test@test.com, avatarName: avatar1
2026-01-16 18:34:56.280 [Test worker] DEBUG org.hibernate.SQL - select u1_0.id,u1_0.avatar_id,u1_0.background_id,u1_0.created_at,u1_0.email,u1_0.name,u1_0.password,u1_0.role_id,u1_0.username from app_user u1_0 where u1_0.email=?
2026-01-16 18:34:56.283 [Test worker] DEBUG org.hibernate.SQL - select a1_0.id,a1_0.active,a1_0.image_path,a1_0.name from avatar a1_0 where upper(a1_0.name)=upper(?) and a1_0.active
2026-01-16 18:34:56.287 [Test worker] INFO  n.f.db3.backend.service.UserService - Avatar changed successfully - userId: 8337, avatarName: avatar1
2026-01-16 18:34:56.287 [Test worker] INFO  n.f.d.b.controller.UserController - Avatar changed successfully - userId: 8337, avatarName: avatar1
2026-01-16 18:34:56.300 [Test worker] DEBUG org.hibernate.SQL - select r1_0.id,r1_0.name from role r1_0 where r1_0.name=?
2026-01-16 18:34:56.302 [Test worker] DEBUG org.hibernate.SQL - insert into role (name) values (?)
2026-01-16 18:34:56.367 [Test worker] DEBUG org.hibernate.SQL - insert into app_user (avatar_id,background_id,created_at,email,name,password,role_id,username) values (?,?,?,?,?,?,?,?)
2026-01-16 18:34:56.370 [Test worker] DEBUG org.hibernate.SQL - insert into avatar (active,image_path,name) values (?,?,?)
2026-01-16 18:34:56.372 [Test worker] DEBUG org.hibernate.SQL - insert into background (active,image_path,name) values (?,?,?)
2026-01-16 18:34:56.374 [Test worker] DEBUG org.hibernate.SQL - select u1_0.id,u1_0.avatar_id,u1_0.background_id,u1_0.created_at,u1_0.email,u1_0.name,u1_0.password,u1_0.role_id,u1_0.username from app_user u1_0 where u1_0.email=?
2026-01-16 18:34:56.379 [Test worker] DEBUG org.hibernate.SQL - select u1_0.id,u1_0.avatar_id,u1_0.background_id,u1_0.created_at,u1_0.email,u1_0.name,u1_0.password,u1_0.role_id,u1_0.username from app_user u1_0 where u1_0.email=?
2026-01-16 18:34:56.446 [Test worker] DEBUG org.hibernate.SQL - select u1_0.id,u1_0.avatar_id,u1_0.background_id,u1_0.created_at,u1_0.email,u1_0.name,u1_0.password,u1_0.role_id,u1_0.username from app_user u1_0 where u1_0.email=?
2026-01-16 18:34:56.448 [Test worker] INFO  n.f.d.b.controller.UserController - User logged in successfully - userId: 8338, username: testuser, email: test@test.com
2026-01-16 18:34:56.457 [Test worker] DEBUG org.hibernate.SQL - select r1_0.id,r1_0.name from role r1_0 where r1_0.name=?
2026-01-16 18:34:56.459 [Test worker] DEBUG org.hibernate.SQL - insert into role (name) values (?)
2026-01-16 18:34:56.523 [Test worker] DEBUG org.hibernate.SQL - insert into app_user (avatar_id,background_id,created_at,email,name,password,role_id,username) values (?,?,?,?,?,?,?,?)
2026-01-16 18:34:56.527 [Test worker] DEBUG org.hibernate.SQL - insert into avatar (active,image_path,name) values (?,?,?)
2026-01-16 18:34:56.529 [Test worker] DEBUG org.hibernate.SQL - insert into background (active,image_path,name) values (?,?,?)
2026-01-16 18:34:56.531 [Test worker] DEBUG org.hibernate.SQL - select u1_0.id,u1_0.avatar_id,u1_0.background_id,u1_0.created_at,u1_0.email,u1_0.name,u1_0.password,u1_0.role_id,u1_0.username from app_user u1_0 where u1_0.email=?
2026-01-16 18:34:56.536 [Test worker] INFO  n.f.d.b.controller.UserController - User registration attempt - username: newuser, email: newuser@test.com
2026-01-16 18:34:56.537 [Test worker] DEBUG org.hibernate.SQL - select u1_0.id from app_user u1_0 where u1_0.username=? fetch first ? rows only
2026-01-16 18:34:56.539 [Test worker] DEBUG org.hibernate.SQL - select u1_0.id from app_user u1_0 where u1_0.email=? fetch first ? rows only
2026-01-16 18:34:56.540 [Test worker] DEBUG org.hibernate.SQL - select r1_0.id,r1_0.name from role r1_0 where r1_0.name=?
2026-01-16 18:34:56.602 [Test worker] DEBUG org.hibernate.SQL - insert into app_user (avatar_id,background_id,created_at,email,name,password,role_id,username) values (?,?,?,?,?,?,?,?)
2026-01-16 18:34:56.605 [Test worker] INFO  n.f.db3.backend.service.UserService - User created successfully - userId: 8340, username: newuser, email: newuser@test.com
2026-01-16 18:34:56.605 [Test worker] INFO  n.f.d.b.controller.UserController - User registered successfully - userId: 8340, username: newuser, email: newuser@test.com
2026-01-16 18:34:56.614 [Test worker] DEBUG org.hibernate.SQL - select r1_0.id,r1_0.name from role r1_0 where r1_0.name=?
2026-01-16 18:34:56.616 [Test worker] DEBUG org.hibernate.SQL - insert into role (name) values (?)
2026-01-16 18:34:56.678 [Test worker] DEBUG org.hibernate.SQL - insert into app_user (avatar_id,background_id,created_at,email,name,password,role_id,username) values (?,?,?,?,?,?,?,?)
2026-01-16 18:34:56.682 [Test worker] DEBUG org.hibernate.SQL - insert into avatar (active,image_path,name) values (?,?,?)
2026-01-16 18:34:56.683 [Test worker] DEBUG org.hibernate.SQL - insert into background (active,image_path,name) values (?,?,?)
2026-01-16 18:34:56.686 [Test worker] DEBUG org.hibernate.SQL - select u1_0.id,u1_0.avatar_id,u1_0.background_id,u1_0.created_at,u1_0.email,u1_0.name,u1_0.password,u1_0.role_id,u1_0.username from app_user u1_0 where u1_0.email=?
2026-01-16 18:34:56.691 [Test worker] INFO  n.f.d.b.controller.UserController - User registration attempt - username: anotheruser, email: test@test.com
2026-01-16 18:34:56.692 [Test worker] DEBUG org.hibernate.SQL - select u1_0.id from app_user u1_0 where u1_0.username=? fetch first ? rows only
2026-01-16 18:34:56.695 [Test worker] DEBUG org.hibernate.SQL - select u1_0.id from app_user u1_0 where u1_0.email=? fetch first ? rows only
2026-01-16 18:34:56.696 [Test worker] WARN  n.f.db3.backend.service.UserService - User creation failed - email already exists: test@test.com
2026-01-16 18:34:56.696 [Test worker] WARN  n.f.d.b.controller.UserController - User registration failed - username: anotheruser, email: test@test.com, reason: Email already exists
2026-01-16 18:34:56.697 [Test worker] WARN  n.f.d.b.e.GlobalExceptionHandler - Bad request - message: Email already exists
2026-01-16 18:34:56.709 [Test worker] DEBUG org.hibernate.SQL - select r1_0.id,r1_0.name from role r1_0 where r1_0.name=?
2026-01-16 18:34:56.711 [Test worker] DEBUG org.hibernate.SQL - insert into role (name) values (?)
2026-01-16 18:34:56.779 [Test worker] DEBUG org.hibernate.SQL - insert into app_user (avatar_id,background_id,created_at,email,name,password,role_id,username) values (?,?,?,?,?,?,?,?)
2026-01-16 18:34:56.782 [Test worker] DEBUG org.hibernate.SQL - insert into avatar (active,image_path,name) values (?,?,?)
2026-01-16 18:34:56.785 [Test worker] DEBUG org.hibernate.SQL - insert into background (active,image_path,name) values (?,?,?)
2026-01-16 18:34:56.788 [Test worker] DEBUG org.hibernate.SQL - select u1_0.id,u1_0.avatar_id,u1_0.background_id,u1_0.created_at,u1_0.email,u1_0.name,u1_0.password,u1_0.role_id,u1_0.username from app_user u1_0 where u1_0.email=?
2026-01-16 18:34:56.800 [Test worker] DEBUG org.hibernate.SQL - select r1_0.id,r1_0.name from role r1_0 where r1_0.name=?
2026-01-16 18:34:56.803 [Test worker] DEBUG org.hibernate.SQL - insert into role (name) values (?)
2026-01-16 18:34:56.875 [Test worker] DEBUG org.hibernate.SQL - insert into app_user (avatar_id,background_id,created_at,email,name,password,role_id,username) values (?,?,?,?,?,?,?,?)
2026-01-16 18:34:56.879 [Test worker] DEBUG org.hibernate.SQL - insert into avatar (active,image_path,name) values (?,?,?)
2026-01-16 18:34:56.882 [Test worker] DEBUG org.hibernate.SQL - insert into background (active,image_path,name) values (?,?,?)
2026-01-16 18:34:56.885 [Test worker] DEBUG org.hibernate.SQL - select u1_0.id,u1_0.avatar_id,u1_0.background_id,u1_0.created_at,u1_0.email,u1_0.name,u1_0.password,u1_0.role_id,u1_0.username from app_user u1_0 where u1_0.email=?
2026-01-16 18:34:56.891 [Test worker] DEBUG org.hibernate.SQL - select u1_0.id,u1_0.avatar_id,u1_0.background_id,u1_0.created_at,u1_0.email,u1_0.name,u1_0.password,u1_0.role_id,u1_0.username from app_user u1_0 where u1_0.email=?
2026-01-16 18:34:56.903 [Test worker] INFO  n.f.d.b.controller.UserController - Background change request - username: test@test.com, backgroundName: bg1
2026-01-16 18:34:56.904 [Test worker] DEBUG org.hibernate.SQL - select u1_0.id,u1_0.avatar_id,u1_0.background_id,u1_0.created_at,u1_0.email,u1_0.name,u1_0.password,u1_0.role_id,u1_0.username from app_user u1_0 where u1_0.email=?
2026-01-16 18:34:56.907 [Test worker] DEBUG org.hibernate.SQL - select b1_0.id,b1_0.active,b1_0.image_path,b1_0.name from background b1_0 where upper(b1_0.name)=upper(?) and b1_0.active
2026-01-16 18:34:56.910 [Test worker] INFO  n.f.db3.backend.service.UserService - Background changed successfully - userId: 8343, backgroundName: bg1
2026-01-16 18:34:56.911 [Test worker] INFO  n.f.d.b.controller.UserController - Background changed successfully - userId: 8343, backgroundName: bg1
2026-01-16 18:34:56.922 [Test worker] DEBUG org.hibernate.SQL - select r1_0.id,r1_0.name from role r1_0 where r1_0.name=?
2026-01-16 18:34:56.924 [Test worker] DEBUG org.hibernate.SQL - insert into role (name) values (?)
2026-01-16 18:34:56.994 [Test worker] DEBUG org.hibernate.SQL - insert into app_user (avatar_id,background_id,created_at,email,name,password,role_id,username) values (?,?,?,?,?,?,?,?)
2026-01-16 18:34:56.998 [Test worker] DEBUG org.hibernate.SQL - insert into avatar (active,image_path,name) values (?,?,?)
2026-01-16 18:34:57.000 [Test worker] DEBUG org.hibernate.SQL - insert into background (active,image_path,name) values (?,?,?)
2026-01-16 18:34:57.002 [Test worker] DEBUG org.hibernate.SQL - select u1_0.id,u1_0.avatar_id,u1_0.background_id,u1_0.created_at,u1_0.email,u1_0.name,u1_0.password,u1_0.role_id,u1_0.username from app_user u1_0 where u1_0.email=?
2026-01-16 18:34:57.006 [Test worker] DEBUG org.hibernate.SQL - select u1_0.id,u1_0.avatar_id,u1_0.background_id,u1_0.created_at,u1_0.email,u1_0.name,u1_0.password,u1_0.role_id,u1_0.username from app_user u1_0 where u1_0.email=?
2026-01-16 18:34:57.008 [Test worker] INFO  n.f.d.b.controller.UserController - User update request - username: test@test.com, fields: name=true, username=true, email=true, passwordChange=true
2026-01-16 18:34:57.010 [Test worker] DEBUG org.hibernate.SQL - select u1_0.id,u1_0.avatar_id,u1_0.background_id,u1_0.created_at,u1_0.email,u1_0.name,u1_0.password,u1_0.role_id,u1_0.username from app_user u1_0 where u1_0.email=?
2026-01-16 18:34:57.011 [Test worker] INFO  n.f.db3.backend.service.UserService - User updated successfully - userId: 8344, username: testuser
2026-01-16 18:34:57.012 [Test worker] INFO  n.f.d.b.controller.UserController - User updated successfully - userId: 8344, username: testuser
2026-01-16 18:34:57.020 [Test worker] DEBUG org.hibernate.SQL - select r1_0.id,r1_0.name from role r1_0 where r1_0.name=?
2026-01-16 18:34:57.021 [Test worker] DEBUG org.hibernate.SQL - insert into role (name) values (?)
2026-01-16 18:34:57.088 [Test worker] DEBUG org.hibernate.SQL - insert into app_user (avatar_id,background_id,created_at,email,name,password,role_id,username) values (?,?,?,?,?,?,?,?)
2026-01-16 18:34:57.092 [Test worker] DEBUG org.hibernate.SQL - insert into avatar (active,image_path,name) values (?,?,?)
2026-01-16 18:34:57.094 [Test worker] DEBUG org.hibernate.SQL - insert into background (active,image_path,name) values (?,?,?)
2026-01-16 18:34:57.096 [Test worker] DEBUG org.hibernate.SQL - select u1_0.id,u1_0.avatar_id,u1_0.background_id,u1_0.created_at,u1_0.email,u1_0.name,u1_0.password,u1_0.role_id,u1_0.username from app_user u1_0 where u1_0.email=?
2026-01-16 18:34:57.101 [Test worker] DEBUG org.hibernate.SQL - select u1_0.id,u1_0.avatar_id,u1_0.background_id,u1_0.created_at,u1_0.email,u1_0.name,u1_0.password,u1_0.role_id,u1_0.username from app_user u1_0 where u1_0.username=?
2026-01-16 18:34:57.113 [Test worker] INFO  o.s.t.c.s.AnnotationConfigContextLoaderUtils - Could not detect default configuration classes for test class [nl.fontys.db3.backend.integration.controller.VoteControllerIT]: VoteControllerIT does not declare any static, non-private, non-final, nested classes annotated with @Configuration.
2026-01-16 18:34:57.114 [Test worker] INFO  o.s.b.t.c.SpringBootTestContextBootstrapper - Found @SpringBootConfiguration nl.fontys.db3.backend.BackendApplication for test class nl.fontys.db3.backend.integration.controller.VoteControllerIT
2026-01-16 18:34:57.122 [Test worker] DEBUG org.hibernate.SQL - select r1_0.id,r1_0.name from role r1_0 where r1_0.name=?
2026-01-16 18:34:57.125 [Test worker] DEBUG org.hibernate.SQL - insert into role (name) values (?)
2026-01-16 18:34:57.193 [Test worker] DEBUG org.hibernate.SQL - insert into app_user (avatar_id,background_id,created_at,email,name,password,role_id,username) values (?,?,?,?,?,?,?,?)
2026-01-16 18:34:57.261 [Test worker] DEBUG org.hibernate.SQL - insert into app_user (avatar_id,background_id,created_at,email,name,password,role_id,username) values (?,?,?,?,?,?,?,?)
2026-01-16 18:34:57.264 [Test worker] DEBUG org.hibernate.SQL - insert into hazard_category (active,icon_path,name) values (?,?,?)
2026-01-16 18:34:57.266 [Test worker] DEBUG org.hibernate.SQL - insert into hazard_report (category_id,created_at,created_by_id,latitude,longitude,status) values (?,?,?,?,?,?)
2026-01-16 18:34:57.269 [Test worker] DEBUG org.hibernate.SQL - select u1_0.id,u1_0.avatar_id,u1_0.background_id,u1_0.created_at,u1_0.email,u1_0.name,u1_0.password,u1_0.role_id,u1_0.username from app_user u1_0 where u1_0.email=?
2026-01-16 18:34:57.273 [Test worker] DEBUG org.hibernate.SQL - select u1_0.id,u1_0.avatar_id,u1_0.background_id,u1_0.created_at,u1_0.email,u1_0.name,u1_0.password,u1_0.role_id,u1_0.username from app_user u1_0 where u1_0.email=?
2026-01-16 18:34:57.277 [Test worker] INFO  n.f.d.b.controller.VoteController - Vote request - email: voter@test.com, hazardId: 1686, voteType: INVALID
2026-01-16 18:34:57.277 [Test worker] WARN  n.f.d.b.controller.VoteController - Invalid vote type - email: voter@test.com, voteType: INVALID
2026-01-16 18:34:57.278 [Test worker] WARN  n.f.d.b.e.GlobalExceptionHandler - Bad request - message: Invalid vote type: INVALID
2026-01-16 18:34:57.287 [Test worker] DEBUG org.hibernate.SQL - select r1_0.id,r1_0.name from role r1_0 where r1_0.name=?
2026-01-16 18:34:57.289 [Test worker] DEBUG org.hibernate.SQL - insert into role (name) values (?)
2026-01-16 18:34:57.355 [Test worker] DEBUG org.hibernate.SQL - insert into app_user (avatar_id,background_id,created_at,email,name,password,role_id,username) values (?,?,?,?,?,?,?,?)
2026-01-16 18:34:57.419 [Test worker] DEBUG org.hibernate.SQL - insert into app_user (avatar_id,background_id,created_at,email,name,password,role_id,username) values (?,?,?,?,?,?,?,?)
2026-01-16 18:34:57.423 [Test worker] DEBUG org.hibernate.SQL - insert into hazard_category (active,icon_path,name) values (?,?,?)
2026-01-16 18:34:57.425 [Test worker] DEBUG org.hibernate.SQL - insert into hazard_report (category_id,created_at,created_by_id,latitude,longitude,status) values (?,?,?,?,?,?)
2026-01-16 18:34:57.429 [Test worker] DEBUG org.hibernate.SQL - select u1_0.id,u1_0.avatar_id,u1_0.background_id,u1_0.created_at,u1_0.email,u1_0.name,u1_0.password,u1_0.role_id,u1_0.username from app_user u1_0 where u1_0.email=?
2026-01-16 18:34:57.431 [Test worker] DEBUG org.hibernate.SQL - insert into vote (created_at,hazard_report_id,user_id,vote_type) values (?,?,?,?)
2026-01-16 18:34:57.494 [Test worker] DEBUG org.hibernate.SQL - insert into app_user (avatar_id,background_id,created_at,email,name,password,role_id,username) values (?,?,?,?,?,?,?,?)
2026-01-16 18:34:57.498 [Test worker] DEBUG org.hibernate.SQL - insert into vote (created_at,hazard_report_id,user_id,vote_type) values (?,?,?,?)
2026-01-16 18:34:57.503 [Test worker] DEBUG org.hibernate.SQL - select count(v1_0.id) from vote v1_0 join hazard_report hr1_0 on hr1_0.id=v1_0.hazard_report_id where hr1_0.id=? and v1_0.vote_type=?
2026-01-16 18:34:57.505 [Test worker] DEBUG org.hibernate.SQL - select count(v1_0.id) from vote v1_0 join hazard_report hr1_0 on hr1_0.id=v1_0.hazard_report_id where hr1_0.id=? and v1_0.vote_type=?
2026-01-16 18:34:57.514 [Test worker] DEBUG org.hibernate.SQL - select r1_0.id,r1_0.name from role r1_0 where r1_0.name=?
2026-01-16 18:34:57.516 [Test worker] DEBUG org.hibernate.SQL - insert into role (name) values (?)
2026-01-16 18:34:57.580 [Test worker] DEBUG org.hibernate.SQL - insert into app_user (avatar_id,background_id,created_at,email,name,password,role_id,username) values (?,?,?,?,?,?,?,?)
2026-01-16 18:34:57.647 [Test worker] DEBUG org.hibernate.SQL - insert into app_user (avatar_id,background_id,created_at,email,name,password,role_id,username) values (?,?,?,?,?,?,?,?)
2026-01-16 18:34:57.650 [Test worker] DEBUG org.hibernate.SQL - insert into hazard_category (active,icon_path,name) values (?,?,?)
2026-01-16 18:34:57.652 [Test worker] DEBUG org.hibernate.SQL - insert into hazard_report (category_id,created_at,created_by_id,latitude,longitude,status) values (?,?,?,?,?,?)
2026-01-16 18:34:57.656 [Test worker] DEBUG org.hibernate.SQL - select u1_0.id,u1_0.avatar_id,u1_0.background_id,u1_0.created_at,u1_0.email,u1_0.name,u1_0.password,u1_0.role_id,u1_0.username from app_user u1_0 where u1_0.email=?
2026-01-16 18:34:57.660 [Test worker] DEBUG org.hibernate.SQL - select u1_0.id,u1_0.avatar_id,u1_0.background_id,u1_0.created_at,u1_0.email,u1_0.name,u1_0.password,u1_0.role_id,u1_0.username from app_user u1_0 where u1_0.email=?
2026-01-16 18:34:57.663 [Test worker] INFO  n.f.d.b.controller.VoteController - Vote request - email: voter@test.com, hazardId: 1688, voteType: UPVOTE
2026-01-16 18:34:57.664 [Test worker] DEBUG org.hibernate.SQL - select u1_0.id,u1_0.avatar_id,u1_0.background_id,u1_0.created_at,u1_0.email,u1_0.name,u1_0.password,u1_0.role_id,u1_0.username from app_user u1_0 where u1_0.email=?
2026-01-16 18:34:57.667 [Test worker] DEBUG org.hibernate.SQL - select v1_0.id from vote v1_0 join hazard_report hr1_0 on hr1_0.id=v1_0.hazard_report_id join app_user u1_0 on u1_0.id=v1_0.user_id where hr1_0.id=? and u1_0.id=? fetch first ? rows only
2026-01-16 18:34:57.668 [Test worker] DEBUG org.hibernate.SQL - insert into vote (created_at,hazard_report_id,user_id,vote_type) values (?,?,?,?)
2026-01-16 18:34:57.672 [Test worker] DEBUG org.hibernate.SQL - select s1_0.id from "statistics" s1_0 join app_user u1_0 on u1_0.id=s1_0.user_id where u1_0.id=? fetch first ? rows only
2026-01-16 18:34:57.673 [Test worker] DEBUG org.hibernate.SQL - insert into "statistics" (total_distance_km,total_hazards_reported,total_trips,total_votes,user_id) values (?,?,?,?,?)
2026-01-16 18:34:57.675 [Test worker] DEBUG org.hibernate.SQL - update "statistics" s1_0 set total_votes=(s1_0.total_votes+1) where s1_0.user_id=?
2026-01-16 18:34:57.677 [Test worker] INFO  n.f.db3.backend.service.VoteService - Vote saved successfully - voteId: 715, userId: 8351, hazardId: 1688, voteType: UPVOTE
2026-01-16 18:34:57.677 [Test worker] INFO  n.f.d.b.controller.VoteController - Vote saved successfully - voteId: 715, email: voter@test.com, hazardId: 1688, voteType: UPVOTE
2026-01-16 18:34:57.686 [Test worker] DEBUG org.hibernate.SQL - select r1_0.id,r1_0.name from role r1_0 where r1_0.name=?
2026-01-16 18:34:57.688 [Test worker] DEBUG org.hibernate.SQL - insert into role (name) values (?)
2026-01-16 18:34:57.752 [Test worker] DEBUG org.hibernate.SQL - insert into app_user (avatar_id,background_id,created_at,email,name,password,role_id,username) values (?,?,?,?,?,?,?,?)
2026-01-16 18:34:57.819 [Test worker] DEBUG org.hibernate.SQL - insert into app_user (avatar_id,background_id,created_at,email,name,password,role_id,username) values (?,?,?,?,?,?,?,?)
2026-01-16 18:34:57.822 [Test worker] DEBUG org.hibernate.SQL - insert into hazard_category (active,icon_path,name) values (?,?,?)
2026-01-16 18:34:57.825 [Test worker] DEBUG org.hibernate.SQL - insert into hazard_report (category_id,created_at,created_by_id,latitude,longitude,status) values (?,?,?,?,?,?)
2026-01-16 18:34:57.828 [Test worker] DEBUG org.hibernate.SQL - select u1_0.id,u1_0.avatar_id,u1_0.background_id,u1_0.created_at,u1_0.email,u1_0.name,u1_0.password,u1_0.role_id,u1_0.username from app_user u1_0 where u1_0.email=?
2026-01-16 18:34:57.832 [Test worker] DEBUG org.hibernate.SQL - select u1_0.id,u1_0.avatar_id,u1_0.background_id,u1_0.created_at,u1_0.email,u1_0.name,u1_0.password,u1_0.role_id,u1_0.username from app_user u1_0 where u1_0.email=?
2026-01-16 18:34:57.836 [Test worker] DEBUG org.hibernate.SQL - select u1_0.id,u1_0.avatar_id,u1_0.background_id,u1_0.created_at,u1_0.email,u1_0.name,u1_0.password,u1_0.role_id,u1_0.username from app_user u1_0 where u1_0.email=?
2026-01-16 18:34:57.839 [Test worker] DEBUG org.hibernate.SQL - select v1_0.id,v1_0.created_at,v1_0.hazard_report_id,v1_0.user_id,v1_0.vote_type from vote v1_0 join hazard_report hr1_0 on hr1_0.id=v1_0.hazard_report_id join app_user u1_0 on u1_0.id=v1_0.user_id where hr1_0.id=? and u1_0.id=?
2026-01-16 18:34:57.848 [Test worker] DEBUG org.hibernate.SQL - select r1_0.id,r1_0.name from role r1_0 where r1_0.name=?
2026-01-16 18:34:57.849 [Test worker] DEBUG org.hibernate.SQL - insert into role (name) values (?)
2026-01-16 18:34:57.915 [Test worker] DEBUG org.hibernate.SQL - insert into app_user (avatar_id,background_id,created_at,email,name,password,role_id,username) values (?,?,?,?,?,?,?,?)
2026-01-16 18:34:57.980 [Test worker] DEBUG org.hibernate.SQL - insert into app_user (avatar_id,background_id,created_at,email,name,password,role_id,username) values (?,?,?,?,?,?,?,?)
2026-01-16 18:34:57.983 [Test worker] DEBUG org.hibernate.SQL - insert into hazard_category (active,icon_path,name) values (?,?,?)
2026-01-16 18:34:57.985 [Test worker] DEBUG org.hibernate.SQL - insert into hazard_report (category_id,created_at,created_by_id,latitude,longitude,status) values (?,?,?,?,?,?)
2026-01-16 18:34:57.988 [Test worker] DEBUG org.hibernate.SQL - select u1_0.id,u1_0.avatar_id,u1_0.background_id,u1_0.created_at,u1_0.email,u1_0.name,u1_0.password,u1_0.role_id,u1_0.username from app_user u1_0 where u1_0.email=?
2026-01-16 18:34:57.992 [Test worker] DEBUG org.hibernate.SQL - select u1_0.id,u1_0.avatar_id,u1_0.background_id,u1_0.created_at,u1_0.email,u1_0.name,u1_0.password,u1_0.role_id,u1_0.username from app_user u1_0 where u1_0.email=?
2026-01-16 18:34:57.996 [Test worker] INFO  n.f.d.b.controller.VoteController - Vote request - email: voter@test.com, hazardId: 1690, voteType: DOWNVOTE
2026-01-16 18:34:57.997 [Test worker] DEBUG org.hibernate.SQL - select u1_0.id,u1_0.avatar_id,u1_0.background_id,u1_0.created_at,u1_0.email,u1_0.name,u1_0.password,u1_0.role_id,u1_0.username from app_user u1_0 where u1_0.email=?
2026-01-16 18:34:57.999 [Test worker] DEBUG org.hibernate.SQL - select v1_0.id from vote v1_0 join hazard_report hr1_0 on hr1_0.id=v1_0.hazard_report_id join app_user u1_0 on u1_0.id=v1_0.user_id where hr1_0.id=? and u1_0.id=? fetch first ? rows only
2026-01-16 18:34:58.001 [Test worker] DEBUG org.hibernate.SQL - insert into vote (created_at,hazard_report_id,user_id,vote_type) values (?,?,?,?)
2026-01-16 18:34:58.004 [Test worker] DEBUG org.hibernate.SQL - select s1_0.id from "statistics" s1_0 join app_user u1_0 on u1_0.id=s1_0.user_id where u1_0.id=? fetch first ? rows only
2026-01-16 18:34:58.006 [Test worker] DEBUG org.hibernate.SQL - insert into "statistics" (total_distance_km,total_hazards_reported,total_trips,total_votes,user_id) values (?,?,?,?,?)
2026-01-16 18:34:58.008 [Test worker] DEBUG org.hibernate.SQL - update "statistics" s1_0 set total_votes=(s1_0.total_votes+1) where s1_0.user_id=?
2026-01-16 18:34:58.009 [Test worker] INFO  n.f.db3.backend.service.VoteService - Vote saved successfully - voteId: 716, userId: 8355, hazardId: 1690, voteType: DOWNVOTE
2026-01-16 18:34:58.009 [Test worker] INFO  n.f.d.b.controller.VoteController - Vote saved successfully - voteId: 716, email: voter@test.com, hazardId: 1690, voteType: DOWNVOTE
2026-01-16 18:34:58.016 [Test worker] DEBUG org.hibernate.SQL - select r1_0.id,r1_0.name from role r1_0 where r1_0.name=?
2026-01-16 18:34:58.018 [Test worker] DEBUG org.hibernate.SQL - insert into role (name) values (?)
2026-01-16 18:34:58.082 [Test worker] DEBUG org.hibernate.SQL - insert into app_user (avatar_id,background_id,created_at,email,name,password,role_id,username) values (?,?,?,?,?,?,?,?)
2026-01-16 18:34:58.150 [Test worker] DEBUG org.hibernate.SQL - insert into app_user (avatar_id,background_id,created_at,email,name,password,role_id,username) values (?,?,?,?,?,?,?,?)
2026-01-16 18:34:58.153 [Test worker] DEBUG org.hibernate.SQL - insert into hazard_category (active,icon_path,name) values (?,?,?)
2026-01-16 18:34:58.155 [Test worker] DEBUG org.hibernate.SQL - insert into hazard_report (category_id,created_at,created_by_id,latitude,longitude,status) values (?,?,?,?,?,?)
2026-01-16 18:34:58.157 [Test worker] DEBUG org.hibernate.SQL - select u1_0.id,u1_0.avatar_id,u1_0.background_id,u1_0.created_at,u1_0.email,u1_0.name,u1_0.password,u1_0.role_id,u1_0.username from app_user u1_0 where u1_0.email=?
2026-01-16 18:34:58.168 [Test worker] DEBUG org.hibernate.SQL - select r1_0.id,r1_0.name from role r1_0 where r1_0.name=?
2026-01-16 18:34:58.170 [Test worker] DEBUG org.hibernate.SQL - insert into role (name) values (?)
2026-01-16 18:34:58.235 [Test worker] DEBUG org.hibernate.SQL - insert into app_user (avatar_id,background_id,created_at,email,name,password,role_id,username) values (?,?,?,?,?,?,?,?)
2026-01-16 18:34:58.300 [Test worker] DEBUG org.hibernate.SQL - insert into app_user (avatar_id,background_id,created_at,email,name,password,role_id,username) values (?,?,?,?,?,?,?,?)
2026-01-16 18:34:58.304 [Test worker] DEBUG org.hibernate.SQL - insert into hazard_category (active,icon_path,name) values (?,?,?)
2026-01-16 18:34:58.306 [Test worker] DEBUG org.hibernate.SQL - insert into hazard_report (category_id,created_at,created_by_id,latitude,longitude,status) values (?,?,?,?,?,?)
2026-01-16 18:34:58.310 [Test worker] DEBUG org.hibernate.SQL - select u1_0.id,u1_0.avatar_id,u1_0.background_id,u1_0.created_at,u1_0.email,u1_0.name,u1_0.password,u1_0.role_id,u1_0.username from app_user u1_0 where u1_0.email=?
2026-01-16 18:34:58.314 [Test worker] DEBUG org.hibernate.SQL - insert into vote (created_at,hazard_report_id,user_id,vote_type) values (?,?,?,?)
2026-01-16 18:34:58.320 [Test worker] DEBUG org.hibernate.SQL - select u1_0.id,u1_0.avatar_id,u1_0.background_id,u1_0.created_at,u1_0.email,u1_0.name,u1_0.password,u1_0.role_id,u1_0.username from app_user u1_0 where u1_0.email=?
2026-01-16 18:34:58.324 [Test worker] DEBUG org.hibernate.SQL - select v1_0.id,v1_0.created_at,v1_0.hazard_report_id,v1_0.user_id,v1_0.vote_type from vote v1_0
2026-01-16 18:34:58.336 [Test worker] DEBUG org.hibernate.SQL - select r1_0.id,r1_0.name from role r1_0 where r1_0.name=?
2026-01-16 18:34:58.338 [Test worker] DEBUG org.hibernate.SQL - insert into role (name) values (?)
2026-01-16 18:34:58.405 [Test worker] DEBUG org.hibernate.SQL - insert into app_user (avatar_id,background_id,created_at,email,name,password,role_id,username) values (?,?,?,?,?,?,?,?)
2026-01-16 18:34:58.471 [Test worker] DEBUG org.hibernate.SQL - insert into app_user (avatar_id,background_id,created_at,email,name,password,role_id,username) values (?,?,?,?,?,?,?,?)
2026-01-16 18:34:58.475 [Test worker] DEBUG org.hibernate.SQL - insert into hazard_category (active,icon_path,name) values (?,?,?)
2026-01-16 18:34:58.476 [Test worker] DEBUG org.hibernate.SQL - insert into hazard_report (category_id,created_at,created_by_id,latitude,longitude,status) values (?,?,?,?,?,?)
2026-01-16 18:34:58.480 [Test worker] DEBUG org.hibernate.SQL - select u1_0.id,u1_0.avatar_id,u1_0.background_id,u1_0.created_at,u1_0.email,u1_0.name,u1_0.password,u1_0.role_id,u1_0.username from app_user u1_0 where u1_0.email=?
2026-01-16 18:34:58.482 [Test worker] DEBUG org.hibernate.SQL - insert into vote (created_at,hazard_report_id,user_id,vote_type) values (?,?,?,?)
2026-01-16 18:34:58.487 [Test worker] DEBUG org.hibernate.SQL - select u1_0.id,u1_0.avatar_id,u1_0.background_id,u1_0.created_at,u1_0.email,u1_0.name,u1_0.password,u1_0.role_id,u1_0.username from app_user u1_0 where u1_0.email=?
2026-01-16 18:34:58.490 [Test worker] DEBUG org.hibernate.SQL - select u1_0.id,u1_0.avatar_id,u1_0.background_id,u1_0.created_at,u1_0.email,u1_0.name,u1_0.password,u1_0.role_id,u1_0.username from app_user u1_0 where u1_0.email=?
2026-01-16 18:34:58.492 [Test worker] DEBUG org.hibernate.SQL - select v1_0.id,v1_0.created_at,v1_0.hazard_report_id,v1_0.user_id,v1_0.vote_type from vote v1_0 join hazard_report hr1_0 on hr1_0.id=v1_0.hazard_report_id join app_user u1_0 on u1_0.id=v1_0.user_id where hr1_0.id=? and u1_0.id=?
2026-01-16 18:34:58.503 [Test worker] INFO  o.s.t.c.s.AnnotationConfigContextLoaderUtils - Could not detect default configuration classes for test class [nl.fontys.db3.backend.integration.repository.AvatarRepositoryIT]: AvatarRepositoryIT does not declare any static, non-private, non-final, nested classes annotated with @Configuration.
2026-01-16 18:34:58.524 [Test worker] INFO  o.s.b.t.c.SpringBootTestContextBootstrapper - Found @SpringBootConfiguration nl.fontys.db3.backend.BackendApplication for test class nl.fontys.db3.backend.integration.repository.AvatarRepositoryIT
2026-01-16 18:34:58.556 [Test worker] INFO  n.f.d.b.i.r.AvatarRepositoryIT - Starting AvatarRepositoryIT using Java 21.0.9 with PID 49060 (started by Oscar in C:\Users\Oscar\source\repos\individual-project-s3\backend)
2026-01-16 18:34:58.556 [Test worker] INFO  n.f.d.b.i.r.AvatarRepositoryIT - The following 1 profile is active: "test"
2026-01-16 18:34:58.701 [Test worker] INFO  o.s.d.r.c.RepositoryConfigurationDelegate - Bootstrapping Spring Data JPA repositories in DEFAULT mode.
2026-01-16 18:34:58.746 [Test worker] INFO  o.s.d.r.c.RepositoryConfigurationDelegate - Finished Spring Data repository scanning in 42 ms. Found 14 JPA repository interfaces.
2026-01-16 18:34:58.830 [Test worker] INFO  com.zaxxer.hikari.HikariDataSource - HikariPool-2 - Starting...
2026-01-16 18:34:58.861 [Test worker] INFO  com.zaxxer.hikari.pool.HikariPool - HikariPool-2 - Added connection org.postgresql.jdbc.PgConnection@6d213829
2026-01-16 18:34:58.861 [Test worker] INFO  com.zaxxer.hikari.HikariDataSource - HikariPool-2 - Start completed.
2026-01-16 18:34:58.864 [Test worker] INFO  org.flywaydb.core.FlywayExecutor - Database: jdbc:postgresql://localhost:5432/testdb (PostgreSQL 16.11)
2026-01-16 18:34:58.903 [Test worker] INFO  o.f.core.internal.command.DbValidate - Successfully validated 3 migrations (execution time 00:00.018s)
2026-01-16 18:34:58.940 [Test worker] INFO  o.f.core.internal.command.DbMigrate - Current version of schema "public": 3
2026-01-16 18:34:58.941 [Test worker] INFO  o.f.core.internal.command.DbMigrate - Schema "public" is up to date. No migration necessary.
2026-01-16 18:34:58.992 [Test worker] INFO  o.s.o.j.p.SpringPersistenceUnitInfo - No LoadTimeWeaver setup: ignoring JPA class transformer
2026-01-16 18:34:59.000 [Test worker] WARN  org.hibernate.orm.deprecation - HHH90000025: PostgreSQLDialect does not need to be specified explicitly using 'hibernate.dialect' (remove the property setting and it will be selected by default)
2026-01-16 18:34:59.216 [Test worker] INFO  o.s.o.j.LocalContainerEntityManagerFactoryBean - Initialized JPA EntityManagerFactory for persistence unit 'default'
2026-01-16 18:34:59.487 [Test worker] INFO  n.f.d.b.i.r.AvatarRepositoryIT - Started AvatarRepositoryIT in 0.959 seconds (process running for 28.572)
2026-01-16 18:34:59.497 [Test worker] DEBUG org.hibernate.SQL - select a1_0.id,a1_0.active,a1_0.image_path,a1_0.name from avatar a1_0
2026-01-16 18:34:59.504 [Test worker] DEBUG org.hibernate.SQL - insert into avatar (active,image_path,name) values (?,?,?)
2026-01-16 18:34:59.508 [Test worker] DEBUG org.hibernate.SQL - insert into avatar (active,image_path,name) values (?,?,?)
2026-01-16 18:34:59.512 [Test worker] DEBUG org.hibernate.SQL - insert into avatar (active,image_path,name) values (?,?,?)
2026-01-16 18:34:59.517 [Test worker] DEBUG org.hibernate.SQL - select a1_0.id,a1_0.active,a1_0.image_path,a1_0.name from avatar a1_0 where a1_0.active order by a1_0.name
2026-01-16 18:34:59.533 [Test worker] DEBUG org.hibernate.SQL - select a1_0.id,a1_0.active,a1_0.image_path,a1_0.name from avatar a1_0
2026-01-16 18:34:59.537 [Test worker] DEBUG org.hibernate.SQL - select a1_0.id from avatar a1_0 where a1_0.name=? fetch first ? rows only
2026-01-16 18:34:59.548 [Test worker] DEBUG org.hibernate.SQL - select a1_0.id,a1_0.active,a1_0.image_path,a1_0.name from avatar a1_0
2026-01-16 18:34:59.553 [Test worker] DEBUG org.hibernate.SQL - insert into avatar (active,image_path,name) values (?,?,?)
2026-01-16 18:34:59.557 [Test worker] DEBUG org.hibernate.SQL - select a1_0.id,a1_0.active,a1_0.image_path,a1_0.name from avatar a1_0 where upper(a1_0.name)=upper(?) and a1_0.active
2026-01-16 18:34:59.568 [Test worker] DEBUG org.hibernate.SQL - select a1_0.id,a1_0.active,a1_0.image_path,a1_0.name from avatar a1_0
2026-01-16 18:34:59.571 [Test worker] DEBUG org.hibernate.SQL - insert into avatar (active,image_path,name) values (?,?,?)
2026-01-16 18:34:59.578 [Test worker] DEBUG org.hibernate.SQL - select a1_0.id from avatar a1_0 where a1_0.image_path=? fetch first ? rows only
2026-01-16 18:34:59.588 [Test worker] DEBUG org.hibernate.SQL - select a1_0.id,a1_0.active,a1_0.image_path,a1_0.name from avatar a1_0
2026-01-16 18:34:59.591 [Test worker] DEBUG org.hibernate.SQL - insert into avatar (active,image_path,name) values (?,?,?)
2026-01-16 18:34:59.599 [Test worker] DEBUG org.hibernate.SQL - insert into avatar (active,image_path,name) values (?,?,?)
2026-01-16 18:34:59.612 [Test worker] WARN  o.h.e.jdbc.spi.SqlExceptionHelper - SQL Error: 0, SQLState: 23505
2026-01-16 18:34:59.612 [Test worker] ERROR o.h.e.jdbc.spi.SqlExceptionHelper - ERROR: duplicate key value violates unique constraint "uq_avatar_image_path"
  Detail: Key (image_path)=(avatars/same.png) already exists.
2026-01-16 18:34:59.636 [Test worker] DEBUG org.hibernate.SQL - select a1_0.id,a1_0.active,a1_0.image_path,a1_0.name from avatar a1_0
2026-01-16 18:34:59.640 [Test worker] DEBUG org.hibernate.SQL - select a1_0.id from avatar a1_0 where a1_0.image_path=? fetch first ? rows only
2026-01-16 18:34:59.652 [Test worker] DEBUG org.hibernate.SQL - select a1_0.id,a1_0.active,a1_0.image_path,a1_0.name from avatar a1_0
2026-01-16 18:34:59.655 [Test worker] DEBUG org.hibernate.SQL - insert into avatar (active,image_path,name) values (?,?,?)
2026-01-16 18:34:59.660 [Test worker] DEBUG org.hibernate.SQL - select a1_0.id from avatar a1_0 where a1_0.name=? fetch first ? rows only
2026-01-16 18:34:59.672 [Test worker] DEBUG org.hibernate.SQL - select a1_0.id,a1_0.active,a1_0.image_path,a1_0.name from avatar a1_0
2026-01-16 18:34:59.675 [Test worker] DEBUG org.hibernate.SQL - insert into avatar (active,image_path,name) values (?,?,?)
2026-01-16 18:34:59.679 [Test worker] DEBUG org.hibernate.SQL - insert into avatar (active,image_path,name) values (?,?,?)
2026-01-16 18:34:59.682 [Test worker] WARN  o.h.e.jdbc.spi.SqlExceptionHelper - SQL Error: 0, SQLState: 23505
2026-01-16 18:34:59.682 [Test worker] ERROR o.h.e.jdbc.spi.SqlExceptionHelper - ERROR: duplicate key value violates unique constraint "uq_avatar_name"
  Detail: Key (name)=(Duplicate) already exists.
2026-01-16 18:34:59.691 [Test worker] DEBUG org.hibernate.SQL - select a1_0.id,a1_0.active,a1_0.image_path,a1_0.name from avatar a1_0
2026-01-16 18:34:59.694 [Test worker] DEBUG org.hibernate.SQL - insert into avatar (active,image_path,name) values (?,?,?)
2026-01-16 18:34:59.698 [Test worker] DEBUG org.hibernate.SQL - select a1_0.id,a1_0.active,a1_0.image_path,a1_0.name from avatar a1_0 where upper(a1_0.name)=upper(?) and a1_0.active
2026-01-16 18:34:59.713 [Test worker] DEBUG org.hibernate.SQL - select a1_0.id,a1_0.active,a1_0.image_path,a1_0.name from avatar a1_0
2026-01-16 18:34:59.716 [Test worker] DEBUG org.hibernate.SQL - insert into avatar (active,image_path,name) values (?,?,?)
2026-01-16 18:34:59.726 [Test worker] INFO  o.s.t.c.s.AnnotationConfigContextLoaderUtils - Could not detect default configuration classes for test class [nl.fontys.db3.backend.integration.repository.BackgroundRepositoryIT]: BackgroundRepositoryIT does not declare any static, non-private, non-final, nested classes annotated with @Configuration.
2026-01-16 18:34:59.738 [Test worker] INFO  o.s.b.t.c.SpringBootTestContextBootstrapper - Found @SpringBootConfiguration nl.fontys.db3.backend.BackendApplication for test class nl.fontys.db3.backend.integration.repository.BackgroundRepositoryIT
2026-01-16 18:34:59.746 [Test worker] DEBUG org.hibernate.SQL - select b1_0.id,b1_0.active,b1_0.image_path,b1_0.name from background b1_0
2026-01-16 18:34:59.750 [Test worker] DEBUG org.hibernate.SQL - insert into background (active,image_path,name) values (?,?,?)
2026-01-16 18:34:59.754 [Test worker] DEBUG org.hibernate.SQL - insert into background (active,image_path,name) values (?,?,?)
2026-01-16 18:34:59.756 [Test worker] DEBUG org.hibernate.SQL - insert into background (active,image_path,name) values (?,?,?)
2026-01-16 18:34:59.759 [Test worker] DEBUG org.hibernate.SQL - select b1_0.id,b1_0.active,b1_0.image_path,b1_0.name from background b1_0 where b1_0.active order by b1_0.name
2026-01-16 18:34:59.770 [Test worker] DEBUG org.hibernate.SQL - select b1_0.id,b1_0.active,b1_0.image_path,b1_0.name from background b1_0
2026-01-16 18:34:59.774 [Test worker] DEBUG org.hibernate.SQL - select b1_0.id from background b1_0 where b1_0.name=? fetch first ? rows only
2026-01-16 18:34:59.780 [Test worker] DEBUG org.hibernate.SQL - select b1_0.id,b1_0.active,b1_0.image_path,b1_0.name from background b1_0
2026-01-16 18:34:59.783 [Test worker] DEBUG org.hibernate.SQL - insert into background (active,image_path,name) values (?,?,?)
2026-01-16 18:34:59.786 [Test worker] DEBUG org.hibernate.SQL - select b1_0.id,b1_0.active,b1_0.image_path,b1_0.name from background b1_0 where upper(b1_0.name)=upper(?) and b1_0.active
2026-01-16 18:34:59.795 [Test worker] DEBUG org.hibernate.SQL - select b1_0.id,b1_0.active,b1_0.image_path,b1_0.name from background b1_0
2026-01-16 18:34:59.797 [Test worker] DEBUG org.hibernate.SQL - insert into background (active,image_path,name) values (?,?,?)
2026-01-16 18:34:59.801 [Test worker] DEBUG org.hibernate.SQL - select b1_0.id from background b1_0 where b1_0.image_path=? fetch first ? rows only
2026-01-16 18:34:59.809 [Test worker] DEBUG org.hibernate.SQL - select b1_0.id,b1_0.active,b1_0.image_path,b1_0.name from background b1_0
2026-01-16 18:34:59.812 [Test worker] DEBUG org.hibernate.SQL - select b1_0.id from background b1_0 where b1_0.image_path=? fetch first ? rows only
2026-01-16 18:34:59.821 [Test worker] DEBUG org.hibernate.SQL - select b1_0.id,b1_0.active,b1_0.image_path,b1_0.name from background b1_0
2026-01-16 18:34:59.824 [Test worker] DEBUG org.hibernate.SQL - insert into background (active,image_path,name) values (?,?,?)
2026-01-16 18:34:59.827 [Test worker] DEBUG org.hibernate.SQL - select b1_0.id from background b1_0 where b1_0.name=? fetch first ? rows only
2026-01-16 18:34:59.835 [Test worker] DEBUG org.hibernate.SQL - select b1_0.id,b1_0.active,b1_0.image_path,b1_0.name from background b1_0
2026-01-16 18:34:59.837 [Test worker] DEBUG org.hibernate.SQL - insert into background (active,image_path,name) values (?,?,?)
2026-01-16 18:34:59.840 [Test worker] DEBUG org.hibernate.SQL - select b1_0.id,b1_0.active,b1_0.image_path,b1_0.name from background b1_0 where upper(b1_0.name)=upper(?) and b1_0.active
2026-01-16 18:34:59.848 [Test worker] DEBUG org.hibernate.SQL - select b1_0.id,b1_0.active,b1_0.image_path,b1_0.name from background b1_0
2026-01-16 18:34:59.851 [Test worker] DEBUG org.hibernate.SQL - insert into background (active,image_path,name) values (?,?,?)
2026-01-16 18:34:59.858 [Test worker] INFO  o.s.t.c.s.AnnotationConfigContextLoaderUtils - Could not detect default configuration classes for test class [nl.fontys.db3.backend.integration.repository.DeviceOwnershipRepositoryIT]: DeviceOwnershipRepositoryIT does not declare any static, non-private, non-final, nested classes annotated with @Configuration.
2026-01-16 18:34:59.866 [Test worker] INFO  o.s.b.t.c.SpringBootTestContextBootstrapper - Found @SpringBootConfiguration nl.fontys.db3.backend.BackendApplication for test class nl.fontys.db3.backend.integration.repository.DeviceOwnershipRepositoryIT
2026-01-16 18:34:59.873 [Test worker] DEBUG org.hibernate.SQL - select do1_0.id,do1_0.active,do1_0.created_at,do1_0.device_id,do1_0.notes,do1_0.transferred_at,do1_0.user_id from device_ownership do1_0
2026-01-16 18:34:59.877 [Test worker] DEBUG org.hibernate.SQL - select u1_0.id,u1_0.avatar_id,u1_0.background_id,u1_0.created_at,u1_0.email,u1_0.name,u1_0.password,u1_0.role_id,u1_0.username from app_user u1_0
2026-01-16 18:34:59.880 [Test worker] DEBUG org.hibernate.SQL - select r1_0.id,r1_0.name from role r1_0
2026-01-16 18:34:59.882 [Test worker] DEBUG org.hibernate.SQL - insert into role (name) values (?)
2026-01-16 18:34:59.885 [Test worker] DEBUG org.hibernate.SQL - insert into app_user (avatar_id,background_id,created_at,email,name,password,role_id,username) values (?,?,?,?,?,?,?,?)
2026-01-16 18:34:59.887 [Test worker] DEBUG org.hibernate.SQL - insert into app_user (avatar_id,background_id,created_at,email,name,password,role_id,username) values (?,?,?,?,?,?,?,?)
2026-01-16 18:34:59.890 [Test worker] DEBUG org.hibernate.SQL - insert into device_ownership (active,created_at,device_id,notes,transferred_at,user_id) values (?,?,?,?,?,?)
2026-01-16 18:34:59.894 [Test worker] DEBUG org.hibernate.SQL - select do1_0.id,do1_0.active,do1_0.created_at,do1_0.device_id,do1_0.notes,do1_0.transferred_at,do1_0.user_id from device_ownership do1_0 where do1_0.device_id=? and do1_0.active
2026-01-16 18:34:59.904 [Test worker] DEBUG org.hibernate.SQL - select do1_0.id,do1_0.active,do1_0.created_at,do1_0.device_id,do1_0.notes,do1_0.transferred_at,do1_0.user_id from device_ownership do1_0
2026-01-16 18:34:59.906 [Test worker] DEBUG org.hibernate.SQL - select u1_0.id,u1_0.avatar_id,u1_0.background_id,u1_0.created_at,u1_0.email,u1_0.name,u1_0.password,u1_0.role_id,u1_0.username from app_user u1_0
2026-01-16 18:34:59.908 [Test worker] DEBUG org.hibernate.SQL - select r1_0.id,r1_0.name from role r1_0
2026-01-16 18:34:59.912 [Test worker] DEBUG org.hibernate.SQL - insert into role (name) values (?)
2026-01-16 18:34:59.914 [Test worker] DEBUG org.hibernate.SQL - insert into app_user (avatar_id,background_id,created_at,email,name,password,role_id,username) values (?,?,?,?,?,?,?,?)
2026-01-16 18:34:59.916 [Test worker] DEBUG org.hibernate.SQL - insert into app_user (avatar_id,background_id,created_at,email,name,password,role_id,username) values (?,?,?,?,?,?,?,?)
2026-01-16 18:34:59.919 [Test worker] DEBUG org.hibernate.SQL - insert into device_ownership (active,created_at,device_id,notes,transferred_at,user_id) values (?,?,?,?,?,?)
2026-01-16 18:34:59.922 [Test worker] DEBUG org.hibernate.SQL - insert into device_ownership (active,created_at,device_id,notes,transferred_at,user_id) values (?,?,?,?,?,?)
2026-01-16 18:34:59.925 [Test worker] DEBUG org.hibernate.SQL - select do1_0.id,do1_0.active,do1_0.created_at,do1_0.device_id,do1_0.notes,do1_0.transferred_at,do1_0.user_id from device_ownership do1_0 where do1_0.device_id=? order by do1_0.created_at desc
2026-01-16 18:34:59.935 [Test worker] DEBUG org.hibernate.SQL - select do1_0.id,do1_0.active,do1_0.created_at,do1_0.device_id,do1_0.notes,do1_0.transferred_at,do1_0.user_id from device_ownership do1_0
2026-01-16 18:34:59.938 [Test worker] DEBUG org.hibernate.SQL - select u1_0.id,u1_0.avatar_id,u1_0.background_id,u1_0.created_at,u1_0.email,u1_0.name,u1_0.password,u1_0.role_id,u1_0.username from app_user u1_0
2026-01-16 18:34:59.940 [Test worker] DEBUG org.hibernate.SQL - select r1_0.id,r1_0.name from role r1_0
2026-01-16 18:34:59.942 [Test worker] DEBUG org.hibernate.SQL - insert into role (name) values (?)
2026-01-16 18:34:59.944 [Test worker] DEBUG org.hibernate.SQL - insert into app_user (avatar_id,background_id,created_at,email,name,password,role_id,username) values (?,?,?,?,?,?,?,?)
2026-01-16 18:34:59.947 [Test worker] DEBUG org.hibernate.SQL - insert into app_user (avatar_id,background_id,created_at,email,name,password,role_id,username) values (?,?,?,?,?,?,?,?)
2026-01-16 18:34:59.949 [Test worker] DEBUG org.hibernate.SQL - insert into device_ownership (active,created_at,device_id,notes,transferred_at,user_id) values (?,?,?,?,?,?)
2026-01-16 18:34:59.952 [Test worker] DEBUG org.hibernate.SQL - select do1_0.id,do1_0.active,do1_0.created_at,do1_0.device_id,do1_0.notes,do1_0.transferred_at,do1_0.user_id from device_ownership do1_0 where do1_0.device_id=? and do1_0.active
2026-01-16 18:34:59.959 [Test worker] DEBUG org.hibernate.SQL - select do1_0.id,do1_0.active,do1_0.created_at,do1_0.device_id,do1_0.notes,do1_0.transferred_at,do1_0.user_id from device_ownership do1_0
2026-01-16 18:34:59.962 [Test worker] DEBUG org.hibernate.SQL - select u1_0.id,u1_0.avatar_id,u1_0.background_id,u1_0.created_at,u1_0.email,u1_0.name,u1_0.password,u1_0.role_id,u1_0.username from app_user u1_0
2026-01-16 18:34:59.963 [Test worker] DEBUG org.hibernate.SQL - select r1_0.id,r1_0.name from role r1_0
2026-01-16 18:34:59.965 [Test worker] DEBUG org.hibernate.SQL - insert into role (name) values (?)
2026-01-16 18:34:59.967 [Test worker] DEBUG org.hibernate.SQL - insert into app_user (avatar_id,background_id,created_at,email,name,password,role_id,username) values (?,?,?,?,?,?,?,?)
2026-01-16 18:34:59.969 [Test worker] DEBUG org.hibernate.SQL - insert into app_user (avatar_id,background_id,created_at,email,name,password,role_id,username) values (?,?,?,?,?,?,?,?)
2026-01-16 18:34:59.973 [Test worker] DEBUG org.hibernate.SQL - insert into device_ownership (active,created_at,device_id,notes,transferred_at,user_id) values (?,?,?,?,?,?)
2026-01-16 18:34:59.975 [Test worker] DEBUG org.hibernate.SQL - insert into device_ownership (active,created_at,device_id,notes,transferred_at,user_id) values (?,?,?,?,?,?)
2026-01-16 18:34:59.977 [Test worker] DEBUG org.hibernate.SQL - insert into device_ownership (active,created_at,device_id,notes,transferred_at,user_id) values (?,?,?,?,?,?)
2026-01-16 18:34:59.981 [Test worker] DEBUG org.hibernate.SQL - select do1_0.id,do1_0.active,do1_0.created_at,do1_0.device_id,do1_0.notes,do1_0.transferred_at,do1_0.user_id from device_ownership do1_0 left join app_user u1_0 on u1_0.id=do1_0.user_id where u1_0.id=? and do1_0.active
2026-01-16 18:34:59.990 [Test worker] DEBUG org.hibernate.SQL - select do1_0.id,do1_0.active,do1_0.created_at,do1_0.device_id,do1_0.notes,do1_0.transferred_at,do1_0.user_id from device_ownership do1_0
2026-01-16 18:34:59.992 [Test worker] DEBUG org.hibernate.SQL - select u1_0.id,u1_0.avatar_id,u1_0.background_id,u1_0.created_at,u1_0.email,u1_0.name,u1_0.password,u1_0.role_id,u1_0.username from app_user u1_0
2026-01-16 18:34:59.994 [Test worker] DEBUG org.hibernate.SQL - select r1_0.id,r1_0.name from role r1_0
2026-01-16 18:34:59.995 [Test worker] DEBUG org.hibernate.SQL - insert into role (name) values (?)
2026-01-16 18:34:59.997 [Test worker] DEBUG org.hibernate.SQL - insert into app_user (avatar_id,background_id,created_at,email,name,password,role_id,username) values (?,?,?,?,?,?,?,?)
2026-01-16 18:35:00.000 [Test worker] DEBUG org.hibernate.SQL - insert into app_user (avatar_id,background_id,created_at,email,name,password,role_id,username) values (?,?,?,?,?,?,?,?)
2026-01-16 18:35:00.003 [Test worker] DEBUG org.hibernate.SQL - insert into device_ownership (active,created_at,device_id,notes,transferred_at,user_id) values (?,?,?,?,?,?)
2026-01-16 18:35:00.005 [Test worker] DEBUG org.hibernate.SQL - insert into device_ownership (active,created_at,device_id,notes,transferred_at,user_id) values (?,?,?,?,?,?)
2026-01-16 18:35:00.007 [Test worker] DEBUG org.hibernate.SQL - select do1_0.id,do1_0.active,do1_0.created_at,do1_0.device_id,do1_0.notes,do1_0.transferred_at,do1_0.user_id from device_ownership do1_0 left join app_user u1_0 on u1_0.id=do1_0.user_id where u1_0.id=? order by do1_0.created_at desc
2026-01-16 18:35:00.015 [Test worker] DEBUG org.hibernate.SQL - select do1_0.id,do1_0.active,do1_0.created_at,do1_0.device_id,do1_0.notes,do1_0.transferred_at,do1_0.user_id from device_ownership do1_0
2026-01-16 18:35:00.018 [Test worker] DEBUG org.hibernate.SQL - select u1_0.id,u1_0.avatar_id,u1_0.background_id,u1_0.created_at,u1_0.email,u1_0.name,u1_0.password,u1_0.role_id,u1_0.username from app_user u1_0
2026-01-16 18:35:00.020 [Test worker] DEBUG org.hibernate.SQL - select r1_0.id,r1_0.name from role r1_0
2026-01-16 18:35:00.022 [Test worker] DEBUG org.hibernate.SQL - insert into role (name) values (?)
2026-01-16 18:35:00.024 [Test worker] DEBUG org.hibernate.SQL - insert into app_user (avatar_id,background_id,created_at,email,name,password,role_id,username) values (?,?,?,?,?,?,?,?)
2026-01-16 18:35:00.027 [Test worker] DEBUG org.hibernate.SQL - insert into app_user (avatar_id,background_id,created_at,email,name,password,role_id,username) values (?,?,?,?,?,?,?,?)
2026-01-16 18:35:00.030 [Test worker] DEBUG org.hibernate.SQL - insert into device_ownership (active,created_at,device_id,notes,transferred_at,user_id) values (?,?,?,?,?,?)
2026-01-16 18:35:00.034 [Test worker] DEBUG org.hibernate.SQL - update device_ownership set active=?,created_at=?,device_id=?,notes=?,transferred_at=?,user_id=? where id=?
2026-01-16 18:35:00.036 [Test worker] DEBUG org.hibernate.SQL - insert into device_ownership (active,created_at,device_id,notes,transferred_at,user_id) values (?,?,?,?,?,?)
2026-01-16 18:35:00.040 [Test worker] DEBUG org.hibernate.SQL - select do1_0.id,do1_0.active,do1_0.created_at,do1_0.device_id,do1_0.notes,do1_0.transferred_at,do1_0.user_id from device_ownership do1_0 where do1_0.device_id=? and do1_0.active
2026-01-16 18:35:00.048 [Test worker] DEBUG org.hibernate.SQL - select do1_0.id,do1_0.active,do1_0.created_at,do1_0.device_id,do1_0.notes,do1_0.transferred_at,do1_0.user_id from device_ownership do1_0
2026-01-16 18:35:00.049 [Test worker] DEBUG org.hibernate.SQL - select u1_0.id,u1_0.avatar_id,u1_0.background_id,u1_0.created_at,u1_0.email,u1_0.name,u1_0.password,u1_0.role_id,u1_0.username from app_user u1_0
2026-01-16 18:35:00.051 [Test worker] DEBUG org.hibernate.SQL - select r1_0.id,r1_0.name from role r1_0
2026-01-16 18:35:00.053 [Test worker] DEBUG org.hibernate.SQL - insert into role (name) values (?)
2026-01-16 18:35:00.055 [Test worker] DEBUG org.hibernate.SQL - insert into app_user (avatar_id,background_id,created_at,email,name,password,role_id,username) values (?,?,?,?,?,?,?,?)
2026-01-16 18:35:00.057 [Test worker] DEBUG org.hibernate.SQL - insert into app_user (avatar_id,background_id,created_at,email,name,password,role_id,username) values (?,?,?,?,?,?,?,?)
2026-01-16 18:35:00.060 [Test worker] DEBUG org.hibernate.SQL - insert into device_ownership (active,created_at,device_id,notes,transferred_at,user_id) values (?,?,?,?,?,?)
2026-01-16 18:35:00.067 [Test worker] INFO  o.s.t.c.s.AnnotationConfigContextLoaderUtils - Could not detect default configuration classes for test class [nl.fontys.db3.backend.integration.repository.DeviceRepositoryIT]: DeviceRepositoryIT does not declare any static, non-private, non-final, nested classes annotated with @Configuration.
2026-01-16 18:35:00.077 [Test worker] INFO  o.s.b.t.c.SpringBootTestContextBootstrapper - Found @SpringBootConfiguration nl.fontys.db3.backend.BackendApplication for test class nl.fontys.db3.backend.integration.repository.DeviceRepositoryIT
2026-01-16 18:35:00.081 [Test worker] DEBUG org.hibernate.SQL - select d1_0.id,d1_0.active,d1_0.api_key_hash,d1_0.created_at,d1_0.description,d1_0.device_id,d1_0.device_type,d1_0.firmware_version,d1_0.last_seen_at from device d1_0
2026-01-16 18:35:00.085 [Test worker] DEBUG org.hibernate.SQL - insert into device (active,api_key_hash,created_at,description,device_id,device_type,firmware_version,last_seen_at) values (?,?,?,?,?,?,?,?)
2026-01-16 18:35:00.088 [Test worker] DEBUG org.hibernate.SQL - select d1_0.id,d1_0.active,d1_0.api_key_hash,d1_0.created_at,d1_0.description,d1_0.device_id,d1_0.device_type,d1_0.firmware_version,d1_0.last_seen_at from device d1_0 where d1_0.device_id=? and d1_0.active
2026-01-16 18:35:00.095 [Test worker] DEBUG org.hibernate.SQL - select d1_0.id,d1_0.active,d1_0.api_key_hash,d1_0.created_at,d1_0.description,d1_0.device_id,d1_0.device_type,d1_0.firmware_version,d1_0.last_seen_at from device d1_0
2026-01-16 18:35:00.099 [Test worker] DEBUG org.hibernate.SQL - select d1_0.id,d1_0.active,d1_0.api_key_hash,d1_0.created_at,d1_0.description,d1_0.device_id,d1_0.device_type,d1_0.firmware_version,d1_0.last_seen_at from device d1_0 where d1_0.device_id=?
2026-01-16 18:35:00.106 [Test worker] DEBUG org.hibernate.SQL - select d1_0.id,d1_0.active,d1_0.api_key_hash,d1_0.created_at,d1_0.description,d1_0.device_id,d1_0.device_type,d1_0.firmware_version,d1_0.last_seen_at from device d1_0
2026-01-16 18:35:00.108 [Test worker] DEBUG org.hibernate.SQL - insert into device (active,api_key_hash,created_at,description,device_id,device_type,firmware_version,last_seen_at) values (?,?,?,?,?,?,?,?)
2026-01-16 18:35:00.112 [Test worker] DEBUG org.hibernate.SQL - select d1_0.id,d1_0.active,d1_0.api_key_hash,d1_0.created_at,d1_0.description,d1_0.device_id,d1_0.device_type,d1_0.firmware_version,d1_0.last_seen_at from device d1_0 where d1_0.device_id=?
2026-01-16 18:35:00.118 [Test worker] DEBUG org.hibernate.SQL - select d1_0.id,d1_0.active,d1_0.api_key_hash,d1_0.created_at,d1_0.description,d1_0.device_id,d1_0.device_type,d1_0.firmware_version,d1_0.last_seen_at from device d1_0
2026-01-16 18:35:00.121 [Test worker] DEBUG org.hibernate.SQL - insert into device (active,api_key_hash,created_at,description,device_id,device_type,firmware_version,last_seen_at) values (?,?,?,?,?,?,?,?)
2026-01-16 18:35:00.125 [Test worker] DEBUG org.hibernate.SQL - select d1_0.id,d1_0.active,d1_0.api_key_hash,d1_0.created_at,d1_0.description,d1_0.device_id,d1_0.device_type,d1_0.firmware_version,d1_0.last_seen_at from device d1_0 where d1_0.api_key_hash=? and d1_0.active
2026-01-16 18:35:00.132 [Test worker] DEBUG org.hibernate.SQL - select d1_0.id,d1_0.active,d1_0.api_key_hash,d1_0.created_at,d1_0.description,d1_0.device_id,d1_0.device_type,d1_0.firmware_version,d1_0.last_seen_at from device d1_0
2026-01-16 18:35:00.134 [Test worker] DEBUG org.hibernate.SQL - insert into device (active,api_key_hash,created_at,description,device_id,device_type,firmware_version,last_seen_at) values (?,?,?,?,?,?,?,?)
2026-01-16 18:35:00.138 [Test worker] DEBUG org.hibernate.SQL - select d1_0.id,d1_0.active,d1_0.api_key_hash,d1_0.created_at,d1_0.description,d1_0.device_id,d1_0.device_type,d1_0.firmware_version,d1_0.last_seen_at from device d1_0 where d1_0.api_key_hash=?
2026-01-16 18:35:00.145 [Test worker] DEBUG org.hibernate.SQL - select d1_0.id,d1_0.active,d1_0.api_key_hash,d1_0.created_at,d1_0.description,d1_0.device_id,d1_0.device_type,d1_0.firmware_version,d1_0.last_seen_at from device d1_0
2026-01-16 18:35:00.146 [Test worker] DEBUG org.hibernate.SQL - insert into device (active,api_key_hash,created_at,description,device_id,device_type,firmware_version,last_seen_at) values (?,?,?,?,?,?,?,?)
2026-01-16 18:35:00.149 [Test worker] DEBUG org.hibernate.SQL - update device set active=?,api_key_hash=?,created_at=?,description=?,device_id=?,device_type=?,firmware_version=?,last_seen_at=? where id=?
2026-01-16 18:35:00.151 [Test worker] DEBUG org.hibernate.SQL - select d1_0.id,d1_0.active,d1_0.api_key_hash,d1_0.created_at,d1_0.description,d1_0.device_id,d1_0.device_type,d1_0.firmware_version,d1_0.last_seen_at from device d1_0 where d1_0.device_id=? and d1_0.active
2026-01-16 18:35:00.157 [Test worker] DEBUG org.hibernate.SQL - select d1_0.id,d1_0.active,d1_0.api_key_hash,d1_0.created_at,d1_0.description,d1_0.device_id,d1_0.device_type,d1_0.firmware_version,d1_0.last_seen_at from device d1_0
2026-01-16 18:35:00.159 [Test worker] DEBUG org.hibernate.SQL - insert into device (active,api_key_hash,created_at,description,device_id,device_type,firmware_version,last_seen_at) values (?,?,?,?,?,?,?,?)
2026-01-16 18:35:00.161 [Test worker] DEBUG org.hibernate.SQL - select d1_0.id,d1_0.active,d1_0.api_key_hash,d1_0.created_at,d1_0.description,d1_0.device_id,d1_0.device_type,d1_0.firmware_version,d1_0.last_seen_at from device d1_0 where d1_0.api_key_hash=? and d1_0.active
2026-01-16 18:35:00.167 [Test worker] DEBUG org.hibernate.SQL - select d1_0.id,d1_0.active,d1_0.api_key_hash,d1_0.created_at,d1_0.description,d1_0.device_id,d1_0.device_type,d1_0.firmware_version,d1_0.last_seen_at from device d1_0
2026-01-16 18:35:00.170 [Test worker] DEBUG org.hibernate.SQL - insert into device (active,api_key_hash,created_at,description,device_id,device_type,firmware_version,last_seen_at) values (?,?,?,?,?,?,?,?)
2026-01-16 18:35:00.176 [Test worker] DEBUG org.hibernate.SQL - select d1_0.id,d1_0.active,d1_0.api_key_hash,d1_0.created_at,d1_0.description,d1_0.device_id,d1_0.device_type,d1_0.firmware_version,d1_0.last_seen_at from device d1_0
2026-01-16 18:35:00.177 [Test worker] DEBUG org.hibernate.SQL - insert into device (active,api_key_hash,created_at,description,device_id,device_type,firmware_version,last_seen_at) values (?,?,?,?,?,?,?,?)
2026-01-16 18:35:00.180 [Test worker] DEBUG org.hibernate.SQL - select d1_0.id,d1_0.active,d1_0.api_key_hash,d1_0.created_at,d1_0.description,d1_0.device_id,d1_0.device_type,d1_0.firmware_version,d1_0.last_seen_at from device d1_0 where d1_0.device_id=? and d1_0.active
2026-01-16 18:35:00.186 [Test worker] DEBUG org.hibernate.SQL - select d1_0.id,d1_0.active,d1_0.api_key_hash,d1_0.created_at,d1_0.description,d1_0.device_id,d1_0.device_type,d1_0.firmware_version,d1_0.last_seen_at from device d1_0
2026-01-16 18:35:00.188 [Test worker] DEBUG org.hibernate.SQL - insert into device (active,api_key_hash,created_at,description,device_id,device_type,firmware_version,last_seen_at) values (?,?,?,?,?,?,?,?)
2026-01-16 18:35:00.191 [Test worker] DEBUG org.hibernate.SQL - insert into device (active,api_key_hash,created_at,description,device_id,device_type,firmware_version,last_seen_at) values (?,?,?,?,?,?,?,?)
2026-01-16 18:35:00.193 [Test worker] WARN  o.h.e.jdbc.spi.SqlExceptionHelper - SQL Error: 0, SQLState: 23505
2026-01-16 18:35:00.193 [Test worker] ERROR o.h.e.jdbc.spi.SqlExceptionHelper - ERROR: duplicate key value violates unique constraint "uq_device_api_key_hash"
  Detail: Key (api_key_hash)=(same-hash) already exists.
2026-01-16 18:35:00.197 [Test worker] DEBUG org.hibernate.SQL - select d1_0.id,d1_0.active,d1_0.api_key_hash,d1_0.created_at,d1_0.description,d1_0.device_id,d1_0.device_type,d1_0.firmware_version,d1_0.last_seen_at from device d1_0
2026-01-16 18:35:00.200 [Test worker] DEBUG org.hibernate.SQL - insert into device (active,api_key_hash,created_at,description,device_id,device_type,firmware_version,last_seen_at) values (?,?,?,?,?,?,?,?)
2026-01-16 18:35:00.208 [Test worker] DEBUG org.hibernate.SQL - select d1_0.id,d1_0.active,d1_0.api_key_hash,d1_0.created_at,d1_0.description,d1_0.device_id,d1_0.device_type,d1_0.firmware_version,d1_0.last_seen_at from device d1_0
2026-01-16 18:35:00.209 [Test worker] DEBUG org.hibernate.SQL - insert into device (active,api_key_hash,created_at,description,device_id,device_type,firmware_version,last_seen_at) values (?,?,?,?,?,?,?,?)
2026-01-16 18:35:00.212 [Test worker] DEBUG org.hibernate.SQL - insert into device (active,api_key_hash,created_at,description,device_id,device_type,firmware_version,last_seen_at) values (?,?,?,?,?,?,?,?)
2026-01-16 18:35:00.215 [Test worker] WARN  o.h.e.jdbc.spi.SqlExceptionHelper - SQL Error: 0, SQLState: 23505
2026-01-16 18:35:00.215 [Test worker] ERROR o.h.e.jdbc.spi.SqlExceptionHelper - ERROR: duplicate key value violates unique constraint "uq_device_device_id"
  Detail: Key (device_id)=(ESP32-UNIQUE) already exists.
2026-01-16 18:35:00.219 [Test worker] INFO  o.s.t.c.s.AnnotationConfigContextLoaderUtils - Could not detect default configuration classes for test class [nl.fontys.db3.backend.integration.repository.FriendshipRepositoryIT]: FriendshipRepositoryIT does not declare any static, non-private, non-final, nested classes annotated with @Configuration.
2026-01-16 18:35:00.230 [Test worker] INFO  o.s.b.t.c.SpringBootTestContextBootstrapper - Found @SpringBootConfiguration nl.fontys.db3.backend.BackendApplication for test class nl.fontys.db3.backend.integration.repository.FriendshipRepositoryIT
2026-01-16 18:35:00.236 [Test worker] DEBUG org.hibernate.SQL - select f1_0.id,f1_0.addressee_id,f1_0.created_at,f1_0.requester_id,f1_0.status from friendship f1_0
2026-01-16 18:35:00.239 [Test worker] DEBUG org.hibernate.SQL - select u1_0.id,u1_0.avatar_id,u1_0.background_id,u1_0.created_at,u1_0.email,u1_0.name,u1_0.password,u1_0.role_id,u1_0.username from app_user u1_0
2026-01-16 18:35:00.240 [Test worker] DEBUG org.hibernate.SQL - select r1_0.id,r1_0.name from role r1_0
2026-01-16 18:35:00.241 [Test worker] DEBUG org.hibernate.SQL - insert into role (name) values (?)
2026-01-16 18:35:00.244 [Test worker] DEBUG org.hibernate.SQL - insert into app_user (avatar_id,background_id,created_at,email,name,password,role_id,username) values (?,?,?,?,?,?,?,?)
2026-01-16 18:35:00.247 [Test worker] DEBUG org.hibernate.SQL - insert into app_user (avatar_id,background_id,created_at,email,name,password,role_id,username) values (?,?,?,?,?,?,?,?)
2026-01-16 18:35:00.249 [Test worker] DEBUG org.hibernate.SQL - insert into app_user (avatar_id,background_id,created_at,email,name,password,role_id,username) values (?,?,?,?,?,?,?,?)
2026-01-16 18:35:00.252 [Test worker] DEBUG org.hibernate.SQL - insert into friendship (addressee_id,created_at,requester_id,status) values (?,?,?,?)
2026-01-16 18:35:00.254 [Test worker] DEBUG org.hibernate.SQL - insert into friendship (addressee_id,created_at,requester_id,status) values (?,?,?,?)
2026-01-16 18:35:00.257 [Test worker] DEBUG org.hibernate.SQL - select f1_0.id,f1_0.addressee_id,f1_0.created_at,f1_0.requester_id,f1_0.status from friendship f1_0 join app_user r1_0 on r1_0.id=f1_0.requester_id join app_user a1_0 on a1_0.id=f1_0.addressee_id where f1_0.status=? and r1_0.id=? or f1_0.status=? and a1_0.id=?
2026-01-16 18:35:00.264 [Test worker] DEBUG org.hibernate.SQL - select f1_0.id,f1_0.addressee_id,f1_0.created_at,f1_0.requester_id,f1_0.status from friendship f1_0
2026-01-16 18:35:00.266 [Test worker] DEBUG org.hibernate.SQL - select u1_0.id,u1_0.avatar_id,u1_0.background_id,u1_0.created_at,u1_0.email,u1_0.name,u1_0.password,u1_0.role_id,u1_0.username from app_user u1_0
2026-01-16 18:35:00.267 [Test worker] DEBUG org.hibernate.SQL - select r1_0.id,r1_0.name from role r1_0
2026-01-16 18:35:00.269 [Test worker] DEBUG org.hibernate.SQL - insert into role (name) values (?)
2026-01-16 18:35:00.270 [Test worker] DEBUG org.hibernate.SQL - insert into app_user (avatar_id,background_id,created_at,email,name,password,role_id,username) values (?,?,?,?,?,?,?,?)
2026-01-16 18:35:00.272 [Test worker] DEBUG org.hibernate.SQL - insert into app_user (avatar_id,background_id,created_at,email,name,password,role_id,username) values (?,?,?,?,?,?,?,?)
2026-01-16 18:35:00.274 [Test worker] DEBUG org.hibernate.SQL - insert into app_user (avatar_id,background_id,created_at,email,name,password,role_id,username) values (?,?,?,?,?,?,?,?)
2026-01-16 18:35:00.282 [Test worker] DEBUG org.hibernate.SQL - select f1_0.id,f1_0.addressee_id,f1_0.created_at,f1_0.requester_id,f1_0.status from friendship f1_0 where (f1_0.requester_id=? and f1_0.addressee_id=?) or (f1_0.requester_id=? and f1_0.addressee_id=?)
2026-01-16 18:35:00.288 [Test worker] DEBUG org.hibernate.SQL - select f1_0.id,f1_0.addressee_id,f1_0.created_at,f1_0.requester_id,f1_0.status from friendship f1_0
2026-01-16 18:35:00.290 [Test worker] DEBUG org.hibernate.SQL - select u1_0.id,u1_0.avatar_id,u1_0.background_id,u1_0.created_at,u1_0.email,u1_0.name,u1_0.password,u1_0.role_id,u1_0.username from app_user u1_0
2026-01-16 18:35:00.291 [Test worker] DEBUG org.hibernate.SQL - select r1_0.id,r1_0.name from role r1_0
2026-01-16 18:35:00.293 [Test worker] DEBUG org.hibernate.SQL - insert into role (name) values (?)
2026-01-16 18:35:00.294 [Test worker] DEBUG org.hibernate.SQL - insert into app_user (avatar_id,background_id,created_at,email,name,password,role_id,username) values (?,?,?,?,?,?,?,?)
2026-01-16 18:35:00.296 [Test worker] DEBUG org.hibernate.SQL - insert into app_user (avatar_id,background_id,created_at,email,name,password,role_id,username) values (?,?,?,?,?,?,?,?)
2026-01-16 18:35:00.298 [Test worker] DEBUG org.hibernate.SQL - insert into app_user (avatar_id,background_id,created_at,email,name,password,role_id,username) values (?,?,?,?,?,?,?,?)
2026-01-16 18:35:00.302 [Test worker] DEBUG org.hibernate.SQL - insert into friendship (addressee_id,created_at,requester_id,status) values (?,?,?,?)
2026-01-16 18:35:00.308 [Test worker] DEBUG org.hibernate.SQL - select f1_0.id,f1_0.addressee_id,f1_0.created_at,f1_0.requester_id,f1_0.status from friendship f1_0
2026-01-16 18:35:00.311 [Test worker] DEBUG org.hibernate.SQL - select u1_0.id,u1_0.avatar_id,u1_0.background_id,u1_0.created_at,u1_0.email,u1_0.name,u1_0.password,u1_0.role_id,u1_0.username from app_user u1_0
2026-01-16 18:35:00.313 [Test worker] DEBUG org.hibernate.SQL - select r1_0.id,r1_0.name from role r1_0
2026-01-16 18:35:00.314 [Test worker] DEBUG org.hibernate.SQL - insert into role (name) values (?)
2026-01-16 18:35:00.315 [Test worker] DEBUG org.hibernate.SQL - insert into app_user (avatar_id,background_id,created_at,email,name,password,role_id,username) values (?,?,?,?,?,?,?,?)
2026-01-16 18:35:00.317 [Test worker] DEBUG org.hibernate.SQL - insert into app_user (avatar_id,background_id,created_at,email,name,password,role_id,username) values (?,?,?,?,?,?,?,?)
2026-01-16 18:35:00.320 [Test worker] DEBUG org.hibernate.SQL - insert into app_user (avatar_id,background_id,created_at,email,name,password,role_id,username) values (?,?,?,?,?,?,?,?)
2026-01-16 18:35:00.322 [Test worker] DEBUG org.hibernate.SQL - insert into friendship (addressee_id,created_at,requester_id,status) values (?,?,?,?)
2026-01-16 18:35:00.324 [Test worker] DEBUG org.hibernate.SQL - insert into friendship (addressee_id,created_at,requester_id,status) values (?,?,?,?)
2026-01-16 18:35:00.328 [Test worker] DEBUG org.hibernate.SQL - select f1_0.id,f1_0.addressee_id,f1_0.created_at,f1_0.requester_id,f1_0.status from friendship f1_0 join app_user r1_0 on r1_0.id=f1_0.requester_id where r1_0.id=? and f1_0.status=?
2026-01-16 18:35:00.337 [Test worker] DEBUG org.hibernate.SQL - select f1_0.id,f1_0.addressee_id,f1_0.created_at,f1_0.requester_id,f1_0.status from friendship f1_0
2026-01-16 18:35:00.339 [Test worker] DEBUG org.hibernate.SQL - select u1_0.id,u1_0.avatar_id,u1_0.background_id,u1_0.created_at,u1_0.email,u1_0.name,u1_0.password,u1_0.role_id,u1_0.username from app_user u1_0
2026-01-16 18:35:00.342 [Test worker] DEBUG org.hibernate.SQL - select r1_0.id,r1_0.name from role r1_0
2026-01-16 18:35:00.345 [Test worker] DEBUG org.hibernate.SQL - insert into role (name) values (?)
2026-01-16 18:35:00.346 [Test worker] DEBUG org.hibernate.SQL - insert into app_user (avatar_id,background_id,created_at,email,name,password,role_id,username) values (?,?,?,?,?,?,?,?)
2026-01-16 18:35:00.348 [Test worker] DEBUG org.hibernate.SQL - insert into app_user (avatar_id,background_id,created_at,email,name,password,role_id,username) values (?,?,?,?,?,?,?,?)
2026-01-16 18:35:00.350 [Test worker] DEBUG org.hibernate.SQL - insert into app_user (avatar_id,background_id,created_at,email,name,password,role_id,username) values (?,?,?,?,?,?,?,?)
2026-01-16 18:35:00.356 [Test worker] DEBUG org.hibernate.SQL - insert into friendship (addressee_id,created_at,requester_id,status) values (?,?,?,?)
2026-01-16 18:35:00.361 [Test worker] DEBUG org.hibernate.SQL - insert into friendship (addressee_id,created_at,requester_id,status) values (?,?,?,?)
2026-01-16 18:35:00.364 [Test worker] DEBUG org.hibernate.SQL - insert into friendship (addressee_id,created_at,requester_id,status) values (?,?,?,?)
2026-01-16 18:35:00.367 [Test worker] DEBUG org.hibernate.SQL - select f1_0.id,f1_0.addressee_id,f1_0.created_at,f1_0.requester_id,f1_0.status from friendship f1_0 join app_user a1_0 on a1_0.id=f1_0.addressee_id where a1_0.id=? and f1_0.status=?
2026-01-16 18:35:00.374 [Test worker] DEBUG org.hibernate.SQL - select f1_0.id,f1_0.addressee_id,f1_0.created_at,f1_0.requester_id,f1_0.status from friendship f1_0
2026-01-16 18:35:00.377 [Test worker] DEBUG org.hibernate.SQL - select u1_0.id,u1_0.avatar_id,u1_0.background_id,u1_0.created_at,u1_0.email,u1_0.name,u1_0.password,u1_0.role_id,u1_0.username from app_user u1_0
2026-01-16 18:35:00.379 [Test worker] DEBUG org.hibernate.SQL - select r1_0.id,r1_0.name from role r1_0
2026-01-16 18:35:00.381 [Test worker] DEBUG org.hibernate.SQL - insert into role (name) values (?)
2026-01-16 18:35:00.382 [Test worker] DEBUG org.hibernate.SQL - insert into app_user (avatar_id,background_id,created_at,email,name,password,role_id,username) values (?,?,?,?,?,?,?,?)
2026-01-16 18:35:00.385 [Test worker] DEBUG org.hibernate.SQL - insert into app_user (avatar_id,background_id,created_at,email,name,password,role_id,username) values (?,?,?,?,?,?,?,?)
2026-01-16 18:35:00.387 [Test worker] DEBUG org.hibernate.SQL - insert into app_user (avatar_id,background_id,created_at,email,name,password,role_id,username) values (?,?,?,?,?,?,?,?)
2026-01-16 18:35:00.389 [Test worker] DEBUG org.hibernate.SQL - insert into friendship (addressee_id,created_at,requester_id,status) values (?,?,?,?)
2026-01-16 18:35:00.391 [Test worker] DEBUG org.hibernate.SQL - select f1_0.id,f1_0.addressee_id,f1_0.created_at,f1_0.requester_id,f1_0.status from friendship f1_0 where (f1_0.requester_id=? and f1_0.addressee_id=?) or (f1_0.requester_id=? and f1_0.addressee_id=?)
2026-01-16 18:35:00.398 [Test worker] DEBUG org.hibernate.SQL - select f1_0.id,f1_0.addressee_id,f1_0.created_at,f1_0.requester_id,f1_0.status from friendship f1_0
2026-01-16 18:35:00.401 [Test worker] DEBUG org.hibernate.SQL - select u1_0.id,u1_0.avatar_id,u1_0.background_id,u1_0.created_at,u1_0.email,u1_0.name,u1_0.password,u1_0.role_id,u1_0.username from app_user u1_0
2026-01-16 18:35:00.403 [Test worker] DEBUG org.hibernate.SQL - select r1_0.id,r1_0.name from role r1_0
2026-01-16 18:35:00.405 [Test worker] DEBUG org.hibernate.SQL - insert into role (name) values (?)
2026-01-16 18:35:00.406 [Test worker] DEBUG org.hibernate.SQL - insert into app_user (avatar_id,background_id,created_at,email,name,password,role_id,username) values (?,?,?,?,?,?,?,?)
2026-01-16 18:35:00.408 [Test worker] DEBUG org.hibernate.SQL - insert into app_user (avatar_id,background_id,created_at,email,name,password,role_id,username) values (?,?,?,?,?,?,?,?)
2026-01-16 18:35:00.411 [Test worker] DEBUG org.hibernate.SQL - insert into app_user (avatar_id,background_id,created_at,email,name,password,role_id,username) values (?,?,?,?,?,?,?,?)
2026-01-16 18:35:00.414 [Test worker] DEBUG org.hibernate.SQL - insert into friendship (addressee_id,created_at,requester_id,status) values (?,?,?,?)
2026-01-16 18:35:00.422 [Test worker] DEBUG org.hibernate.SQL - select f1_0.id,f1_0.addressee_id,f1_0.created_at,f1_0.requester_id,f1_0.status from friendship f1_0
2026-01-16 18:35:00.424 [Test worker] DEBUG org.hibernate.SQL - select u1_0.id,u1_0.avatar_id,u1_0.background_id,u1_0.created_at,u1_0.email,u1_0.name,u1_0.password,u1_0.role_id,u1_0.username from app_user u1_0
2026-01-16 18:35:00.426 [Test worker] DEBUG org.hibernate.SQL - select r1_0.id,r1_0.name from role r1_0
2026-01-16 18:35:00.427 [Test worker] DEBUG org.hibernate.SQL - insert into role (name) values (?)
2026-01-16 18:35:00.429 [Test worker] DEBUG org.hibernate.SQL - insert into app_user (avatar_id,background_id,created_at,email,name,password,role_id,username) values (?,?,?,?,?,?,?,?)
2026-01-16 18:35:00.431 [Test worker] DEBUG org.hibernate.SQL - insert into app_user (avatar_id,background_id,created_at,email,name,password,role_id,username) values (?,?,?,?,?,?,?,?)
2026-01-16 18:35:00.434 [Test worker] DEBUG org.hibernate.SQL - insert into app_user (avatar_id,background_id,created_at,email,name,password,role_id,username) values (?,?,?,?,?,?,?,?)
2026-01-16 18:35:00.438 [Test worker] DEBUG org.hibernate.SQL - insert into friendship (addressee_id,created_at,requester_id,status) values (?,?,?,?)
2026-01-16 18:35:00.440 [Test worker] DEBUG org.hibernate.SQL - select f1_0.id,f1_0.addressee_id,f1_0.created_at,f1_0.requester_id,f1_0.status from friendship f1_0 where (f1_0.requester_id=? and f1_0.addressee_id=?) or (f1_0.requester_id=? and f1_0.addressee_id=?)
2026-01-16 18:35:00.447 [Test worker] INFO  o.s.t.c.s.AnnotationConfigContextLoaderUtils - Could not detect default configuration classes for test class [nl.fontys.db3.backend.integration.repository.HazardCategoryRepositoryIT]: HazardCategoryRepositoryIT does not declare any static, non-private, non-final, nested classes annotated with @Configuration.
2026-01-16 18:35:00.454 [Test worker] INFO  o.s.b.t.c.SpringBootTestContextBootstrapper - Found @SpringBootConfiguration nl.fontys.db3.backend.BackendApplication for test class nl.fontys.db3.backend.integration.repository.HazardCategoryRepositoryIT
2026-01-16 18:35:00.457 [Test worker] DEBUG org.hibernate.SQL - select hc1_0.id,hc1_0.active,hc1_0.icon_path,hc1_0.name from hazard_category hc1_0
2026-01-16 18:35:00.461 [Test worker] DEBUG org.hibernate.SQL - insert into hazard_category (active,icon_path,name) values (?,?,?)
2026-01-16 18:35:00.464 [Test worker] DEBUG org.hibernate.SQL - insert into hazard_category (active,icon_path,name) values (?,?,?)
2026-01-16 18:35:00.470 [Test worker] DEBUG org.hibernate.SQL - select hc1_0.id,hc1_0.active,hc1_0.icon_path,hc1_0.name from hazard_category hc1_0
2026-01-16 18:35:00.472 [Test worker] DEBUG org.hibernate.SQL - insert into hazard_category (active,icon_path,name) values (?,?,?)
2026-01-16 18:35:00.474 [Test worker] DEBUG org.hibernate.SQL - insert into hazard_category (active,icon_path,name) values (?,?,?)
2026-01-16 18:35:00.476 [Test worker] DEBUG org.hibernate.SQL - select hc1_0.id,hc1_0.active,hc1_0.icon_path,hc1_0.name from hazard_category hc1_0
2026-01-16 18:35:00.482 [Test worker] DEBUG org.hibernate.SQL - select hc1_0.id,hc1_0.active,hc1_0.icon_path,hc1_0.name from hazard_category hc1_0
2026-01-16 18:35:00.484 [Test worker] DEBUG org.hibernate.SQL - insert into hazard_category (active,icon_path,name) values (?,?,?)
2026-01-16 18:35:00.489 [Test worker] DEBUG org.hibernate.SQL - select hc1_0.id,hc1_0.active,hc1_0.icon_path,hc1_0.name from hazard_category hc1_0
2026-01-16 18:35:00.490 [Test worker] DEBUG org.hibernate.SQL - insert into hazard_category (active,icon_path,name) values (?,?,?)
2026-01-16 18:35:00.497 [Test worker] INFO  o.s.t.c.s.AnnotationConfigContextLoaderUtils - Could not detect default configuration classes for test class [nl.fontys.db3.backend.integration.repository.HazardReportRepositoryIT]: HazardReportRepositoryIT does not declare any static, non-private, non-final, nested classes annotated with @Configuration.
2026-01-16 18:35:00.505 [Test worker] INFO  o.s.b.t.c.SpringBootTestContextBootstrapper - Found @SpringBootConfiguration nl.fontys.db3.backend.BackendApplication for test class nl.fontys.db3.backend.integration.repository.HazardReportRepositoryIT
2026-01-16 18:35:00.510 [Test worker] DEBUG org.hibernate.SQL - select hr1_0.id,hr1_0.category_id,hr1_0.created_at,hr1_0.created_by_id,hr1_0.latitude,hr1_0.longitude,hr1_0.status from hazard_report hr1_0
2026-01-16 18:35:00.513 [Test worker] DEBUG org.hibernate.SQL - select u1_0.id,u1_0.avatar_id,u1_0.background_id,u1_0.created_at,u1_0.email,u1_0.name,u1_0.password,u1_0.role_id,u1_0.username from app_user u1_0
2026-01-16 18:35:00.514 [Test worker] DEBUG org.hibernate.SQL - select hc1_0.id,hc1_0.active,hc1_0.icon_path,hc1_0.name from hazard_category hc1_0
2026-01-16 18:35:00.515 [Test worker] DEBUG org.hibernate.SQL - select r1_0.id,r1_0.name from role r1_0
2026-01-16 18:35:00.517 [Test worker] DEBUG org.hibernate.SQL - insert into role (name) values (?)
2026-01-16 18:35:00.518 [Test worker] DEBUG org.hibernate.SQL - insert into app_user (avatar_id,background_id,created_at,email,name,password,role_id,username) values (?,?,?,?,?,?,?,?)
2026-01-16 18:35:00.520 [Test worker] DEBUG org.hibernate.SQL - insert into hazard_category (active,icon_path,name) values (?,?,?)
2026-01-16 18:35:00.521 [Test worker] DEBUG org.hibernate.SQL - insert into hazard_category (active,icon_path,name) values (?,?,?)
2026-01-16 18:35:00.523 [Test worker] DEBUG org.hibernate.SQL - insert into hazard_report (category_id,created_at,created_by_id,latitude,longitude,status) values (?,?,?,?,?,?)
2026-01-16 18:35:00.525 [Test worker] DEBUG org.hibernate.SQL - insert into hazard_report (category_id,created_at,created_by_id,latitude,longitude,status) values (?,?,?,?,?,?)
2026-01-16 18:35:00.528 [Test worker] DEBUG org.hibernate.SQL - select hr1_0.id,hr1_0.category_id,hr1_0.created_at,hr1_0.created_by_id,hr1_0.latitude,hr1_0.longitude,hr1_0.status from hazard_report hr1_0 left join hazard_category c1_0 on c1_0.id=hr1_0.category_id where c1_0.name=?
2026-01-16 18:35:00.534 [Test worker] DEBUG org.hibernate.SQL - select hr1_0.id,hr1_0.category_id,hr1_0.created_at,hr1_0.created_by_id,hr1_0.latitude,hr1_0.longitude,hr1_0.status from hazard_report hr1_0
2026-01-16 18:35:00.536 [Test worker] DEBUG org.hibernate.SQL - select u1_0.id,u1_0.avatar_id,u1_0.background_id,u1_0.created_at,u1_0.email,u1_0.name,u1_0.password,u1_0.role_id,u1_0.username from app_user u1_0
2026-01-16 18:35:00.537 [Test worker] DEBUG org.hibernate.SQL - select hc1_0.id,hc1_0.active,hc1_0.icon_path,hc1_0.name from hazard_category hc1_0
2026-01-16 18:35:00.539 [Test worker] DEBUG org.hibernate.SQL - select r1_0.id,r1_0.name from role r1_0
2026-01-16 18:35:00.540 [Test worker] DEBUG org.hibernate.SQL - insert into role (name) values (?)
2026-01-16 18:35:00.541 [Test worker] DEBUG org.hibernate.SQL - insert into app_user (avatar_id,background_id,created_at,email,name,password,role_id,username) values (?,?,?,?,?,?,?,?)
2026-01-16 18:35:00.543 [Test worker] DEBUG org.hibernate.SQL - insert into hazard_category (active,icon_path,name) values (?,?,?)
2026-01-16 18:35:00.545 [Test worker] DEBUG org.hibernate.SQL - insert into hazard_report (category_id,created_at,created_by_id,latitude,longitude,status) values (?,?,?,?,?,?)
2026-01-16 18:35:00.547 [Test worker] DEBUG org.hibernate.SQL - insert into hazard_report (category_id,created_at,created_by_id,latitude,longitude,status) values (?,?,?,?,?,?)
2026-01-16 18:35:00.549 [Test worker] DEBUG org.hibernate.SQL - select hr1_0.id,hr1_0.category_id,hr1_0.created_at,hr1_0.created_by_id,hr1_0.latitude,hr1_0.longitude,hr1_0.status from hazard_report hr1_0 left join app_user cb1_0 on cb1_0.id=hr1_0.created_by_id where cb1_0.username=? order by hr1_0.id desc
2026-01-16 18:35:00.557 [Test worker] DEBUG org.hibernate.SQL - select hr1_0.id,hr1_0.category_id,hr1_0.created_at,hr1_0.created_by_id,hr1_0.latitude,hr1_0.longitude,hr1_0.status from hazard_report hr1_0
2026-01-16 18:35:00.560 [Test worker] DEBUG org.hibernate.SQL - select u1_0.id,u1_0.avatar_id,u1_0.background_id,u1_0.created_at,u1_0.email,u1_0.name,u1_0.password,u1_0.role_id,u1_0.username from app_user u1_0
2026-01-16 18:35:00.562 [Test worker] DEBUG org.hibernate.SQL - select hc1_0.id,hc1_0.active,hc1_0.icon_path,hc1_0.name from hazard_category hc1_0
2026-01-16 18:35:00.563 [Test worker] DEBUG org.hibernate.SQL - select r1_0.id,r1_0.name from role r1_0
2026-01-16 18:35:00.564 [Test worker] DEBUG org.hibernate.SQL - insert into role (name) values (?)
2026-01-16 18:35:00.566 [Test worker] DEBUG org.hibernate.SQL - insert into app_user (avatar_id,background_id,created_at,email,name,password,role_id,username) values (?,?,?,?,?,?,?,?)
2026-01-16 18:35:00.569 [Test worker] DEBUG org.hibernate.SQL - insert into hazard_category (active,icon_path,name) values (?,?,?)
2026-01-16 18:35:00.571 [Test worker] DEBUG org.hibernate.SQL - insert into hazard_report (category_id,created_at,created_by_id,latitude,longitude,status) values (?,?,?,?,?,?)
2026-01-16 18:35:00.573 [Test worker] DEBUG org.hibernate.SQL - insert into hazard_report (category_id,created_at,created_by_id,latitude,longitude,status) values (?,?,?,?,?,?)
2026-01-16 18:35:00.578 [Test worker] DEBUG org.hibernate.SQL - select hr1_0.id,hr1_0.category_id,hr1_0.created_at,hr1_0.created_by_id,hr1_0.latitude,hr1_0.longitude,hr1_0.status from hazard_report hr1_0 where hr1_0.status in (?)
2026-01-16 18:35:00.584 [Test worker] DEBUG org.hibernate.SQL - select hr1_0.id,hr1_0.category_id,hr1_0.created_at,hr1_0.created_by_id,hr1_0.latitude,hr1_0.longitude,hr1_0.status from hazard_report hr1_0
2026-01-16 18:35:00.587 [Test worker] DEBUG org.hibernate.SQL - select u1_0.id,u1_0.avatar_id,u1_0.background_id,u1_0.created_at,u1_0.email,u1_0.name,u1_0.password,u1_0.role_id,u1_0.username from app_user u1_0
2026-01-16 18:35:00.588 [Test worker] DEBUG org.hibernate.SQL - select hc1_0.id,hc1_0.active,hc1_0.icon_path,hc1_0.name from hazard_category hc1_0
2026-01-16 18:35:00.589 [Test worker] DEBUG org.hibernate.SQL - select r1_0.id,r1_0.name from role r1_0
2026-01-16 18:35:00.590 [Test worker] DEBUG org.hibernate.SQL - insert into role (name) values (?)
2026-01-16 18:35:00.591 [Test worker] DEBUG org.hibernate.SQL - insert into app_user (avatar_id,background_id,created_at,email,name,password,role_id,username) values (?,?,?,?,?,?,?,?)
2026-01-16 18:35:00.594 [Test worker] DEBUG org.hibernate.SQL - insert into hazard_category (active,icon_path,name) values (?,?,?)
2026-01-16 18:35:00.595 [Test worker] DEBUG org.hibernate.SQL - insert into hazard_report (category_id,created_at,created_by_id,latitude,longitude,status) values (?,?,?,?,?,?)
2026-01-16 18:35:00.597 [Test worker] DEBUG org.hibernate.SQL - insert into hazard_report (category_id,created_at,created_by_id,latitude,longitude,status) values (?,?,?,?,?,?)
2026-01-16 18:35:00.601 [Test worker] DEBUG org.hibernate.SQL - select hr1_0.id,hr1_0.category_id,hr1_0.created_at,hr1_0.created_by_id,hr1_0.latitude,hr1_0.longitude,hr1_0.status from hazard_report hr1_0 left join app_user cb1_0 on cb1_0.id=hr1_0.created_by_id where cb1_0.id=?
2026-01-16 18:35:00.608 [Test worker] DEBUG org.hibernate.SQL - select hr1_0.id,hr1_0.category_id,hr1_0.created_at,hr1_0.created_by_id,hr1_0.latitude,hr1_0.longitude,hr1_0.status from hazard_report hr1_0
2026-01-16 18:35:00.610 [Test worker] DEBUG org.hibernate.SQL - select u1_0.id,u1_0.avatar_id,u1_0.background_id,u1_0.created_at,u1_0.email,u1_0.name,u1_0.password,u1_0.role_id,u1_0.username from app_user u1_0
2026-01-16 18:35:00.611 [Test worker] DEBUG org.hibernate.SQL - select hc1_0.id,hc1_0.active,hc1_0.icon_path,hc1_0.name from hazard_category hc1_0
2026-01-16 18:35:00.612 [Test worker] DEBUG org.hibernate.SQL - select r1_0.id,r1_0.name from role r1_0
2026-01-16 18:35:00.613 [Test worker] DEBUG org.hibernate.SQL - insert into role (name) values (?)
2026-01-16 18:35:00.614 [Test worker] DEBUG org.hibernate.SQL - insert into app_user (avatar_id,background_id,created_at,email,name,password,role_id,username) values (?,?,?,?,?,?,?,?)
2026-01-16 18:35:00.617 [Test worker] DEBUG org.hibernate.SQL - insert into hazard_category (active,icon_path,name) values (?,?,?)
2026-01-16 18:35:00.619 [Test worker] DEBUG org.hibernate.SQL - insert into hazard_report (category_id,created_at,created_by_id,latitude,longitude,status) values (?,?,?,?,?,?)
2026-01-16 18:35:00.621 [Test worker] DEBUG org.hibernate.SQL - insert into hazard_report (category_id,created_at,created_by_id,latitude,longitude,status) values (?,?,?,?,?,?)
2026-01-16 18:35:00.625 [Test worker] DEBUG org.hibernate.SQL - select hr1_0.id,hr1_0.category_id,hr1_0.created_at,hr1_0.created_by_id,hr1_0.latitude,hr1_0.longitude,hr1_0.status from hazard_report hr1_0 where hr1_0.created_at>?
2026-01-16 18:35:00.632 [Test worker] DEBUG org.hibernate.SQL - select hr1_0.id,hr1_0.category_id,hr1_0.created_at,hr1_0.created_by_id,hr1_0.latitude,hr1_0.longitude,hr1_0.status from hazard_report hr1_0
2026-01-16 18:35:00.633 [Test worker] DEBUG org.hibernate.SQL - select u1_0.id,u1_0.avatar_id,u1_0.background_id,u1_0.created_at,u1_0.email,u1_0.name,u1_0.password,u1_0.role_id,u1_0.username from app_user u1_0
2026-01-16 18:35:00.635 [Test worker] DEBUG org.hibernate.SQL - select hc1_0.id,hc1_0.active,hc1_0.icon_path,hc1_0.name from hazard_category hc1_0
2026-01-16 18:35:00.636 [Test worker] DEBUG org.hibernate.SQL - select r1_0.id,r1_0.name from role r1_0
2026-01-16 18:35:00.637 [Test worker] DEBUG org.hibernate.SQL - insert into role (name) values (?)
2026-01-16 18:35:00.639 [Test worker] DEBUG org.hibernate.SQL - insert into app_user (avatar_id,background_id,created_at,email,name,password,role_id,username) values (?,?,?,?,?,?,?,?)
2026-01-16 18:35:00.640 [Test worker] DEBUG org.hibernate.SQL - insert into hazard_category (active,icon_path,name) values (?,?,?)
2026-01-16 18:35:00.642 [Test worker] DEBUG org.hibernate.SQL - insert into hazard_report (category_id,created_at,created_by_id,latitude,longitude,status) values (?,?,?,?,?,?)
2026-01-16 18:35:00.644 [Test worker] DEBUG org.hibernate.SQL - insert into hazard_report (category_id,created_at,created_by_id,latitude,longitude,status) values (?,?,?,?,?,?)
2026-01-16 18:35:00.648 [Test worker] DEBUG org.hibernate.SQL - select hr1_0.id,hr1_0.category_id,hr1_0.created_at,hr1_0.created_by_id,hr1_0.latitude,hr1_0.longitude,hr1_0.status from hazard_report hr1_0 where hr1_0.status=?
2026-01-16 18:35:00.654 [Test worker] DEBUG org.hibernate.SQL - select hr1_0.id,hr1_0.category_id,hr1_0.created_at,hr1_0.created_by_id,hr1_0.latitude,hr1_0.longitude,hr1_0.status from hazard_report hr1_0
2026-01-16 18:35:00.657 [Test worker] DEBUG org.hibernate.SQL - select u1_0.id,u1_0.avatar_id,u1_0.background_id,u1_0.created_at,u1_0.email,u1_0.name,u1_0.password,u1_0.role_id,u1_0.username from app_user u1_0
2026-01-16 18:35:00.658 [Test worker] DEBUG org.hibernate.SQL - select hc1_0.id,hc1_0.active,hc1_0.icon_path,hc1_0.name from hazard_category hc1_0
2026-01-16 18:35:00.660 [Test worker] DEBUG org.hibernate.SQL - select r1_0.id,r1_0.name from role r1_0
2026-01-16 18:35:00.662 [Test worker] DEBUG org.hibernate.SQL - insert into role (name) values (?)
2026-01-16 18:35:00.664 [Test worker] DEBUG org.hibernate.SQL - insert into app_user (avatar_id,background_id,created_at,email,name,password,role_id,username) values (?,?,?,?,?,?,?,?)
2026-01-16 18:35:00.665 [Test worker] DEBUG org.hibernate.SQL - insert into hazard_category (active,icon_path,name) values (?,?,?)
2026-01-16 18:35:00.667 [Test worker] DEBUG org.hibernate.SQL - insert into hazard_report (category_id,created_at,created_by_id,latitude,longitude,status) values (?,?,?,?,?,?)
2026-01-16 18:35:00.675 [Test worker] INFO  o.s.t.c.s.AnnotationConfigContextLoaderUtils - Could not detect default configuration classes for test class [nl.fontys.db3.backend.integration.repository.LiveTelemetryRepositoryIT]: LiveTelemetryRepositoryIT does not declare any static, non-private, non-final, nested classes annotated with @Configuration.
2026-01-16 18:35:00.686 [Test worker] INFO  o.s.b.t.c.SpringBootTestContextBootstrapper - Found @SpringBootConfiguration nl.fontys.db3.backend.BackendApplication for test class nl.fontys.db3.backend.integration.repository.LiveTelemetryRepositoryIT
2026-01-16 18:35:00.691 [Test worker] DEBUG org.hibernate.SQL - select lt1_0.id,lt1_0.device_id,lt1_0.last_updated,lt1_0.latitude,lt1_0.longitude,lt1_0.rpm,lt1_0.speed_kph from live_telemetry lt1_0
2026-01-16 18:35:00.694 [Test worker] DEBUG org.hibernate.SQL - insert into live_telemetry (device_id,last_updated,latitude,longitude,rpm,speed_kph) values (?,?,?,?,?,?)
2026-01-16 18:35:00.700 [Test worker] DEBUG org.hibernate.SQL - select lt1_0.id,lt1_0.device_id,lt1_0.last_updated,lt1_0.latitude,lt1_0.longitude,lt1_0.rpm,lt1_0.speed_kph from live_telemetry lt1_0
2026-01-16 18:35:00.703 [Test worker] DEBUG org.hibernate.SQL - select lt1_0.id,lt1_0.device_id,lt1_0.last_updated,lt1_0.latitude,lt1_0.longitude,lt1_0.rpm,lt1_0.speed_kph from live_telemetry lt1_0 where lt1_0.device_id=?
2026-01-16 18:35:00.709 [Test worker] DEBUG org.hibernate.SQL - select lt1_0.id,lt1_0.device_id,lt1_0.last_updated,lt1_0.latitude,lt1_0.longitude,lt1_0.rpm,lt1_0.speed_kph from live_telemetry lt1_0
2026-01-16 18:35:00.711 [Test worker] DEBUG org.hibernate.SQL - insert into live_telemetry (device_id,last_updated,latitude,longitude,rpm,speed_kph) values (?,?,?,?,?,?)
2026-01-16 18:35:00.713 [Test worker] DEBUG org.hibernate.SQL - select lt1_0.id,lt1_0.device_id,lt1_0.last_updated,lt1_0.latitude,lt1_0.longitude,lt1_0.rpm,lt1_0.speed_kph from live_telemetry lt1_0 where lt1_0.device_id=?
2026-01-16 18:35:00.718 [Test worker] DEBUG org.hibernate.SQL - select lt1_0.id,lt1_0.device_id,lt1_0.last_updated,lt1_0.latitude,lt1_0.longitude,lt1_0.rpm,lt1_0.speed_kph from live_telemetry lt1_0
2026-01-16 18:35:00.720 [Test worker] DEBUG org.hibernate.SQL - insert into live_telemetry (device_id,last_updated,latitude,longitude,rpm,speed_kph) values (?,?,?,?,?,?)
2026-01-16 18:35:00.722 [Test worker] DEBUG org.hibernate.SQL - insert into live_telemetry (device_id,last_updated,latitude,longitude,rpm,speed_kph) values (?,?,?,?,?,?)
2026-01-16 18:35:00.729 [Test worker] DEBUG org.hibernate.SQL - delete from live_telemetry lt1_0 where lt1_0.last_updated<?
2026-01-16 18:35:00.732 [Test worker] DEBUG org.hibernate.SQL - select lt1_0.id,lt1_0.device_id,lt1_0.last_updated,lt1_0.latitude,lt1_0.longitude,lt1_0.rpm,lt1_0.speed_kph from live_telemetry lt1_0 where lt1_0.device_id=?
2026-01-16 18:35:00.734 [Test worker] DEBUG org.hibernate.SQL - select lt1_0.id,lt1_0.device_id,lt1_0.last_updated,lt1_0.latitude,lt1_0.longitude,lt1_0.rpm,lt1_0.speed_kph from live_telemetry lt1_0 where lt1_0.device_id=?
2026-01-16 18:35:00.740 [Test worker] DEBUG org.hibernate.SQL - select lt1_0.id,lt1_0.device_id,lt1_0.last_updated,lt1_0.latitude,lt1_0.longitude,lt1_0.rpm,lt1_0.speed_kph from live_telemetry lt1_0
2026-01-16 18:35:00.741 [Test worker] DEBUG org.hibernate.SQL - insert into live_telemetry (device_id,last_updated,latitude,longitude,rpm,speed_kph) values (?,?,?,?,?,?)
2026-01-16 18:35:00.747 [Test worker] DEBUG org.hibernate.SQL - select lt1_0.id,lt1_0.device_id,lt1_0.last_updated,lt1_0.latitude,lt1_0.longitude,lt1_0.rpm,lt1_0.speed_kph from live_telemetry lt1_0
2026-01-16 18:35:00.748 [Test worker] DEBUG org.hibernate.SQL - insert into live_telemetry (device_id,last_updated,latitude,longitude,rpm,speed_kph) values (?,?,?,?,?,?)
2026-01-16 18:35:00.750 [Test worker] DEBUG org.hibernate.SQL - insert into live_telemetry (device_id,last_updated,latitude,longitude,rpm,speed_kph) values (?,?,?,?,?,?)
2026-01-16 18:35:00.753 [Test worker] WARN  o.h.e.jdbc.spi.SqlExceptionHelper - SQL Error: 0, SQLState: 23505
2026-01-16 18:35:00.753 [Test worker] ERROR o.h.e.jdbc.spi.SqlExceptionHelper - ERROR: duplicate key value violates unique constraint "uq_live_telemetry_device_id"
  Detail: Key (device_id)=(ESP32-LIVE-TEST) already exists.
2026-01-16 18:35:00.757 [Test worker] INFO  o.s.t.c.s.AnnotationConfigContextLoaderUtils - Could not detect default configuration classes for test class [nl.fontys.db3.backend.integration.repository.RoleRepositoryIT]: RoleRepositoryIT does not declare any static, non-private, non-final, nested classes annotated with @Configuration.
2026-01-16 18:35:00.764 [Test worker] INFO  o.s.b.t.c.SpringBootTestContextBootstrapper - Found @SpringBootConfiguration nl.fontys.db3.backend.BackendApplication for test class nl.fontys.db3.backend.integration.repository.RoleRepositoryIT
2026-01-16 18:35:00.767 [Test worker] DEBUG org.hibernate.SQL - select r1_0.id,r1_0.name from role r1_0
2026-01-16 18:35:00.770 [Test worker] DEBUG org.hibernate.SQL - insert into role (name) values (?)
2026-01-16 18:35:00.772 [Test worker] DEBUG org.hibernate.SQL - insert into role (name) values (?)
2026-01-16 18:35:00.773 [Test worker] DEBUG org.hibernate.SQL - select r1_0.id,r1_0.name from role r1_0
2026-01-16 18:35:00.778 [Test worker] DEBUG org.hibernate.SQL - select r1_0.id,r1_0.name from role r1_0
2026-01-16 18:35:00.780 [Test worker] DEBUG org.hibernate.SQL - insert into role (name) values (?)
2026-01-16 18:35:00.782 [Test worker] DEBUG org.hibernate.SQL - select r1_0.id,r1_0.name from role r1_0 where r1_0.name=?
2026-01-16 18:35:00.787 [Test worker] DEBUG org.hibernate.SQL - select r1_0.id,r1_0.name from role r1_0
2026-01-16 18:35:00.789 [Test worker] DEBUG org.hibernate.SQL - select r1_0.id,r1_0.name from role r1_0 where r1_0.name=?
2026-01-16 18:35:00.794 [Test worker] DEBUG org.hibernate.SQL - select r1_0.id,r1_0.name from role r1_0
2026-01-16 18:35:00.795 [Test worker] DEBUG org.hibernate.SQL - insert into role (name) values (?)
2026-01-16 18:35:00.800 [Test worker] INFO  o.s.t.c.s.AnnotationConfigContextLoaderUtils - Could not detect default configuration classes for test class [nl.fontys.db3.backend.integration.repository.StatisticsRepositoryIT]: StatisticsRepositoryIT does not declare any static, non-private, non-final, nested classes annotated with @Configuration.
2026-01-16 18:35:00.807 [Test worker] INFO  o.s.b.t.c.SpringBootTestContextBootstrapper - Found @SpringBootConfiguration nl.fontys.db3.backend.BackendApplication for test class nl.fontys.db3.backend.integration.repository.StatisticsRepositoryIT
2026-01-16 18:35:00.812 [Test worker] DEBUG org.hibernate.SQL - select s1_0.id,s1_0.total_distance_km,s1_0.total_hazards_reported,s1_0.total_trips,s1_0.total_votes,s1_0.user_id from "statistics" s1_0
2026-01-16 18:35:00.815 [Test worker] DEBUG org.hibernate.SQL - select u1_0.id,u1_0.avatar_id,u1_0.background_id,u1_0.created_at,u1_0.email,u1_0.name,u1_0.password,u1_0.role_id,u1_0.username from app_user u1_0
2026-01-16 18:35:00.817 [Test worker] DEBUG org.hibernate.SQL - select r1_0.id,r1_0.name from role r1_0
2026-01-16 18:35:00.819 [Test worker] DEBUG org.hibernate.SQL - insert into role (name) values (?)
2026-01-16 18:35:00.821 [Test worker] DEBUG org.hibernate.SQL - insert into app_user (avatar_id,background_id,created_at,email,name,password,role_id,username) values (?,?,?,?,?,?,?,?)
2026-01-16 18:35:00.823 [Test worker] DEBUG org.hibernate.SQL - insert into "statistics" (total_distance_km,total_hazards_reported,total_trips,total_votes,user_id) values (?,?,?,?,?)
2026-01-16 18:35:00.827 [Test worker] DEBUG org.hibernate.SQL - update "statistics" s1_0 set total_hazards_reported=(s1_0.total_hazards_reported+1) where s1_0.user_id=?
2026-01-16 18:35:00.830 [Test worker] DEBUG org.hibernate.SQL - select s1_0.id,s1_0.total_distance_km,s1_0.total_hazards_reported,s1_0.total_trips,s1_0.total_votes,s1_0.user_id from "statistics" s1_0 join app_user u1_0 on u1_0.id=s1_0.user_id where u1_0.id=?
2026-01-16 18:35:00.842 [Test worker] DEBUG org.hibernate.SQL - select s1_0.id,s1_0.total_distance_km,s1_0.total_hazards_reported,s1_0.total_trips,s1_0.total_votes,s1_0.user_id from "statistics" s1_0
2026-01-16 18:35:00.845 [Test worker] DEBUG org.hibernate.SQL - select u1_0.id,u1_0.avatar_id,u1_0.background_id,u1_0.created_at,u1_0.email,u1_0.name,u1_0.password,u1_0.role_id,u1_0.username from app_user u1_0
2026-01-16 18:35:00.846 [Test worker] DEBUG org.hibernate.SQL - select r1_0.id,r1_0.name from role r1_0
2026-01-16 18:35:00.847 [Test worker] DEBUG org.hibernate.SQL - insert into role (name) values (?)
2026-01-16 18:35:00.848 [Test worker] DEBUG org.hibernate.SQL - insert into app_user (avatar_id,background_id,created_at,email,name,password,role_id,username) values (?,?,?,?,?,?,?,?)
2026-01-16 18:35:00.850 [Test worker] DEBUG org.hibernate.SQL - insert into "statistics" (total_distance_km,total_hazards_reported,total_trips,total_votes,user_id) values (?,?,?,?,?)
2026-01-16 18:35:00.855 [Test worker] DEBUG org.hibernate.SQL - update "statistics" s1_0 set total_votes=(s1_0.total_votes+1) where s1_0.user_id=?
2026-01-16 18:35:00.857 [Test worker] DEBUG org.hibernate.SQL - select s1_0.id,s1_0.total_distance_km,s1_0.total_hazards_reported,s1_0.total_trips,s1_0.total_votes,s1_0.user_id from "statistics" s1_0 join app_user u1_0 on u1_0.id=s1_0.user_id where u1_0.id=?
2026-01-16 18:35:00.864 [Test worker] DEBUG org.hibernate.SQL - select s1_0.id,s1_0.total_distance_km,s1_0.total_hazards_reported,s1_0.total_trips,s1_0.total_votes,s1_0.user_id from "statistics" s1_0
2026-01-16 18:35:00.865 [Test worker] DEBUG org.hibernate.SQL - select u1_0.id,u1_0.avatar_id,u1_0.background_id,u1_0.created_at,u1_0.email,u1_0.name,u1_0.password,u1_0.role_id,u1_0.username from app_user u1_0
2026-01-16 18:35:00.866 [Test worker] DEBUG org.hibernate.SQL - select r1_0.id,r1_0.name from role r1_0
2026-01-16 18:35:00.867 [Test worker] DEBUG org.hibernate.SQL - insert into role (name) values (?)
2026-01-16 18:35:00.869 [Test worker] DEBUG org.hibernate.SQL - insert into app_user (avatar_id,background_id,created_at,email,name,password,role_id,username) values (?,?,?,?,?,?,?,?)
2026-01-16 18:35:00.872 [Test worker] DEBUG org.hibernate.SQL - select s1_0.id from "statistics" s1_0 join app_user u1_0 on u1_0.id=s1_0.user_id where u1_0.id=? fetch first ? rows only
2026-01-16 18:35:00.880 [Test worker] DEBUG org.hibernate.SQL - select s1_0.id,s1_0.total_distance_km,s1_0.total_hazards_reported,s1_0.total_trips,s1_0.total_votes,s1_0.user_id from "statistics" s1_0
2026-01-16 18:35:00.881 [Test worker] DEBUG org.hibernate.SQL - select u1_0.id,u1_0.avatar_id,u1_0.background_id,u1_0.created_at,u1_0.email,u1_0.name,u1_0.password,u1_0.role_id,u1_0.username from app_user u1_0
2026-01-16 18:35:00.883 [Test worker] DEBUG org.hibernate.SQL - select r1_0.id,r1_0.name from role r1_0
2026-01-16 18:35:00.884 [Test worker] DEBUG org.hibernate.SQL - insert into role (name) values (?)
2026-01-16 18:35:00.886 [Test worker] DEBUG org.hibernate.SQL - insert into app_user (avatar_id,background_id,created_at,email,name,password,role_id,username) values (?,?,?,?,?,?,?,?)
2026-01-16 18:35:00.888 [Test worker] DEBUG org.hibernate.SQL - insert into "statistics" (total_distance_km,total_hazards_reported,total_trips,total_votes,user_id) values (?,?,?,?,?)
2026-01-16 18:35:00.890 [Test worker] DEBUG org.hibernate.SQL - insert into "statistics" (total_distance_km,total_hazards_reported,total_trips,total_votes,user_id) values (?,?,?,?,?)
2026-01-16 18:35:00.892 [Test worker] WARN  o.h.e.jdbc.spi.SqlExceptionHelper - SQL Error: 0, SQLState: 23505
2026-01-16 18:35:00.892 [Test worker] ERROR o.h.e.jdbc.spi.SqlExceptionHelper - ERROR: duplicate key value violates unique constraint "statistics_user_id_key"
  Detail: Key (user_id)=(8411) already exists.
2026-01-16 18:35:00.898 [Test worker] DEBUG org.hibernate.SQL - select s1_0.id,s1_0.total_distance_km,s1_0.total_hazards_reported,s1_0.total_trips,s1_0.total_votes,s1_0.user_id from "statistics" s1_0
2026-01-16 18:35:00.900 [Test worker] DEBUG org.hibernate.SQL - select u1_0.id,u1_0.avatar_id,u1_0.background_id,u1_0.created_at,u1_0.email,u1_0.name,u1_0.password,u1_0.role_id,u1_0.username from app_user u1_0
2026-01-16 18:35:00.901 [Test worker] DEBUG org.hibernate.SQL - select r1_0.id,r1_0.name from role r1_0
2026-01-16 18:35:00.903 [Test worker] DEBUG org.hibernate.SQL - insert into role (name) values (?)
2026-01-16 18:35:00.904 [Test worker] DEBUG org.hibernate.SQL - insert into app_user (avatar_id,background_id,created_at,email,name,password,role_id,username) values (?,?,?,?,?,?,?,?)
2026-01-16 18:35:00.906 [Test worker] DEBUG org.hibernate.SQL - insert into "statistics" (total_distance_km,total_hazards_reported,total_trips,total_votes,user_id) values (?,?,?,?,?)
2026-01-16 18:35:00.909 [Test worker] DEBUG org.hibernate.SQL - select s1_0.id,s1_0.total_distance_km,s1_0.total_hazards_reported,s1_0.total_trips,s1_0.total_votes,s1_0.user_id from "statistics" s1_0 join app_user u1_0 on u1_0.id=s1_0.user_id where u1_0.id=?
2026-01-16 18:35:00.915 [Test worker] DEBUG org.hibernate.SQL - select s1_0.id,s1_0.total_distance_km,s1_0.total_hazards_reported,s1_0.total_trips,s1_0.total_votes,s1_0.user_id from "statistics" s1_0
2026-01-16 18:35:00.917 [Test worker] DEBUG org.hibernate.SQL - select u1_0.id,u1_0.avatar_id,u1_0.background_id,u1_0.created_at,u1_0.email,u1_0.name,u1_0.password,u1_0.role_id,u1_0.username from app_user u1_0
2026-01-16 18:35:00.918 [Test worker] DEBUG org.hibernate.SQL - select r1_0.id,r1_0.name from role r1_0
2026-01-16 18:35:00.919 [Test worker] DEBUG org.hibernate.SQL - insert into role (name) values (?)
2026-01-16 18:35:00.921 [Test worker] DEBUG org.hibernate.SQL - insert into app_user (avatar_id,background_id,created_at,email,name,password,role_id,username) values (?,?,?,?,?,?,?,?)
2026-01-16 18:35:00.923 [Test worker] DEBUG org.hibernate.SQL - insert into "statistics" (total_distance_km,total_hazards_reported,total_trips,total_votes,user_id) values (?,?,?,?,?)
2026-01-16 18:35:00.928 [Test worker] DEBUG org.hibernate.SQL - update "statistics" s1_0 set total_trips=(s1_0.total_trips+1),total_distance_km=(s1_0.total_distance_km+?) where s1_0.user_id=?
2026-01-16 18:35:00.930 [Test worker] DEBUG org.hibernate.SQL - select s1_0.id,s1_0.total_distance_km,s1_0.total_hazards_reported,s1_0.total_trips,s1_0.total_votes,s1_0.user_id from "statistics" s1_0 join app_user u1_0 on u1_0.id=s1_0.user_id where u1_0.id=?
2026-01-16 18:35:00.940 [Test worker] DEBUG org.hibernate.SQL - select s1_0.id,s1_0.total_distance_km,s1_0.total_hazards_reported,s1_0.total_trips,s1_0.total_votes,s1_0.user_id from "statistics" s1_0
2026-01-16 18:35:00.942 [Test worker] DEBUG org.hibernate.SQL - select u1_0.id,u1_0.avatar_id,u1_0.background_id,u1_0.created_at,u1_0.email,u1_0.name,u1_0.password,u1_0.role_id,u1_0.username from app_user u1_0
2026-01-16 18:35:00.943 [Test worker] DEBUG org.hibernate.SQL - select r1_0.id,r1_0.name from role r1_0
2026-01-16 18:35:00.945 [Test worker] DEBUG org.hibernate.SQL - insert into role (name) values (?)
2026-01-16 18:35:00.947 [Test worker] DEBUG org.hibernate.SQL - insert into app_user (avatar_id,background_id,created_at,email,name,password,role_id,username) values (?,?,?,?,?,?,?,?)
2026-01-16 18:35:00.949 [Test worker] DEBUG org.hibernate.SQL - insert into "statistics" (total_distance_km,total_hazards_reported,total_trips,total_votes,user_id) values (?,?,?,?,?)
2026-01-16 18:35:00.951 [Test worker] DEBUG org.hibernate.SQL - select s1_0.id from "statistics" s1_0 join app_user u1_0 on u1_0.id=s1_0.user_id where u1_0.id=? fetch first ? rows only
2026-01-16 18:35:00.958 [Test worker] DEBUG org.hibernate.SQL - select s1_0.id,s1_0.total_distance_km,s1_0.total_hazards_reported,s1_0.total_trips,s1_0.total_votes,s1_0.user_id from "statistics" s1_0
2026-01-16 18:35:00.961 [Test worker] DEBUG org.hibernate.SQL - select u1_0.id,u1_0.avatar_id,u1_0.background_id,u1_0.created_at,u1_0.email,u1_0.name,u1_0.password,u1_0.role_id,u1_0.username from app_user u1_0
2026-01-16 18:35:00.962 [Test worker] DEBUG org.hibernate.SQL - select r1_0.id,r1_0.name from role r1_0
2026-01-16 18:35:00.963 [Test worker] DEBUG org.hibernate.SQL - insert into role (name) values (?)
2026-01-16 18:35:00.964 [Test worker] DEBUG org.hibernate.SQL - insert into app_user (avatar_id,background_id,created_at,email,name,password,role_id,username) values (?,?,?,?,?,?,?,?)
2026-01-16 18:35:00.966 [Test worker] DEBUG org.hibernate.SQL - insert into "statistics" (total_distance_km,total_hazards_reported,total_trips,total_votes,user_id) values (?,?,?,?,?)
2026-01-16 18:35:00.970 [Test worker] DEBUG org.hibernate.SQL - select s1_0.id,s1_0.total_distance_km,s1_0.total_hazards_reported,s1_0.total_trips,s1_0.total_votes,s1_0.user_id from "statistics" s1_0 join app_user u1_0 on u1_0.id=s1_0.user_id where u1_0.username=?
2026-01-16 18:35:00.976 [Test worker] DEBUG org.hibernate.SQL - select s1_0.id,s1_0.total_distance_km,s1_0.total_hazards_reported,s1_0.total_trips,s1_0.total_votes,s1_0.user_id from "statistics" s1_0
2026-01-16 18:35:00.978 [Test worker] DEBUG org.hibernate.SQL - select u1_0.id,u1_0.avatar_id,u1_0.background_id,u1_0.created_at,u1_0.email,u1_0.name,u1_0.password,u1_0.role_id,u1_0.username from app_user u1_0
2026-01-16 18:35:00.979 [Test worker] DEBUG org.hibernate.SQL - select r1_0.id,r1_0.name from role r1_0
2026-01-16 18:35:00.980 [Test worker] DEBUG org.hibernate.SQL - insert into role (name) values (?)
2026-01-16 18:35:00.982 [Test worker] DEBUG org.hibernate.SQL - insert into app_user (avatar_id,background_id,created_at,email,name,password,role_id,username) values (?,?,?,?,?,?,?,?)
2026-01-16 18:35:00.984 [Test worker] DEBUG org.hibernate.SQL - insert into "statistics" (total_distance_km,total_hazards_reported,total_trips,total_votes,user_id) values (?,?,?,?,?)
2026-01-16 18:35:00.989 [Test worker] INFO  o.s.t.c.s.AnnotationConfigContextLoaderUtils - Could not detect default configuration classes for test class [nl.fontys.db3.backend.integration.repository.TelemetryHistoryRepositoryIT]: TelemetryHistoryRepositoryIT does not declare any static, non-private, non-final, nested classes annotated with @Configuration.
2026-01-16 18:35:00.997 [Test worker] INFO  o.s.b.t.c.SpringBootTestContextBootstrapper - Found @SpringBootConfiguration nl.fontys.db3.backend.BackendApplication for test class nl.fontys.db3.backend.integration.repository.TelemetryHistoryRepositoryIT
2026-01-16 18:35:01.000 [Test worker] DEBUG org.hibernate.SQL - select th1_0.id,th1_0.battery_voltage_v,th1_0.coolant_temp_c,th1_0.device_id,th1_0.diagnostic_codes,th1_0.engine_load_pct,th1_0.fuel_level_pct,th1_0.intake_air_temp_c,th1_0.maf_air_flow,th1_0.map_pressure,th1_0.oil_temp_c,th1_0.rpm,th1_0.speed_kph,th1_0.throttle_pct,th1_0.timestamp,th1_0.timing_advance from telemetry_history th1_0
2026-01-16 18:35:01.003 [Test worker] DEBUG org.hibernate.SQL - insert into telemetry_history (battery_voltage_v,coolant_temp_c,device_id,diagnostic_codes,engine_load_pct,fuel_level_pct,intake_air_temp_c,maf_air_flow,map_pressure,oil_temp_c,rpm,speed_kph,throttle_pct,timestamp,timing_advance) values (?,?,?,?,?,?,?,?,?,?,?,?,?,?,?)
2026-01-16 18:35:01.005 [Test worker] DEBUG org.hibernate.SQL - insert into telemetry_history (battery_voltage_v,coolant_temp_c,device_id,diagnostic_codes,engine_load_pct,fuel_level_pct,intake_air_temp_c,maf_air_flow,map_pressure,oil_temp_c,rpm,speed_kph,throttle_pct,timestamp,timing_advance) values (?,?,?,?,?,?,?,?,?,?,?,?,?,?,?)
2026-01-16 18:35:01.007 [Test worker] DEBUG org.hibernate.SQL - select th1_0.id,th1_0.battery_voltage_v,th1_0.coolant_temp_c,th1_0.device_id,th1_0.diagnostic_codes,th1_0.engine_load_pct,th1_0.fuel_level_pct,th1_0.intake_air_temp_c,th1_0.maf_air_flow,th1_0.map_pressure,th1_0.oil_temp_c,th1_0.rpm,th1_0.speed_kph,th1_0.throttle_pct,th1_0.timestamp,th1_0.timing_advance from telemetry_history th1_0 where th1_0.device_id=? and th1_0.timestamp<?
2026-01-16 18:35:01.009 [Test worker] DEBUG org.hibernate.SQL - delete from telemetry_history where id=?
2026-01-16 18:35:01.010 [Test worker] DEBUG org.hibernate.SQL - select th1_0.id,th1_0.battery_voltage_v,th1_0.coolant_temp_c,th1_0.device_id,th1_0.diagnostic_codes,th1_0.engine_load_pct,th1_0.fuel_level_pct,th1_0.intake_air_temp_c,th1_0.maf_air_flow,th1_0.map_pressure,th1_0.oil_temp_c,th1_0.rpm,th1_0.speed_kph,th1_0.throttle_pct,th1_0.timestamp,th1_0.timing_advance from telemetry_history th1_0
2026-01-16 18:35:01.017 [Test worker] DEBUG org.hibernate.SQL - select th1_0.id,th1_0.battery_voltage_v,th1_0.coolant_temp_c,th1_0.device_id,th1_0.diagnostic_codes,th1_0.engine_load_pct,th1_0.fuel_level_pct,th1_0.intake_air_temp_c,th1_0.maf_air_flow,th1_0.map_pressure,th1_0.oil_temp_c,th1_0.rpm,th1_0.speed_kph,th1_0.throttle_pct,th1_0.timestamp,th1_0.timing_advance from telemetry_history th1_0
2026-01-16 18:35:01.019 [Test worker] DEBUG org.hibernate.SQL - insert into telemetry_history (battery_voltage_v,coolant_temp_c,device_id,diagnostic_codes,engine_load_pct,fuel_level_pct,intake_air_temp_c,maf_air_flow,map_pressure,oil_temp_c,rpm,speed_kph,throttle_pct,timestamp,timing_advance) values (?,?,?,?,?,?,?,?,?,?,?,?,?,?,?)
2026-01-16 18:35:01.020 [Test worker] DEBUG org.hibernate.SQL - insert into telemetry_history (battery_voltage_v,coolant_temp_c,device_id,diagnostic_codes,engine_load_pct,fuel_level_pct,intake_air_temp_c,maf_air_flow,map_pressure,oil_temp_c,rpm,speed_kph,throttle_pct,timestamp,timing_advance) values (?,?,?,?,?,?,?,?,?,?,?,?,?,?,?)
2026-01-16 18:35:01.023 [Test worker] DEBUG org.hibernate.SQL - select th1_0.id,th1_0.battery_voltage_v,th1_0.coolant_temp_c,th1_0.device_id,th1_0.diagnostic_codes,th1_0.engine_load_pct,th1_0.fuel_level_pct,th1_0.intake_air_temp_c,th1_0.maf_air_flow,th1_0.map_pressure,th1_0.oil_temp_c,th1_0.rpm,th1_0.speed_kph,th1_0.throttle_pct,th1_0.timestamp,th1_0.timing_advance from telemetry_history th1_0 where th1_0.device_id=? order by th1_0.timestamp desc fetch first ? rows only
2026-01-16 18:35:01.029 [Test worker] DEBUG org.hibernate.SQL - select th1_0.id,th1_0.battery_voltage_v,th1_0.coolant_temp_c,th1_0.device_id,th1_0.diagnostic_codes,th1_0.engine_load_pct,th1_0.fuel_level_pct,th1_0.intake_air_temp_c,th1_0.maf_air_flow,th1_0.map_pressure,th1_0.oil_temp_c,th1_0.rpm,th1_0.speed_kph,th1_0.throttle_pct,th1_0.timestamp,th1_0.timing_advance from telemetry_history th1_0
2026-01-16 18:35:01.031 [Test worker] DEBUG org.hibernate.SQL - insert into telemetry_history (battery_voltage_v,coolant_temp_c,device_id,diagnostic_codes,engine_load_pct,fuel_level_pct,intake_air_temp_c,maf_air_flow,map_pressure,oil_temp_c,rpm,speed_kph,throttle_pct,timestamp,timing_advance) values (?,?,?,?,?,?,?,?,?,?,?,?,?,?,?)
2026-01-16 18:35:01.032 [Test worker] DEBUG org.hibernate.SQL - insert into telemetry_history (battery_voltage_v,coolant_temp_c,device_id,diagnostic_codes,engine_load_pct,fuel_level_pct,intake_air_temp_c,maf_air_flow,map_pressure,oil_temp_c,rpm,speed_kph,throttle_pct,timestamp,timing_advance) values (?,?,?,?,?,?,?,?,?,?,?,?,?,?,?)
2026-01-16 18:35:01.035 [Test worker] DEBUG org.hibernate.SQL - insert into telemetry_history (battery_voltage_v,coolant_temp_c,device_id,diagnostic_codes,engine_load_pct,fuel_level_pct,intake_air_temp_c,maf_air_flow,map_pressure,oil_temp_c,rpm,speed_kph,throttle_pct,timestamp,timing_advance) values (?,?,?,?,?,?,?,?,?,?,?,?,?,?,?)
2026-01-16 18:35:01.037 [Test worker] DEBUG org.hibernate.SQL - select count(th1_0.id) from telemetry_history th1_0 where th1_0.device_id=?
2026-01-16 18:35:01.043 [Test worker] DEBUG org.hibernate.SQL - select th1_0.id,th1_0.battery_voltage_v,th1_0.coolant_temp_c,th1_0.device_id,th1_0.diagnostic_codes,th1_0.engine_load_pct,th1_0.fuel_level_pct,th1_0.intake_air_temp_c,th1_0.maf_air_flow,th1_0.map_pressure,th1_0.oil_temp_c,th1_0.rpm,th1_0.speed_kph,th1_0.throttle_pct,th1_0.timestamp,th1_0.timing_advance from telemetry_history th1_0
2026-01-16 18:35:01.045 [Test worker] DEBUG org.hibernate.SQL - insert into telemetry_history (battery_voltage_v,coolant_temp_c,device_id,diagnostic_codes,engine_load_pct,fuel_level_pct,intake_air_temp_c,maf_air_flow,map_pressure,oil_temp_c,rpm,speed_kph,throttle_pct,timestamp,timing_advance) values (?,?,?,?,?,?,?,?,?,?,?,?,?,?,?)
2026-01-16 18:35:01.047 [Test worker] DEBUG org.hibernate.SQL - insert into telemetry_history (battery_voltage_v,coolant_temp_c,device_id,diagnostic_codes,engine_load_pct,fuel_level_pct,intake_air_temp_c,maf_air_flow,map_pressure,oil_temp_c,rpm,speed_kph,throttle_pct,timestamp,timing_advance) values (?,?,?,?,?,?,?,?,?,?,?,?,?,?,?)
2026-01-16 18:35:01.048 [Test worker] DEBUG org.hibernate.SQL - insert into telemetry_history (battery_voltage_v,coolant_temp_c,device_id,diagnostic_codes,engine_load_pct,fuel_level_pct,intake_air_temp_c,maf_air_flow,map_pressure,oil_temp_c,rpm,speed_kph,throttle_pct,timestamp,timing_advance) values (?,?,?,?,?,?,?,?,?,?,?,?,?,?,?)
2026-01-16 18:35:01.050 [Test worker] DEBUG org.hibernate.SQL - insert into telemetry_history (battery_voltage_v,coolant_temp_c,device_id,diagnostic_codes,engine_load_pct,fuel_level_pct,intake_air_temp_c,maf_air_flow,map_pressure,oil_temp_c,rpm,speed_kph,throttle_pct,timestamp,timing_advance) values (?,?,?,?,?,?,?,?,?,?,?,?,?,?,?)
2026-01-16 18:35:01.055 [Test worker] DEBUG org.hibernate.SQL - select th1_0.id,th1_0.battery_voltage_v,th1_0.coolant_temp_c,th1_0.device_id,th1_0.diagnostic_codes,th1_0.engine_load_pct,th1_0.fuel_level_pct,th1_0.intake_air_temp_c,th1_0.maf_air_flow,th1_0.map_pressure,th1_0.oil_temp_c,th1_0.rpm,th1_0.speed_kph,th1_0.throttle_pct,th1_0.timestamp,th1_0.timing_advance from telemetry_history th1_0 where th1_0.device_id=? and th1_0.timestamp between ? and ? order by th1_0.timestamp desc fetch first ? rows only
2026-01-16 18:35:01.062 [Test worker] DEBUG org.hibernate.SQL - select th1_0.id,th1_0.battery_voltage_v,th1_0.coolant_temp_c,th1_0.device_id,th1_0.diagnostic_codes,th1_0.engine_load_pct,th1_0.fuel_level_pct,th1_0.intake_air_temp_c,th1_0.maf_air_flow,th1_0.map_pressure,th1_0.oil_temp_c,th1_0.rpm,th1_0.speed_kph,th1_0.throttle_pct,th1_0.timestamp,th1_0.timing_advance from telemetry_history th1_0
2026-01-16 18:35:01.064 [Test worker] DEBUG org.hibernate.SQL - insert into telemetry_history (battery_voltage_v,coolant_temp_c,device_id,diagnostic_codes,engine_load_pct,fuel_level_pct,intake_air_temp_c,maf_air_flow,map_pressure,oil_temp_c,rpm,speed_kph,throttle_pct,timestamp,timing_advance) values (?,?,?,?,?,?,?,?,?,?,?,?,?,?,?)
2026-01-16 18:35:01.069 [Test worker] INFO  o.s.t.c.s.AnnotationConfigContextLoaderUtils - Could not detect default configuration classes for test class [nl.fontys.db3.backend.integration.repository.TripRepositoryIT]: TripRepositoryIT does not declare any static, non-private, non-final, nested classes annotated with @Configuration.
2026-01-16 18:35:01.078 [Test worker] INFO  o.s.b.t.c.SpringBootTestContextBootstrapper - Found @SpringBootConfiguration nl.fontys.db3.backend.BackendApplication for test class nl.fontys.db3.backend.integration.repository.TripRepositoryIT
2026-01-16 18:35:01.082 [Test worker] DEBUG org.hibernate.SQL - select t1_0.id,t1_0.convoy_id,t1_0.created_at,t1_0.distance_km,t1_0.end_lat,t1_0.end_lng,t1_0.ended_at,t1_0.start_lat,t1_0.start_lng,t1_0.started_at,t1_0.user_id from trip t1_0
2026-01-16 18:35:01.085 [Test worker] DEBUG org.hibernate.SQL - select u1_0.id,u1_0.avatar_id,u1_0.background_id,u1_0.created_at,u1_0.email,u1_0.name,u1_0.password,u1_0.role_id,u1_0.username from app_user u1_0
2026-01-16 18:35:01.086 [Test worker] DEBUG org.hibernate.SQL - select r1_0.id,r1_0.name from role r1_0
2026-01-16 18:35:01.087 [Test worker] DEBUG org.hibernate.SQL - insert into role (name) values (?)
2026-01-16 18:35:01.088 [Test worker] DEBUG org.hibernate.SQL - insert into app_user (avatar_id,background_id,created_at,email,name,password,role_id,username) values (?,?,?,?,?,?,?,?)
2026-01-16 18:35:01.091 [Test worker] DEBUG org.hibernate.SQL - select t1_0.id,t1_0.convoy_id,t1_0.created_at,t1_0.distance_km,t1_0.end_lat,t1_0.end_lng,t1_0.ended_at,t1_0.start_lat,t1_0.start_lng,t1_0.started_at,t1_0.user_id from trip t1_0 join app_user u1_0 on u1_0.id=t1_0.user_id where u1_0.username=? order by t1_0.id desc
2026-01-16 18:35:01.097 [Test worker] DEBUG org.hibernate.SQL - select t1_0.id,t1_0.convoy_id,t1_0.created_at,t1_0.distance_km,t1_0.end_lat,t1_0.end_lng,t1_0.ended_at,t1_0.start_lat,t1_0.start_lng,t1_0.started_at,t1_0.user_id from trip t1_0
2026-01-16 18:35:01.099 [Test worker] DEBUG org.hibernate.SQL - select u1_0.id,u1_0.avatar_id,u1_0.background_id,u1_0.created_at,u1_0.email,u1_0.name,u1_0.password,u1_0.role_id,u1_0.username from app_user u1_0
2026-01-16 18:35:01.100 [Test worker] DEBUG org.hibernate.SQL - select r1_0.id,r1_0.name from role r1_0
2026-01-16 18:35:01.101 [Test worker] DEBUG org.hibernate.SQL - insert into role (name) values (?)
2026-01-16 18:35:01.103 [Test worker] DEBUG org.hibernate.SQL - insert into app_user (avatar_id,background_id,created_at,email,name,password,role_id,username) values (?,?,?,?,?,?,?,?)
2026-01-16 18:35:01.105 [Test worker] DEBUG org.hibernate.SQL - insert into trip (convoy_id,created_at,distance_km,end_lat,end_lng,ended_at,start_lat,start_lng,started_at,user_id) values (?,?,?,?,?,?,?,?,?,?)
2026-01-16 18:35:01.111 [Test worker] DEBUG org.hibernate.SQL - select t1_0.id,t1_0.convoy_id,t1_0.created_at,t1_0.distance_km,t1_0.end_lat,t1_0.end_lng,t1_0.ended_at,t1_0.start_lat,t1_0.start_lng,t1_0.started_at,t1_0.user_id from trip t1_0
2026-01-16 18:35:01.112 [Test worker] DEBUG org.hibernate.SQL - select u1_0.id,u1_0.avatar_id,u1_0.background_id,u1_0.created_at,u1_0.email,u1_0.name,u1_0.password,u1_0.role_id,u1_0.username from app_user u1_0
2026-01-16 18:35:01.113 [Test worker] DEBUG org.hibernate.SQL - select r1_0.id,r1_0.name from role r1_0
2026-01-16 18:35:01.114 [Test worker] DEBUG org.hibernate.SQL - insert into role (name) values (?)
2026-01-16 18:35:01.115 [Test worker] DEBUG org.hibernate.SQL - insert into app_user (avatar_id,background_id,created_at,email,name,password,role_id,username) values (?,?,?,?,?,?,?,?)
2026-01-16 18:35:01.118 [Test worker] DEBUG org.hibernate.SQL - insert into trip (convoy_id,created_at,distance_km,end_lat,end_lng,ended_at,start_lat,start_lng,started_at,user_id) values (?,?,?,?,?,?,?,?,?,?)
2026-01-16 18:35:01.119 [Test worker] DEBUG org.hibernate.SQL - insert into trip (convoy_id,created_at,distance_km,end_lat,end_lng,ended_at,start_lat,start_lng,started_at,user_id) values (?,?,?,?,?,?,?,?,?,?)
2026-01-16 18:35:01.122 [Test worker] DEBUG org.hibernate.SQL - select t1_0.id,t1_0.convoy_id,t1_0.created_at,t1_0.distance_km,t1_0.end_lat,t1_0.end_lng,t1_0.ended_at,t1_0.start_lat,t1_0.start_lng,t1_0.started_at,t1_0.user_id from trip t1_0 join app_user u1_0 on u1_0.id=t1_0.user_id where u1_0.username=? order by t1_0.id desc
2026-01-16 18:35:01.127 [Test worker] DEBUG org.hibernate.SQL - select t1_0.id,t1_0.convoy_id,t1_0.created_at,t1_0.distance_km,t1_0.end_lat,t1_0.end_lng,t1_0.ended_at,t1_0.start_lat,t1_0.start_lng,t1_0.started_at,t1_0.user_id from trip t1_0
2026-01-16 18:35:01.130 [Test worker] DEBUG org.hibernate.SQL - select u1_0.id,u1_0.avatar_id,u1_0.background_id,u1_0.created_at,u1_0.email,u1_0.name,u1_0.password,u1_0.role_id,u1_0.username from app_user u1_0
2026-01-16 18:35:01.131 [Test worker] DEBUG org.hibernate.SQL - select r1_0.id,r1_0.name from role r1_0
2026-01-16 18:35:01.131 [Test worker] DEBUG org.hibernate.SQL - insert into role (name) values (?)
2026-01-16 18:35:01.132 [Test worker] DEBUG org.hibernate.SQL - insert into app_user (avatar_id,background_id,created_at,email,name,password,role_id,username) values (?,?,?,?,?,?,?,?)
2026-01-16 18:35:01.135 [Test worker] DEBUG org.hibernate.SQL - insert into trip (convoy_id,created_at,distance_km,end_lat,end_lng,ended_at,start_lat,start_lng,started_at,user_id) values (?,?,?,?,?,?,?,?,?,?)
2026-01-16 18:35:01.140 [Test worker] INFO  o.s.t.c.s.AnnotationConfigContextLoaderUtils - Could not detect default configuration classes for test class [nl.fontys.db3.backend.integration.repository.UserRepositoryIT]: UserRepositoryIT does not declare any static, non-private, non-final, nested classes annotated with @Configuration.
2026-01-16 18:35:01.147 [Test worker] INFO  o.s.b.t.c.SpringBootTestContextBootstrapper - Found @SpringBootConfiguration nl.fontys.db3.backend.BackendApplication for test class nl.fontys.db3.backend.integration.repository.UserRepositoryIT
2026-01-16 18:35:01.150 [Test worker] DEBUG org.hibernate.SQL - select u1_0.id,u1_0.avatar_id,u1_0.background_id,u1_0.created_at,u1_0.email,u1_0.name,u1_0.password,u1_0.role_id,u1_0.username from app_user u1_0
2026-01-16 18:35:01.152 [Test worker] DEBUG org.hibernate.SQL - select r1_0.id,r1_0.name from role r1_0
2026-01-16 18:35:01.154 [Test worker] DEBUG org.hibernate.SQL - insert into role (name) values (?)
2026-01-16 18:35:01.155 [Test worker] DEBUG org.hibernate.SQL - insert into app_user (avatar_id,background_id,created_at,email,name,password,role_id,username) values (?,?,?,?,?,?,?,?)
2026-01-16 18:35:01.157 [Test worker] DEBUG org.hibernate.SQL - select u1_0.id from app_user u1_0 where u1_0.email=? fetch first ? rows only
2026-01-16 18:35:01.159 [Test worker] DEBUG org.hibernate.SQL - select u1_0.id from app_user u1_0 where u1_0.email=? fetch first ? rows only
2026-01-16 18:35:01.164 [Test worker] DEBUG org.hibernate.SQL - select u1_0.id,u1_0.avatar_id,u1_0.background_id,u1_0.created_at,u1_0.email,u1_0.name,u1_0.password,u1_0.role_id,u1_0.username from app_user u1_0
2026-01-16 18:35:01.165 [Test worker] DEBUG org.hibernate.SQL - select r1_0.id,r1_0.name from role r1_0
2026-01-16 18:35:01.166 [Test worker] DEBUG org.hibernate.SQL - insert into role (name) values (?)
2026-01-16 18:35:01.168 [Test worker] DEBUG org.hibernate.SQL - insert into app_user (avatar_id,background_id,created_at,email,name,password,role_id,username) values (?,?,?,?,?,?,?,?)
2026-01-16 18:35:01.171 [Test worker] DEBUG org.hibernate.SQL - select u1_0.id,u1_0.avatar_id,u1_0.background_id,u1_0.created_at,u1_0.email,u1_0.name,u1_0.password,u1_0.role_id,u1_0.username from app_user u1_0 where u1_0.email=?
2026-01-16 18:35:01.176 [Test worker] DEBUG org.hibernate.SQL - select u1_0.id,u1_0.avatar_id,u1_0.background_id,u1_0.created_at,u1_0.email,u1_0.name,u1_0.password,u1_0.role_id,u1_0.username from app_user u1_0
2026-01-16 18:35:01.178 [Test worker] DEBUG org.hibernate.SQL - select r1_0.id,r1_0.name from role r1_0
2026-01-16 18:35:01.179 [Test worker] DEBUG org.hibernate.SQL - insert into role (name) values (?)
2026-01-16 18:35:01.180 [Test worker] DEBUG org.hibernate.SQL - insert into app_user (avatar_id,background_id,created_at,email,name,password,role_id,username) values (?,?,?,?,?,?,?,?)
2026-01-16 18:35:01.183 [Test worker] DEBUG org.hibernate.SQL - select u1_0.id from app_user u1_0 where u1_0.username=? fetch first ? rows only
2026-01-16 18:35:01.184 [Test worker] DEBUG org.hibernate.SQL - select u1_0.id from app_user u1_0 where u1_0.username=? fetch first ? rows only
2026-01-16 18:35:01.189 [Test worker] DEBUG org.hibernate.SQL - select u1_0.id,u1_0.avatar_id,u1_0.background_id,u1_0.created_at,u1_0.email,u1_0.name,u1_0.password,u1_0.role_id,u1_0.username from app_user u1_0
2026-01-16 18:35:01.191 [Test worker] DEBUG org.hibernate.SQL - select r1_0.id,r1_0.name from role r1_0
2026-01-16 18:35:01.191 [Test worker] DEBUG org.hibernate.SQL - insert into role (name) values (?)
2026-01-16 18:35:01.193 [Test worker] DEBUG org.hibernate.SQL - insert into app_user (avatar_id,background_id,created_at,email,name,password,role_id,username) values (?,?,?,?,?,?,?,?)
2026-01-16 18:35:01.196 [Test worker] DEBUG org.hibernate.SQL - select u1_0.id,u1_0.avatar_id,u1_0.background_id,u1_0.created_at,u1_0.email,u1_0.name,u1_0.password,u1_0.role_id,u1_0.username from app_user u1_0 where u1_0.username=?
2026-01-16 18:35:01.202 [Test worker] DEBUG org.hibernate.SQL - select u1_0.id,u1_0.avatar_id,u1_0.background_id,u1_0.created_at,u1_0.email,u1_0.name,u1_0.password,u1_0.role_id,u1_0.username from app_user u1_0
2026-01-16 18:35:01.203 [Test worker] DEBUG org.hibernate.SQL - select r1_0.id,r1_0.name from role r1_0
2026-01-16 18:35:01.204 [Test worker] DEBUG org.hibernate.SQL - insert into role (name) values (?)
2026-01-16 18:35:01.206 [Test worker] DEBUG org.hibernate.SQL - insert into app_user (avatar_id,background_id,created_at,email,name,password,role_id,username) values (?,?,?,?,?,?,?,?)
2026-01-16 18:35:01.212 [Test worker] INFO  o.s.t.c.s.AnnotationConfigContextLoaderUtils - Could not detect default configuration classes for test class [nl.fontys.db3.backend.integration.repository.VoteRepositoryIT]: VoteRepositoryIT does not declare any static, non-private, non-final, nested classes annotated with @Configuration.
2026-01-16 18:35:01.218 [Test worker] INFO  o.s.b.t.c.SpringBootTestContextBootstrapper - Found @SpringBootConfiguration nl.fontys.db3.backend.BackendApplication for test class nl.fontys.db3.backend.integration.repository.VoteRepositoryIT
2026-01-16 18:35:01.222 [Test worker] DEBUG org.hibernate.SQL - select v1_0.id,v1_0.created_at,v1_0.hazard_report_id,v1_0.user_id,v1_0.vote_type from vote v1_0
2026-01-16 18:35:01.224 [Test worker] DEBUG org.hibernate.SQL - select hr1_0.id,hr1_0.category_id,hr1_0.created_at,hr1_0.created_by_id,hr1_0.latitude,hr1_0.longitude,hr1_0.status from hazard_report hr1_0
2026-01-16 18:35:01.226 [Test worker] DEBUG org.hibernate.SQL - select u1_0.id,u1_0.avatar_id,u1_0.background_id,u1_0.created_at,u1_0.email,u1_0.name,u1_0.password,u1_0.role_id,u1_0.username from app_user u1_0
2026-01-16 18:35:01.228 [Test worker] DEBUG org.hibernate.SQL - select hc1_0.id,hc1_0.active,hc1_0.icon_path,hc1_0.name from hazard_category hc1_0
2026-01-16 18:35:01.229 [Test worker] DEBUG org.hibernate.SQL - select r1_0.id,r1_0.name from role r1_0
2026-01-16 18:35:01.230 [Test worker] DEBUG org.hibernate.SQL - insert into role (name) values (?)
2026-01-16 18:35:01.231 [Test worker] DEBUG org.hibernate.SQL - insert into app_user (avatar_id,background_id,created_at,email,name,password,role_id,username) values (?,?,?,?,?,?,?,?)
2026-01-16 18:35:01.232 [Test worker] DEBUG org.hibernate.SQL - insert into app_user (avatar_id,background_id,created_at,email,name,password,role_id,username) values (?,?,?,?,?,?,?,?)
2026-01-16 18:35:01.234 [Test worker] DEBUG org.hibernate.SQL - insert into hazard_category (active,icon_path,name) values (?,?,?)
2026-01-16 18:35:01.235 [Test worker] DEBUG org.hibernate.SQL - insert into hazard_report (category_id,created_at,created_by_id,latitude,longitude,status) values (?,?,?,?,?,?)
2026-01-16 18:35:01.238 [Test worker] DEBUG org.hibernate.SQL - insert into vote (created_at,hazard_report_id,user_id,vote_type) values (?,?,?,?)
2026-01-16 18:35:01.241 [Test worker] DEBUG org.hibernate.SQL - select v1_0.id,v1_0.created_at,v1_0.hazard_report_id,v1_0.user_id,v1_0.vote_type from vote v1_0 join hazard_report hr1_0 on hr1_0.id=v1_0.hazard_report_id join app_user u1_0 on u1_0.id=v1_0.user_id where hr1_0.id=? and u1_0.id=?
2026-01-16 18:35:01.249 [Test worker] DEBUG org.hibernate.SQL - select v1_0.id,v1_0.created_at,v1_0.hazard_report_id,v1_0.user_id,v1_0.vote_type from vote v1_0
2026-01-16 18:35:01.251 [Test worker] DEBUG org.hibernate.SQL - select hr1_0.id,hr1_0.category_id,hr1_0.created_at,hr1_0.created_by_id,hr1_0.latitude,hr1_0.longitude,hr1_0.status from hazard_report hr1_0
2026-01-16 18:35:01.252 [Test worker] DEBUG org.hibernate.SQL - select u1_0.id,u1_0.avatar_id,u1_0.background_id,u1_0.created_at,u1_0.email,u1_0.name,u1_0.password,u1_0.role_id,u1_0.username from app_user u1_0
2026-01-16 18:35:01.254 [Test worker] DEBUG org.hibernate.SQL - select hc1_0.id,hc1_0.active,hc1_0.icon_path,hc1_0.name from hazard_category hc1_0
2026-01-16 18:35:01.255 [Test worker] DEBUG org.hibernate.SQL - select r1_0.id,r1_0.name from role r1_0
2026-01-16 18:35:01.256 [Test worker] DEBUG org.hibernate.SQL - insert into role (name) values (?)
2026-01-16 18:35:01.257 [Test worker] DEBUG org.hibernate.SQL - insert into app_user (avatar_id,background_id,created_at,email,name,password,role_id,username) values (?,?,?,?,?,?,?,?)
2026-01-16 18:35:01.260 [Test worker] DEBUG org.hibernate.SQL - insert into app_user (avatar_id,background_id,created_at,email,name,password,role_id,username) values (?,?,?,?,?,?,?,?)
2026-01-16 18:35:01.263 [Test worker] DEBUG org.hibernate.SQL - insert into hazard_category (active,icon_path,name) values (?,?,?)
2026-01-16 18:35:01.264 [Test worker] DEBUG org.hibernate.SQL - insert into hazard_report (category_id,created_at,created_by_id,latitude,longitude,status) values (?,?,?,?,?,?)
2026-01-16 18:35:01.267 [Test worker] DEBUG org.hibernate.SQL - insert into vote (created_at,hazard_report_id,user_id,vote_type) values (?,?,?,?)
2026-01-16 18:35:01.269 [Test worker] DEBUG org.hibernate.SQL - insert into vote (created_at,hazard_report_id,user_id,vote_type) values (?,?,?,?)
2026-01-16 18:35:01.270 [Test worker] WARN  o.h.e.jdbc.spi.SqlExceptionHelper - SQL Error: 0, SQLState: 23505
2026-01-16 18:35:01.270 [Test worker] ERROR o.h.e.jdbc.spi.SqlExceptionHelper - ERROR: duplicate key value violates unique constraint "uq_vote_user_hazard"
  Detail: Key (user_id, hazard_report_id)=(8428, 1708) already exists.
2026-01-16 18:35:01.275 [Test worker] DEBUG org.hibernate.SQL - select v1_0.id,v1_0.created_at,v1_0.hazard_report_id,v1_0.user_id,v1_0.vote_type from vote v1_0
2026-01-16 18:35:01.277 [Test worker] DEBUG org.hibernate.SQL - select hr1_0.id,hr1_0.category_id,hr1_0.created_at,hr1_0.created_by_id,hr1_0.latitude,hr1_0.longitude,hr1_0.status from hazard_report hr1_0
2026-01-16 18:35:01.278 [Test worker] DEBUG org.hibernate.SQL - select u1_0.id,u1_0.avatar_id,u1_0.background_id,u1_0.created_at,u1_0.email,u1_0.name,u1_0.password,u1_0.role_id,u1_0.username from app_user u1_0
2026-01-16 18:35:01.279 [Test worker] DEBUG org.hibernate.SQL - select hc1_0.id,hc1_0.active,hc1_0.icon_path,hc1_0.name from hazard_category hc1_0
2026-01-16 18:35:01.280 [Test worker] DEBUG org.hibernate.SQL - select r1_0.id,r1_0.name from role r1_0
2026-01-16 18:35:01.281 [Test worker] DEBUG org.hibernate.SQL - insert into role (name) values (?)
2026-01-16 18:35:01.282 [Test worker] DEBUG org.hibernate.SQL - insert into app_user (avatar_id,background_id,created_at,email,name,password,role_id,username) values (?,?,?,?,?,?,?,?)
2026-01-16 18:35:01.284 [Test worker] DEBUG org.hibernate.SQL - insert into app_user (avatar_id,background_id,created_at,email,name,password,role_id,username) values (?,?,?,?,?,?,?,?)
2026-01-16 18:35:01.286 [Test worker] DEBUG org.hibernate.SQL - insert into hazard_category (active,icon_path,name) values (?,?,?)
2026-01-16 18:35:01.288 [Test worker] DEBUG org.hibernate.SQL - insert into hazard_report (category_id,created_at,created_by_id,latitude,longitude,status) values (?,?,?,?,?,?)
2026-01-16 18:35:01.290 [Test worker] DEBUG org.hibernate.SQL - insert into vote (created_at,hazard_report_id,user_id,vote_type) values (?,?,?,?)
2026-01-16 18:35:01.291 [Test worker] DEBUG org.hibernate.SQL - insert into vote (created_at,hazard_report_id,user_id,vote_type) values (?,?,?,?)
2026-01-16 18:35:01.293 [Test worker] DEBUG org.hibernate.SQL - insert into app_user (avatar_id,background_id,created_at,email,name,password,role_id,username) values (?,?,?,?,?,?,?,?)
2026-01-16 18:35:01.295 [Test worker] DEBUG org.hibernate.SQL - insert into vote (created_at,hazard_report_id,user_id,vote_type) values (?,?,?,?)
2026-01-16 18:35:01.298 [Test worker] DEBUG org.hibernate.SQL - select count(v1_0.id) from vote v1_0 join hazard_report hr1_0 on hr1_0.id=v1_0.hazard_report_id where hr1_0.id=? and v1_0.vote_type=?
2026-01-16 18:35:01.300 [Test worker] DEBUG org.hibernate.SQL - select count(v1_0.id) from vote v1_0 join hazard_report hr1_0 on hr1_0.id=v1_0.hazard_report_id where hr1_0.id=? and v1_0.vote_type=?
2026-01-16 18:35:01.305 [Test worker] DEBUG org.hibernate.SQL - select v1_0.id,v1_0.created_at,v1_0.hazard_report_id,v1_0.user_id,v1_0.vote_type from vote v1_0
2026-01-16 18:35:01.307 [Test worker] DEBUG org.hibernate.SQL - select hr1_0.id,hr1_0.category_id,hr1_0.created_at,hr1_0.created_by_id,hr1_0.latitude,hr1_0.longitude,hr1_0.status from hazard_report hr1_0
2026-01-16 18:35:01.308 [Test worker] DEBUG org.hibernate.SQL - select u1_0.id,u1_0.avatar_id,u1_0.background_id,u1_0.created_at,u1_0.email,u1_0.name,u1_0.password,u1_0.role_id,u1_0.username from app_user u1_0
2026-01-16 18:35:01.309 [Test worker] DEBUG org.hibernate.SQL - select hc1_0.id,hc1_0.active,hc1_0.icon_path,hc1_0.name from hazard_category hc1_0
2026-01-16 18:35:01.310 [Test worker] DEBUG org.hibernate.SQL - select r1_0.id,r1_0.name from role r1_0
2026-01-16 18:35:01.311 [Test worker] DEBUG org.hibernate.SQL - insert into role (name) values (?)
2026-01-16 18:35:01.312 [Test worker] DEBUG org.hibernate.SQL - insert into app_user (avatar_id,background_id,created_at,email,name,password,role_id,username) values (?,?,?,?,?,?,?,?)
2026-01-16 18:35:01.314 [Test worker] DEBUG org.hibernate.SQL - insert into app_user (avatar_id,background_id,created_at,email,name,password,role_id,username) values (?,?,?,?,?,?,?,?)
2026-01-16 18:35:01.315 [Test worker] DEBUG org.hibernate.SQL - insert into hazard_category (active,icon_path,name) values (?,?,?)
2026-01-16 18:35:01.316 [Test worker] DEBUG org.hibernate.SQL - insert into hazard_report (category_id,created_at,created_by_id,latitude,longitude,status) values (?,?,?,?,?,?)
2026-01-16 18:35:01.320 [Test worker] DEBUG org.hibernate.SQL - insert into hazard_category (active,icon_path,name) values (?,?,?)
2026-01-16 18:35:01.321 [Test worker] DEBUG org.hibernate.SQL - insert into hazard_report (category_id,created_at,created_by_id,latitude,longitude,status) values (?,?,?,?,?,?)
2026-01-16 18:35:01.323 [Test worker] DEBUG org.hibernate.SQL - insert into vote (created_at,hazard_report_id,user_id,vote_type) values (?,?,?,?)
2026-01-16 18:35:01.325 [Test worker] DEBUG org.hibernate.SQL - insert into vote (created_at,hazard_report_id,user_id,vote_type) values (?,?,?,?)
2026-01-16 18:35:01.329 [Test worker] DEBUG org.hibernate.SQL - select count(v1_0.id) from vote v1_0 join app_user u1_0 on u1_0.id=v1_0.user_id where u1_0.username=?
2026-01-16 18:35:01.334 [Test worker] DEBUG org.hibernate.SQL - select v1_0.id,v1_0.created_at,v1_0.hazard_report_id,v1_0.user_id,v1_0.vote_type from vote v1_0
2026-01-16 18:35:01.336 [Test worker] DEBUG org.hibernate.SQL - select hr1_0.id,hr1_0.category_id,hr1_0.created_at,hr1_0.created_by_id,hr1_0.latitude,hr1_0.longitude,hr1_0.status from hazard_report hr1_0
2026-01-16 18:35:01.337 [Test worker] DEBUG org.hibernate.SQL - select u1_0.id,u1_0.avatar_id,u1_0.background_id,u1_0.created_at,u1_0.email,u1_0.name,u1_0.password,u1_0.role_id,u1_0.username from app_user u1_0
2026-01-16 18:35:01.338 [Test worker] DEBUG org.hibernate.SQL - select hc1_0.id,hc1_0.active,hc1_0.icon_path,hc1_0.name from hazard_category hc1_0
2026-01-16 18:35:01.339 [Test worker] DEBUG org.hibernate.SQL - select r1_0.id,r1_0.name from role r1_0
2026-01-16 18:35:01.340 [Test worker] DEBUG org.hibernate.SQL - insert into role (name) values (?)
2026-01-16 18:35:01.341 [Test worker] DEBUG org.hibernate.SQL - insert into app_user (avatar_id,background_id,created_at,email,name,password,role_id,username) values (?,?,?,?,?,?,?,?)
2026-01-16 18:35:01.343 [Test worker] DEBUG org.hibernate.SQL - insert into app_user (avatar_id,background_id,created_at,email,name,password,role_id,username) values (?,?,?,?,?,?,?,?)
2026-01-16 18:35:01.345 [Test worker] DEBUG org.hibernate.SQL - insert into hazard_category (active,icon_path,name) values (?,?,?)
2026-01-16 18:35:01.346 [Test worker] DEBUG org.hibernate.SQL - insert into hazard_report (category_id,created_at,created_by_id,latitude,longitude,status) values (?,?,?,?,?,?)
2026-01-16 18:35:01.349 [Test worker] DEBUG org.hibernate.SQL - select v1_0.id,v1_0.created_at,v1_0.hazard_report_id,v1_0.user_id,v1_0.vote_type from vote v1_0 join hazard_report hr1_0 on hr1_0.id=v1_0.hazard_report_id join app_user u1_0 on u1_0.id=v1_0.user_id where hr1_0.id=? and u1_0.id=?
2026-01-16 18:35:01.354 [Test worker] DEBUG org.hibernate.SQL - select v1_0.id,v1_0.created_at,v1_0.hazard_report_id,v1_0.user_id,v1_0.vote_type from vote v1_0
2026-01-16 18:35:01.356 [Test worker] DEBUG org.hibernate.SQL - select hr1_0.id,hr1_0.category_id,hr1_0.created_at,hr1_0.created_by_id,hr1_0.latitude,hr1_0.longitude,hr1_0.status from hazard_report hr1_0
2026-01-16 18:35:01.357 [Test worker] DEBUG org.hibernate.SQL - select u1_0.id,u1_0.avatar_id,u1_0.background_id,u1_0.created_at,u1_0.email,u1_0.name,u1_0.password,u1_0.role_id,u1_0.username from app_user u1_0
2026-01-16 18:35:01.358 [Test worker] DEBUG org.hibernate.SQL - select hc1_0.id,hc1_0.active,hc1_0.icon_path,hc1_0.name from hazard_category hc1_0
2026-01-16 18:35:01.359 [Test worker] DEBUG org.hibernate.SQL - select r1_0.id,r1_0.name from role r1_0
2026-01-16 18:35:01.360 [Test worker] DEBUG org.hibernate.SQL - insert into role (name) values (?)
2026-01-16 18:35:01.361 [Test worker] DEBUG org.hibernate.SQL - insert into app_user (avatar_id,background_id,created_at,email,name,password,role_id,username) values (?,?,?,?,?,?,?,?)
2026-01-16 18:35:01.363 [Test worker] DEBUG org.hibernate.SQL - insert into app_user (avatar_id,background_id,created_at,email,name,password,role_id,username) values (?,?,?,?,?,?,?,?)
2026-01-16 18:35:01.364 [Test worker] DEBUG org.hibernate.SQL - insert into hazard_category (active,icon_path,name) values (?,?,?)
2026-01-16 18:35:01.366 [Test worker] DEBUG org.hibernate.SQL - insert into hazard_report (category_id,created_at,created_by_id,latitude,longitude,status) values (?,?,?,?,?,?)
2026-01-16 18:35:01.368 [Test worker] DEBUG org.hibernate.SQL - insert into vote (created_at,hazard_report_id,user_id,vote_type) values (?,?,?,?)
2026-01-16 18:35:01.371 [Test worker] DEBUG org.hibernate.SQL - select v1_0.id from vote v1_0 join hazard_report hr1_0 on hr1_0.id=v1_0.hazard_report_id join app_user u1_0 on u1_0.id=v1_0.user_id where hr1_0.id=? and u1_0.id=? fetch first ? rows only
2026-01-16 18:35:01.376 [Test worker] DEBUG org.hibernate.SQL - select v1_0.id,v1_0.created_at,v1_0.hazard_report_id,v1_0.user_id,v1_0.vote_type from vote v1_0
2026-01-16 18:35:01.378 [Test worker] DEBUG org.hibernate.SQL - select hr1_0.id,hr1_0.category_id,hr1_0.created_at,hr1_0.created_by_id,hr1_0.latitude,hr1_0.longitude,hr1_0.status from hazard_report hr1_0
2026-01-16 18:35:01.379 [Test worker] DEBUG org.hibernate.SQL - select u1_0.id,u1_0.avatar_id,u1_0.background_id,u1_0.created_at,u1_0.email,u1_0.name,u1_0.password,u1_0.role_id,u1_0.username from app_user u1_0
2026-01-16 18:35:01.380 [Test worker] DEBUG org.hibernate.SQL - select hc1_0.id,hc1_0.active,hc1_0.icon_path,hc1_0.name from hazard_category hc1_0
2026-01-16 18:35:01.381 [Test worker] DEBUG org.hibernate.SQL - select r1_0.id,r1_0.name from role r1_0
2026-01-16 18:35:01.382 [Test worker] DEBUG org.hibernate.SQL - insert into role (name) values (?)
2026-01-16 18:35:01.383 [Test worker] DEBUG org.hibernate.SQL - insert into app_user (avatar_id,background_id,created_at,email,name,password,role_id,username) values (?,?,?,?,?,?,?,?)
2026-01-16 18:35:01.385 [Test worker] DEBUG org.hibernate.SQL - insert into app_user (avatar_id,background_id,created_at,email,name,password,role_id,username) values (?,?,?,?,?,?,?,?)
2026-01-16 18:35:01.386 [Test worker] DEBUG org.hibernate.SQL - insert into hazard_category (active,icon_path,name) values (?,?,?)
2026-01-16 18:35:01.387 [Test worker] DEBUG org.hibernate.SQL - insert into hazard_report (category_id,created_at,created_by_id,latitude,longitude,status) values (?,?,?,?,?,?)
2026-01-16 18:35:01.390 [Test worker] DEBUG org.hibernate.SQL - select v1_0.id from vote v1_0 join hazard_report hr1_0 on hr1_0.id=v1_0.hazard_report_id join app_user u1_0 on u1_0.id=v1_0.user_id where hr1_0.id=? and u1_0.id=? fetch first ? rows only
2026-01-16 18:35:01.396 [Test worker] DEBUG org.hibernate.SQL - select v1_0.id,v1_0.created_at,v1_0.hazard_report_id,v1_0.user_id,v1_0.vote_type from vote v1_0
2026-01-16 18:35:01.397 [Test worker] DEBUG org.hibernate.SQL - select hr1_0.id,hr1_0.category_id,hr1_0.created_at,hr1_0.created_by_id,hr1_0.latitude,hr1_0.longitude,hr1_0.status from hazard_report hr1_0
2026-01-16 18:35:01.398 [Test worker] DEBUG org.hibernate.SQL - select u1_0.id,u1_0.avatar_id,u1_0.background_id,u1_0.created_at,u1_0.email,u1_0.name,u1_0.password,u1_0.role_id,u1_0.username from app_user u1_0
2026-01-16 18:35:01.399 [Test worker] DEBUG org.hibernate.SQL - select hc1_0.id,hc1_0.active,hc1_0.icon_path,hc1_0.name from hazard_category hc1_0
2026-01-16 18:35:01.400 [Test worker] DEBUG org.hibernate.SQL - select r1_0.id,r1_0.name from role r1_0
2026-01-16 18:35:01.402 [Test worker] DEBUG org.hibernate.SQL - insert into role (name) values (?)
2026-01-16 18:35:01.403 [Test worker] DEBUG org.hibernate.SQL - insert into app_user (avatar_id,background_id,created_at,email,name,password,role_id,username) values (?,?,?,?,?,?,?,?)
2026-01-16 18:35:01.404 [Test worker] DEBUG org.hibernate.SQL - insert into app_user (avatar_id,background_id,created_at,email,name,password,role_id,username) values (?,?,?,?,?,?,?,?)
2026-01-16 18:35:01.406 [Test worker] DEBUG org.hibernate.SQL - insert into hazard_category (active,icon_path,name) values (?,?,?)
2026-01-16 18:35:01.407 [Test worker] DEBUG org.hibernate.SQL - insert into hazard_report (category_id,created_at,created_by_id,latitude,longitude,status) values (?,?,?,?,?,?)
2026-01-16 18:35:01.409 [Test worker] DEBUG org.hibernate.SQL - insert into vote (created_at,hazard_report_id,user_id,vote_type) values (?,?,?,?)
2026-01-16 18:35:01.411 [Test worker] DEBUG org.hibernate.SQL - insert into vote (created_at,hazard_report_id,user_id,vote_type) values (?,?,?,?)
2026-01-16 18:35:01.414 [Test worker] DEBUG org.hibernate.SQL - select v1_0.id,v1_0.created_at,v1_0.hazard_report_id,v1_0.user_id,v1_0.vote_type from vote v1_0 join hazard_report hr1_0 on hr1_0.id=v1_0.hazard_report_id where hr1_0.id=?
2026-01-16 18:35:01.419 [Test worker] DEBUG org.hibernate.SQL - select v1_0.id,v1_0.created_at,v1_0.hazard_report_id,v1_0.user_id,v1_0.vote_type from vote v1_0
2026-01-16 18:35:01.421 [Test worker] DEBUG org.hibernate.SQL - select hr1_0.id,hr1_0.category_id,hr1_0.created_at,hr1_0.created_by_id,hr1_0.latitude,hr1_0.longitude,hr1_0.status from hazard_report hr1_0
2026-01-16 18:35:01.421 [Test worker] DEBUG org.hibernate.SQL - select u1_0.id,u1_0.avatar_id,u1_0.background_id,u1_0.created_at,u1_0.email,u1_0.name,u1_0.password,u1_0.role_id,u1_0.username from app_user u1_0
2026-01-16 18:35:01.422 [Test worker] DEBUG org.hibernate.SQL - select hc1_0.id,hc1_0.active,hc1_0.icon_path,hc1_0.name from hazard_category hc1_0
2026-01-16 18:35:01.424 [Test worker] DEBUG org.hibernate.SQL - select r1_0.id,r1_0.name from role r1_0
2026-01-16 18:35:01.425 [Test worker] DEBUG org.hibernate.SQL - insert into role (name) values (?)
2026-01-16 18:35:01.427 [Test worker] DEBUG org.hibernate.SQL - insert into app_user (avatar_id,background_id,created_at,email,name,password,role_id,username) values (?,?,?,?,?,?,?,?)
2026-01-16 18:35:01.429 [Test worker] DEBUG org.hibernate.SQL - insert into app_user (avatar_id,background_id,created_at,email,name,password,role_id,username) values (?,?,?,?,?,?,?,?)
2026-01-16 18:35:01.430 [Test worker] DEBUG org.hibernate.SQL - insert into hazard_category (active,icon_path,name) values (?,?,?)
2026-01-16 18:35:01.431 [Test worker] DEBUG org.hibernate.SQL - insert into hazard_report (category_id,created_at,created_by_id,latitude,longitude,status) values (?,?,?,?,?,?)
2026-01-16 18:35:01.433 [Test worker] DEBUG org.hibernate.SQL - insert into vote (created_at,hazard_report_id,user_id,vote_type) values (?,?,?,?)
2026-01-16 18:35:01.439 [Test worker] INFO  o.s.t.c.s.AnnotationConfigContextLoaderUtils - Could not detect default configuration classes for test class [nl.fontys.db3.backend.integration.service.FriendshipServiceIT]: FriendshipServiceIT does not declare any static, non-private, non-final, nested classes annotated with @Configuration.
2026-01-16 18:35:01.449 [Test worker] INFO  o.s.b.t.c.SpringBootTestContextBootstrapper - Found @SpringBootConfiguration nl.fontys.db3.backend.BackendApplication for test class nl.fontys.db3.backend.integration.service.FriendshipServiceIT
2026-01-16 18:35:01.471 [Test worker] INFO  n.f.d.b.i.s.FriendshipServiceIT - Starting FriendshipServiceIT using Java 21.0.9 with PID 49060 (started by Oscar in C:\Users\Oscar\source\repos\individual-project-s3\backend)
2026-01-16 18:35:01.472 [Test worker] INFO  n.f.d.b.i.s.FriendshipServiceIT - The following 1 profile is active: "test"
2026-01-16 18:35:01.783 [Test worker] INFO  o.s.d.r.c.RepositoryConfigurationDelegate - Bootstrapping Spring Data JPA repositories in DEFAULT mode.
2026-01-16 18:35:01.823 [Test worker] INFO  o.s.d.r.c.RepositoryConfigurationDelegate - Finished Spring Data repository scanning in 37 ms. Found 14 JPA repository interfaces.
2026-01-16 18:35:01.928 [Test worker] INFO  com.zaxxer.hikari.HikariDataSource - HikariPool-3 - Starting...
2026-01-16 18:35:01.944 [Test worker] INFO  com.zaxxer.hikari.pool.HikariPool - HikariPool-3 - Added connection org.postgresql.jdbc.PgConnection@1730a561
2026-01-16 18:35:01.944 [Test worker] INFO  com.zaxxer.hikari.HikariDataSource - HikariPool-3 - Start completed.
2026-01-16 18:35:01.946 [Test worker] INFO  org.flywaydb.core.FlywayExecutor - Database: jdbc:postgresql://localhost:5432/testdb (PostgreSQL 16.11)
2026-01-16 18:35:01.965 [Test worker] INFO  o.f.core.internal.command.DbValidate - Successfully validated 3 migrations (execution time 00:00.008s)
2026-01-16 18:35:01.990 [Test worker] INFO  o.f.core.internal.command.DbMigrate - Current version of schema "public": 3
2026-01-16 18:35:01.991 [Test worker] INFO  o.f.core.internal.command.DbMigrate - Schema "public" is up to date. No migration necessary.
2026-01-16 18:35:02.023 [Test worker] INFO  o.s.o.j.p.SpringPersistenceUnitInfo - No LoadTimeWeaver setup: ignoring JPA class transformer
2026-01-16 18:35:02.160 [Test worker] INFO  o.s.o.j.LocalContainerEntityManagerFactoryBean - Initialized JPA EntityManagerFactory for persistence unit 'default'
2026-01-16 18:35:02.383 [Test worker] WARN  o.s.b.a.o.j.JpaBaseConfiguration$JpaWebConfiguration - spring.jpa.open-in-view is enabled by default. Therefore, database queries may be performed during view rendering. Explicitly configure spring.jpa.open-in-view to disable this warning
2026-01-16 18:35:02.483 [Test worker] INFO  o.s.b.a.e.web.EndpointLinksResolver - Exposing 1 endpoint beneath base path '/actuator'
2026-01-16 18:35:02.585 [Test worker] INFO  o.s.m.s.b.SimpleBrokerMessageHandler - Starting...
2026-01-16 18:35:02.585 [Test worker] INFO  o.s.m.s.b.SimpleBrokerMessageHandler - BrokerAvailabilityEvent[available=true, SimpleBrokerMessageHandler [org.springframework.messaging.simp.broker.DefaultSubscriptionRegistry@6305e191]]
2026-01-16 18:35:02.586 [Test worker] INFO  o.s.m.s.b.SimpleBrokerMessageHandler - Started.
2026-01-16 18:35:02.593 [Test worker] INFO  n.f.d.b.i.s.FriendshipServiceIT - Started FriendshipServiceIT in 1.139 seconds (process running for 31.678)
2026-01-16 18:35:02.604 [Test worker] DEBUG org.hibernate.SQL - select f1_0.id,f1_0.addressee_id,f1_0.created_at,f1_0.requester_id,f1_0.status from friendship f1_0
2026-01-16 18:35:02.608 [Test worker] DEBUG org.hibernate.SQL - select u1_0.id,u1_0.avatar_id,u1_0.background_id,u1_0.created_at,u1_0.email,u1_0.name,u1_0.password,u1_0.role_id,u1_0.username from app_user u1_0
2026-01-16 18:35:02.610 [Test worker] DEBUG org.hibernate.SQL - select r1_0.id,r1_0.name from role r1_0
2026-01-16 18:35:02.612 [Test worker] DEBUG org.hibernate.SQL - insert into role (name) values (?)
2026-01-16 18:35:02.614 [Test worker] DEBUG org.hibernate.SQL - insert into app_user (avatar_id,background_id,created_at,email,name,password,role_id,username) values (?,?,?,?,?,?,?,?)
2026-01-16 18:35:02.616 [Test worker] DEBUG org.hibernate.SQL - insert into app_user (avatar_id,background_id,created_at,email,name,password,role_id,username) values (?,?,?,?,?,?,?,?)
2026-01-16 18:35:02.618 [Test worker] DEBUG org.hibernate.SQL - insert into app_user (avatar_id,background_id,created_at,email,name,password,role_id,username) values (?,?,?,?,?,?,?,?)
2026-01-16 18:35:02.624 [Test worker] DEBUG org.hibernate.SQL - select f1_0.id,f1_0.addressee_id,f1_0.created_at,f1_0.requester_id,f1_0.status from friendship f1_0 where (f1_0.requester_id=? and f1_0.addressee_id=?) or (f1_0.requester_id=? and f1_0.addressee_id=?)
2026-01-16 18:35:02.627 [Test worker] DEBUG org.hibernate.SQL - insert into friendship (addressee_id,created_at,requester_id,status) values (?,?,?,?)
2026-01-16 18:35:02.630 [Test worker] DEBUG org.hibernate.SQL - select u1_0.id,u1_0.avatar_id,u1_0.background_id,u1_0.created_at,u1_0.email,u1_0.name,u1_0.password,u1_0.role_id,u1_0.username from app_user u1_0 where u1_0.username=?
2026-01-16 18:35:02.632 [Test worker] DEBUG org.hibernate.SQL - select f1_0.id,f1_0.addressee_id,f1_0.created_at,f1_0.requester_id,f1_0.status from friendship f1_0 where (f1_0.requester_id=? and f1_0.addressee_id=?) or (f1_0.requester_id=? and f1_0.addressee_id=?)
2026-01-16 18:35:02.634 [Test worker] DEBUG org.hibernate.SQL - update friendship set addressee_id=?,created_at=?,requester_id=?,status=? where id=?
2026-01-16 18:35:02.635 [Test worker] DEBUG org.hibernate.SQL - select f1_0.id,f1_0.addressee_id,f1_0.created_at,f1_0.requester_id,f1_0.status from friendship f1_0 where (f1_0.requester_id=? and f1_0.addressee_id=?) or (f1_0.requester_id=? and f1_0.addressee_id=?)
2026-01-16 18:35:02.637 [Test worker] DEBUG org.hibernate.SQL - insert into friendship (addressee_id,created_at,requester_id,status) values (?,?,?,?)
2026-01-16 18:35:02.638 [Test worker] DEBUG org.hibernate.SQL - select u1_0.id,u1_0.avatar_id,u1_0.background_id,u1_0.created_at,u1_0.email,u1_0.name,u1_0.password,u1_0.role_id,u1_0.username from app_user u1_0 where u1_0.username=?
2026-01-16 18:35:02.640 [Test worker] DEBUG org.hibernate.SQL - select f1_0.id,f1_0.addressee_id,f1_0.created_at,f1_0.requester_id,f1_0.status from friendship f1_0 where (f1_0.requester_id=? and f1_0.addressee_id=?) or (f1_0.requester_id=? and f1_0.addressee_id=?)
2026-01-16 18:35:02.642 [Test worker] DEBUG org.hibernate.SQL - update friendship set addressee_id=?,created_at=?,requester_id=?,status=? where id=?
2026-01-16 18:35:02.644 [Test worker] DEBUG org.hibernate.SQL - select f1_0.id,f1_0.addressee_id,f1_0.created_at,f1_0.requester_id,f1_0.status from friendship f1_0 join app_user r1_0 on r1_0.id=f1_0.requester_id join app_user a1_0 on a1_0.id=f1_0.addressee_id where f1_0.status=? and r1_0.id=? or f1_0.status=? and a1_0.id=?
2026-01-16 18:35:02.653 [Test worker] DEBUG org.hibernate.SQL - select f1_0.id,f1_0.addressee_id,f1_0.created_at,f1_0.requester_id,f1_0.status from friendship f1_0
2026-01-16 18:35:02.655 [Test worker] DEBUG org.hibernate.SQL - select u1_0.id,u1_0.avatar_id,u1_0.background_id,u1_0.created_at,u1_0.email,u1_0.name,u1_0.password,u1_0.role_id,u1_0.username from app_user u1_0
2026-01-16 18:35:02.657 [Test worker] DEBUG org.hibernate.SQL - select r1_0.id,r1_0.name from role r1_0
2026-01-16 18:35:02.658 [Test worker] DEBUG org.hibernate.SQL - insert into role (name) values (?)
2026-01-16 18:35:02.659 [Test worker] DEBUG org.hibernate.SQL - insert into app_user (avatar_id,background_id,created_at,email,name,password,role_id,username) values (?,?,?,?,?,?,?,?)
2026-01-16 18:35:02.661 [Test worker] DEBUG org.hibernate.SQL - insert into app_user (avatar_id,background_id,created_at,email,name,password,role_id,username) values (?,?,?,?,?,?,?,?)
2026-01-16 18:35:02.663 [Test worker] DEBUG org.hibernate.SQL - insert into app_user (avatar_id,background_id,created_at,email,name,password,role_id,username) values (?,?,?,?,?,?,?,?)
2026-01-16 18:35:02.666 [Test worker] DEBUG org.hibernate.SQL - select f1_0.id,f1_0.addressee_id,f1_0.created_at,f1_0.requester_id,f1_0.status from friendship f1_0 where (f1_0.requester_id=? and f1_0.addressee_id=?) or (f1_0.requester_id=? and f1_0.addressee_id=?)
2026-01-16 18:35:02.668 [Test worker] DEBUG org.hibernate.SQL - insert into friendship (addressee_id,created_at,requester_id,status) values (?,?,?,?)
2026-01-16 18:35:02.671 [Test worker] DEBUG org.hibernate.SQL - select f1_0.id,f1_0.addressee_id,f1_0.created_at,f1_0.requester_id,f1_0.status from friendship f1_0 where (f1_0.requester_id=? and f1_0.addressee_id=?) or (f1_0.requester_id=? and f1_0.addressee_id=?)
2026-01-16 18:35:02.681 [Test worker] DEBUG org.hibernate.SQL - select f1_0.id,f1_0.addressee_id,f1_0.created_at,f1_0.requester_id,f1_0.status from friendship f1_0
2026-01-16 18:35:02.685 [Test worker] DEBUG org.hibernate.SQL - select u1_0.id,u1_0.avatar_id,u1_0.background_id,u1_0.created_at,u1_0.email,u1_0.name,u1_0.password,u1_0.role_id,u1_0.username from app_user u1_0
2026-01-16 18:35:02.688 [Test worker] DEBUG org.hibernate.SQL - select r1_0.id,r1_0.name from role r1_0
2026-01-16 18:35:02.689 [Test worker] DEBUG org.hibernate.SQL - insert into role (name) values (?)
2026-01-16 18:35:02.691 [Test worker] DEBUG org.hibernate.SQL - insert into app_user (avatar_id,background_id,created_at,email,name,password,role_id,username) values (?,?,?,?,?,?,?,?)
2026-01-16 18:35:02.695 [Test worker] DEBUG org.hibernate.SQL - insert into app_user (avatar_id,background_id,created_at,email,name,password,role_id,username) values (?,?,?,?,?,?,?,?)
2026-01-16 18:35:02.697 [Test worker] DEBUG org.hibernate.SQL - insert into app_user (avatar_id,background_id,created_at,email,name,password,role_id,username) values (?,?,?,?,?,?,?,?)
2026-01-16 18:35:02.708 [Test worker] DEBUG org.hibernate.SQL - select f1_0.id,f1_0.addressee_id,f1_0.created_at,f1_0.requester_id,f1_0.status from friendship f1_0
2026-01-16 18:35:02.710 [Test worker] DEBUG org.hibernate.SQL - select u1_0.id,u1_0.avatar_id,u1_0.background_id,u1_0.created_at,u1_0.email,u1_0.name,u1_0.password,u1_0.role_id,u1_0.username from app_user u1_0
2026-01-16 18:35:02.712 [Test worker] DEBUG org.hibernate.SQL - select r1_0.id,r1_0.name from role r1_0
2026-01-16 18:35:02.714 [Test worker] DEBUG org.hibernate.SQL - insert into role (name) values (?)
2026-01-16 18:35:02.715 [Test worker] DEBUG org.hibernate.SQL - insert into app_user (avatar_id,background_id,created_at,email,name,password,role_id,username) values (?,?,?,?,?,?,?,?)
2026-01-16 18:35:02.718 [Test worker] DEBUG org.hibernate.SQL - insert into app_user (avatar_id,background_id,created_at,email,name,password,role_id,username) values (?,?,?,?,?,?,?,?)
2026-01-16 18:35:02.720 [Test worker] DEBUG org.hibernate.SQL - insert into app_user (avatar_id,background_id,created_at,email,name,password,role_id,username) values (?,?,?,?,?,?,?,?)
2026-01-16 18:35:02.724 [Test worker] DEBUG org.hibernate.SQL - select u1_0.id,u1_0.avatar_id,u1_0.background_id,u1_0.created_at,u1_0.email,u1_0.name,u1_0.password,u1_0.role_id,u1_0.username from app_user u1_0 where u1_0.username=?
2026-01-16 18:35:02.727 [Test worker] DEBUG org.hibernate.SQL - select f1_0.id,f1_0.addressee_id,f1_0.created_at,f1_0.requester_id,f1_0.status from friendship f1_0 where (f1_0.requester_id=? and f1_0.addressee_id=?) or (f1_0.requester_id=? and f1_0.addressee_id=?)
2026-01-16 18:35:02.729 [Test worker] DEBUG org.hibernate.SQL - insert into friendship (addressee_id,created_at,requester_id,status) values (?,?,?,?)
2026-01-16 18:35:02.741 [Test worker] DEBUG org.hibernate.SQL - select f1_0.id,f1_0.addressee_id,f1_0.created_at,f1_0.requester_id,f1_0.status from friendship f1_0
2026-01-16 18:35:02.745 [Test worker] DEBUG org.hibernate.SQL - select u1_0.id,u1_0.avatar_id,u1_0.background_id,u1_0.created_at,u1_0.email,u1_0.name,u1_0.password,u1_0.role_id,u1_0.username from app_user u1_0
2026-01-16 18:35:02.749 [Test worker] DEBUG org.hibernate.SQL - select r1_0.id,r1_0.name from role r1_0
2026-01-16 18:35:02.752 [Test worker] DEBUG org.hibernate.SQL - insert into role (name) values (?)
2026-01-16 18:35:02.755 [Test worker] DEBUG org.hibernate.SQL - insert into app_user (avatar_id,background_id,created_at,email,name,password,role_id,username) values (?,?,?,?,?,?,?,?)
2026-01-16 18:35:02.759 [Test worker] DEBUG org.hibernate.SQL - insert into app_user (avatar_id,background_id,created_at,email,name,password,role_id,username) values (?,?,?,?,?,?,?,?)
2026-01-16 18:35:02.763 [Test worker] DEBUG org.hibernate.SQL - insert into app_user (avatar_id,background_id,created_at,email,name,password,role_id,username) values (?,?,?,?,?,?,?,?)
2026-01-16 18:35:02.767 [Test worker] DEBUG org.hibernate.SQL - select f1_0.id,f1_0.addressee_id,f1_0.created_at,f1_0.requester_id,f1_0.status from friendship f1_0 where (f1_0.requester_id=? and f1_0.addressee_id=?) or (f1_0.requester_id=? and f1_0.addressee_id=?)
2026-01-16 18:35:02.771 [Test worker] DEBUG org.hibernate.SQL - insert into friendship (addressee_id,created_at,requester_id,status) values (?,?,?,?)
2026-01-16 18:35:02.777 [Test worker] DEBUG org.hibernate.SQL - select f1_0.id,f1_0.addressee_id,f1_0.created_at,f1_0.requester_id,f1_0.status from friendship f1_0 join app_user a1_0 on a1_0.id=f1_0.addressee_id where a1_0.id=? and f1_0.status=?
2026-01-16 18:35:02.781 [Test worker] DEBUG org.hibernate.SQL - select f1_0.id,f1_0.addressee_id,f1_0.created_at,f1_0.requester_id,f1_0.status from friendship f1_0 join app_user r1_0 on r1_0.id=f1_0.requester_id where r1_0.id=? and f1_0.status=?
2026-01-16 18:35:02.785 [Test worker] DEBUG org.hibernate.SQL - select u1_0.id,u1_0.avatar_id,u1_0.background_id,u1_0.created_at,u1_0.email,u1_0.name,u1_0.password,u1_0.role_id,u1_0.username from app_user u1_0 where u1_0.username=?
2026-01-16 18:35:02.788 [Test worker] DEBUG org.hibernate.SQL - select f1_0.id,f1_0.addressee_id,f1_0.created_at,f1_0.requester_id,f1_0.status from friendship f1_0 where (f1_0.requester_id=? and f1_0.addressee_id=?) or (f1_0.requester_id=? and f1_0.addressee_id=?)
2026-01-16 18:35:02.792 [Test worker] DEBUG org.hibernate.SQL - update friendship set addressee_id=?,created_at=?,requester_id=?,status=? where id=?
2026-01-16 18:35:02.795 [Test worker] DEBUG org.hibernate.SQL - select f1_0.id,f1_0.addressee_id,f1_0.created_at,f1_0.requester_id,f1_0.status from friendship f1_0 join app_user r1_0 on r1_0.id=f1_0.requester_id join app_user a1_0 on a1_0.id=f1_0.addressee_id where f1_0.status=? and r1_0.id=? or f1_0.status=? and a1_0.id=?
2026-01-16 18:35:02.798 [Test worker] DEBUG org.hibernate.SQL - select f1_0.id,f1_0.addressee_id,f1_0.created_at,f1_0.requester_id,f1_0.status from friendship f1_0 join app_user r1_0 on r1_0.id=f1_0.requester_id join app_user a1_0 on a1_0.id=f1_0.addressee_id where f1_0.status=? and r1_0.id=? or f1_0.status=? and a1_0.id=?
2026-01-16 18:35:02.801 [Test worker] DEBUG org.hibernate.SQL - select f1_0.id,f1_0.addressee_id,f1_0.created_at,f1_0.requester_id,f1_0.status from friendship f1_0 where (f1_0.requester_id=? and f1_0.addressee_id=?) or (f1_0.requester_id=? and f1_0.addressee_id=?)
2026-01-16 18:35:02.805 [Test worker] DEBUG org.hibernate.SQL - delete from friendship where id=?
2026-01-16 18:35:02.807 [Test worker] DEBUG org.hibernate.SQL - select f1_0.id,f1_0.addressee_id,f1_0.created_at,f1_0.requester_id,f1_0.status from friendship f1_0 join app_user r1_0 on r1_0.id=f1_0.requester_id join app_user a1_0 on a1_0.id=f1_0.addressee_id where f1_0.status=? and r1_0.id=? or f1_0.status=? and a1_0.id=?
2026-01-16 18:35:02.809 [Test worker] DEBUG org.hibernate.SQL - select f1_0.id,f1_0.addressee_id,f1_0.created_at,f1_0.requester_id,f1_0.status from friendship f1_0 join app_user r1_0 on r1_0.id=f1_0.requester_id join app_user a1_0 on a1_0.id=f1_0.addressee_id where f1_0.status=? and r1_0.id=? or f1_0.status=? and a1_0.id=?
2026-01-16 18:35:02.817 [Test worker] DEBUG org.hibernate.SQL - select f1_0.id,f1_0.addressee_id,f1_0.created_at,f1_0.requester_id,f1_0.status from friendship f1_0
2026-01-16 18:35:02.819 [Test worker] DEBUG org.hibernate.SQL - select u1_0.id,u1_0.avatar_id,u1_0.background_id,u1_0.created_at,u1_0.email,u1_0.name,u1_0.password,u1_0.role_id,u1_0.username from app_user u1_0
2026-01-16 18:35:02.821 [Test worker] DEBUG org.hibernate.SQL - select r1_0.id,r1_0.name from role r1_0
2026-01-16 18:35:02.822 [Test worker] DEBUG org.hibernate.SQL - insert into role (name) values (?)
2026-01-16 18:35:02.823 [Test worker] DEBUG org.hibernate.SQL - insert into app_user (avatar_id,background_id,created_at,email,name,password,role_id,username) values (?,?,?,?,?,?,?,?)
2026-01-16 18:35:02.825 [Test worker] DEBUG org.hibernate.SQL - insert into app_user (avatar_id,background_id,created_at,email,name,password,role_id,username) values (?,?,?,?,?,?,?,?)
2026-01-16 18:35:02.827 [Test worker] DEBUG org.hibernate.SQL - insert into app_user (avatar_id,background_id,created_at,email,name,password,role_id,username) values (?,?,?,?,?,?,?,?)
2026-01-16 18:35:02.830 [Test worker] DEBUG org.hibernate.SQL - select f1_0.id,f1_0.addressee_id,f1_0.created_at,f1_0.requester_id,f1_0.status from friendship f1_0 where (f1_0.requester_id=? and f1_0.addressee_id=?) or (f1_0.requester_id=? and f1_0.addressee_id=?)
2026-01-16 18:35:02.831 [Test worker] DEBUG org.hibernate.SQL - insert into friendship (addressee_id,created_at,requester_id,status) values (?,?,?,?)
2026-01-16 18:35:02.834 [Test worker] DEBUG org.hibernate.SQL - select f1_0.id,f1_0.addressee_id,f1_0.created_at,f1_0.requester_id,f1_0.status from friendship f1_0 join app_user a1_0 on a1_0.id=f1_0.addressee_id where a1_0.id=? and f1_0.status=?
2026-01-16 18:35:02.837 [Test worker] DEBUG org.hibernate.SQL - select u1_0.id,u1_0.avatar_id,u1_0.background_id,u1_0.created_at,u1_0.email,u1_0.name,u1_0.password,u1_0.role_id,u1_0.username from app_user u1_0 where u1_0.username=?
2026-01-16 18:35:02.840 [Test worker] DEBUG org.hibernate.SQL - select f1_0.id,f1_0.addressee_id,f1_0.created_at,f1_0.requester_id,f1_0.status from friendship f1_0 where (f1_0.requester_id=? and f1_0.addressee_id=?) or (f1_0.requester_id=? and f1_0.addressee_id=?)
2026-01-16 18:35:02.842 [Test worker] DEBUG org.hibernate.SQL - delete from friendship where id=?
2026-01-16 18:35:02.844 [Test worker] DEBUG org.hibernate.SQL - select f1_0.id,f1_0.addressee_id,f1_0.created_at,f1_0.requester_id,f1_0.status from friendship f1_0 join app_user a1_0 on a1_0.id=f1_0.addressee_id where a1_0.id=? and f1_0.status=?
2026-01-16 18:35:02.852 [Test worker] INFO  o.s.t.c.s.AnnotationConfigContextLoaderUtils - Could not detect default configuration classes for test class [nl.fontys.db3.backend.integration.service.TripServiceIT]: TripServiceIT does not declare any static, non-private, non-final, nested classes annotated with @Configuration.
2026-01-16 18:35:02.854 [Test worker] INFO  o.s.b.t.c.SpringBootTestContextBootstrapper - Found @SpringBootConfiguration nl.fontys.db3.backend.BackendApplication for test class nl.fontys.db3.backend.integration.service.TripServiceIT
2026-01-16 18:35:02.860 [Test worker] DEBUG org.hibernate.SQL - select r1_0.id,r1_0.name from role r1_0 where r1_0.name=?
2026-01-16 18:35:02.863 [Test worker] DEBUG org.hibernate.SQL - insert into role (name) values (?)
2026-01-16 18:35:02.864 [Test worker] DEBUG org.hibernate.SQL - insert into app_user (avatar_id,background_id,created_at,email,name,password,role_id,username) values (?,?,?,?,?,?,?,?)
2026-01-16 18:35:02.872 [Test worker] DEBUG org.hibernate.SQL - select count(*) from trip t1_0
2026-01-16 18:35:02.875 [Test worker] DEBUG org.hibernate.SQL - select s1_0.id,s1_0.total_distance_km,s1_0.total_hazards_reported,s1_0.total_trips,s1_0.total_votes,s1_0.user_id from "statistics" s1_0 join app_user u1_0 on u1_0.id=s1_0.user_id where u1_0.id=?
2026-01-16 18:35:06.197 [Test worker] INFO  n.f.db3.backend.service.AdminService - Updating user role - userId: 1, newRole: ADMIN
2026-01-16 18:35:06.199 [Test worker] WARN  n.f.db3.backend.service.AdminService - Update user role failed - user not found: userId: 1
2026-01-16 18:35:06.358 [Test worker] INFO  n.f.db3.backend.service.AdminService - Deactivating user - userId: 1
2026-01-16 18:35:06.361 [Test worker] INFO  n.f.db3.backend.service.AdminService - User deactivated successfully - userId: 1
2026-01-16 18:35:06.369 [Test worker] INFO  n.f.db3.backend.service.AdminService - Updating user role - userId: 1, newRole: INVALID
2026-01-16 18:35:06.372 [Test worker] WARN  n.f.db3.backend.service.AdminService - Update user role failed - role not found: userId: 1, roleName: INVALID
2026-01-16 18:35:06.416 [Test worker] INFO  n.f.db3.backend.service.AdminService - Updating user role - userId: 1, newRole: ADMIN
2026-01-16 18:35:06.416 [Test worker] INFO  n.f.db3.backend.service.AdminService - User role updated successfully - userId: 1, newRole: ADMIN
2026-01-16 18:35:06.430 [Test worker] WARN  n.f.db3.backend.service.AdminService - Get user failed - user not found: userId: 1
2026-01-16 18:35:06.449 [Test worker] INFO  n.f.db3.backend.service.AdminService - Deactivating user - userId: 1
2026-01-16 18:35:06.450 [Test worker] WARN  n.f.db3.backend.service.AdminService - Deactivate user failed - user not found: userId: 1
2026-01-16 18:35:06.886 [Test worker] INFO  n.f.d.backend.service.DeviceService - Device registered successfully - deviceId: device1, deviceDbId: null
2026-01-16 18:35:06.891 [Test worker] WARN  n.f.d.backend.service.DeviceService - Device registration failed - device already registered: deviceId: device1
2026-01-16 18:35:06.905 [Test worker] WARN  n.f.d.backend.service.DeviceService - Device registration failed - deviceId is required
2026-01-16 18:35:06.912 [Test worker] WARN  n.f.d.backend.service.DeviceService - Device registration failed - deviceId is required
2026-01-16 18:35:06.921 [Test worker] WARN  n.f.d.backend.service.DeviceService - Device registration failed - deviceId is required
2026-01-16 18:35:06.927 [Test worker] WARN  n.f.d.backend.service.DeviceService - Device registration failed - deviceId is required
2026-01-16 18:35:06.932 [Test worker] WARN  n.f.d.backend.service.DeviceService - Device registration failed - deviceId is required
2026-01-16 18:35:08.302 [Test worker] INFO  n.f.d.backend.service.HazardService - Creating hazard - creatorEmail: user@test.com, categoryId: 1, lat: 0.0, lng: 0.0
2026-01-16 18:35:08.557 [Test worker] INFO  n.f.d.backend.service.HazardService - Verifying hazard - hazardId: 1
2026-01-16 18:35:08.560 [Test worker] INFO  n.f.d.backend.service.HazardService - Hazard verified successfully - hazardId: 1
2026-01-16 18:35:08.566 [Test worker] INFO  n.f.d.backend.service.HazardService - Creating hazard - creatorEmail: user@test.com, categoryId: 1, lat: 51.44, lng: 5.48
2026-01-16 18:35:08.570 [Test worker] INFO  n.f.d.backend.service.HazardService - Hazard created successfully - hazardId: null, userId: 2, category: null
2026-01-16 18:35:08.575 [Test worker] INFO  n.f.d.backend.service.HazardService - Resolving hazard - hazardId: 1
2026-01-16 18:35:08.577 [Test worker] INFO  n.f.d.backend.service.HazardService - Hazard resolved successfully - hazardId: 1
2026-01-16 18:35:08.587 [Test worker] INFO  n.f.d.backend.service.HazardService - Creating hazard - creatorEmail: user@test.com, categoryId: null, lat: 0.0, lng: 0.0
2026-01-16 18:35:08.587 [Test worker] WARN  n.f.d.backend.service.HazardService - Hazard creation failed - category ID is null
2026-01-16 18:35:08.591 [Test worker] INFO  n.f.d.backend.service.HazardService - Creating hazard - creatorEmail: user@test.com, categoryId: 1, lat: 0.0, lng: 0.0
2026-01-16 18:35:08.591 [Test worker] WARN  n.f.d.backend.service.HazardService - Hazard creation failed - user not found: email: user@test.com
2026-01-16 18:35:08.596 [Test worker] INFO  n.f.d.backend.service.HazardService - Rejecting hazard - hazardId: 1
2026-01-16 18:35:08.598 [Test worker] INFO  n.f.d.backend.service.HazardService - Hazard rejected successfully - hazardId: 1
2026-01-16 18:35:08.601 [Test worker] INFO  n.f.d.backend.service.HazardService - Verifying hazard - hazardId: 1
2026-01-16 18:35:08.601 [Test worker] WARN  n.f.d.backend.service.HazardService - Hazard verification failed - cannot verify resolved/rejected hazard: hazardId: 1, status: RESOLVED
2026-01-16 18:35:09.230 [Test worker] WARN  n.f.d.b.service.StatisticsService - Get statistics failed - username is required
2026-01-16 18:35:09.366 [Test worker] ERROR n.f.d.b.service.StatisticsService - Increment trips failed - statistics row missing after creation: userId: 7
2026-01-16 18:35:09.380 [Test worker] ERROR n.f.d.b.service.StatisticsService - Increment hazards failed - user not found: userId: 7
2026-01-16 18:35:09.389 [Test worker] ERROR n.f.d.b.service.StatisticsService - Increment hazards failed - statistics row missing after creation: userId: 7
2026-01-16 18:35:09.395 [Test worker] WARN  n.f.d.b.service.StatisticsService - Get statistics failed - user not found: username: bob
2026-01-16 18:35:09.402 [Test worker] ERROR n.f.d.b.service.StatisticsService - Increment trips failed - user not found: userId: 7
2026-01-16 18:35:09.406 [Test worker] ERROR n.f.d.b.service.StatisticsService - Increment votes failed - user not found: userId: 7
2026-01-16 18:35:09.412 [Test worker] WARN  n.f.d.b.service.StatisticsService - Get statistics failed - username is required
2026-01-16 18:35:09.415 [Test worker] WARN  n.f.d.b.service.StatisticsService - Get statistics failed - username is required
2026-01-16 18:35:09.420 [Test worker] WARN  n.f.d.b.service.StatisticsService - Get statistics failed - username is required
2026-01-16 18:35:09.422 [Test worker] WARN  n.f.d.b.service.StatisticsService - Get statistics failed - username is required
2026-01-16 18:35:09.424 [Test worker] WARN  n.f.d.b.service.StatisticsService - Get statistics failed - username is required
2026-01-16 18:35:09.428 [Test worker] ERROR n.f.d.b.service.StatisticsService - Increment votes failed - statistics row missing after creation: userId: 7
2026-01-16 18:35:09.432 [Test worker] WARN  n.f.d.b.service.StatisticsService - Increment trips failed - negative distance: userId: 1, distanceKm: -0.1
2026-01-16 18:35:10.761 [Test worker] INFO  n.f.db3.backend.service.UserService - Deleting user - userId: 5
2026-01-16 18:35:10.763 [Test worker] WARN  n.f.db3.backend.service.UserService - User deletion failed - user not found: userId: 5
2026-01-16 18:35:10.769 [Test worker] ERROR n.f.db3.backend.service.UserService - User creation failed - default role USER not found
2026-01-16 18:35:10.773 [Test worker] INFO  n.f.db3.backend.service.UserService - User updated successfully - userId: null, username: null
2026-01-16 18:35:10.781 [Test worker] INFO  n.f.db3.backend.service.UserService - User created successfully - userId: null, username: johndoe, email: john@example.com
2026-01-16 18:35:10.786 [Test worker] WARN  n.f.db3.backend.service.UserService - User creation failed - username already exists: john
2026-01-16 18:35:10.790 [Test worker] WARN  n.f.db3.backend.service.UserService - User update failed - user not found: email: me@example.com
2026-01-16 18:35:10.793 [Test worker] INFO  n.f.db3.backend.service.UserService - Avatar changed successfully - userId: null, avatarName: avatar1
2026-01-16 18:35:10.798 [Test worker] WARN  n.f.db3.backend.service.UserService - Email change failed - incorrect current password: userId: null
2026-01-16 18:35:10.799 [Test worker] WARN  n.f.db3.backend.service.UserService - User update failed - userId: null, reason: Current password is incorrect
2026-01-16 18:35:10.802 [Test worker] WARN  n.f.db3.backend.service.UserService - Username change failed - username already exists: userId: null, newUsername: taken
2026-01-16 18:35:10.802 [Test worker] WARN  n.f.db3.backend.service.UserService - User update failed - userId: null, reason: Username already exists
2026-01-16 18:35:10.807 [Test worker] WARN  n.f.db3.backend.service.UserService - User creation failed - username is required
2026-01-16 18:35:10.816 [Test worker] INFO  n.f.db3.backend.service.UserService - User updated successfully - userId: null, username: newuser
2026-01-16 18:35:10.825 [Test worker] INFO  n.f.db3.backend.service.UserService - Background changed successfully - userId: null, backgroundName: bg1
2026-01-16 18:35:10.830 [Test worker] WARN  n.f.db3.backend.service.UserService - Background change failed - user not found: email: test@test.com
2026-01-16 18:35:10.834 [Test worker] INFO  n.f.db3.backend.service.UserService - User updated successfully - userId: null, username: user
2026-01-16 18:35:10.838 [Test worker] WARN  n.f.db3.backend.service.UserService - Avatar change failed - user not found: email: test@test.com
2026-01-16 18:35:10.964 [Test worker] WARN  n.f.db3.backend.service.VoteService - Vote failed - user not found: email: user@test.com
2026-01-16 18:35:10.969 [Test worker] WARN  n.f.db3.backend.service.VoteService - Vote failed - hazardId is null
2026-01-16 18:35:11.085 [Test worker] WARN  n.f.db3.backend.service.VoteService - Vote failed - user already voted: userId: 7, hazardId: 1
2026-01-16 18:35:11.090 [Test worker] WARN  n.f.db3.backend.service.VoteService - Vote failed - user trying to vote on own report: userId: 7, hazardId: 1
2026-01-16 18:35:11.099 [Test worker] INFO  n.f.db3.backend.service.VoteService - Vote saved successfully - voteId: null, userId: 7, hazardId: 99, voteType: UPVOTE
2026-01-16 18:35:11.102 [Test worker] WARN  n.f.db3.backend.service.VoteService - Vote failed - hazard not found: hazardId: 1
2026-01-16 18:35:11.177 [SpringApplicationShutdownHook] INFO  o.s.m.s.b.SimpleBrokerMessageHandler - Stopping...
2026-01-16 18:35:11.177 [SpringApplicationShutdownHook] INFO  o.s.m.s.b.SimpleBrokerMessageHandler - BrokerAvailabilityEvent[available=false, SimpleBrokerMessageHandler [org.springframework.messaging.simp.broker.DefaultSubscriptionRegistry@599e1ead]]
2026-01-16 18:35:11.178 [SpringApplicationShutdownHook] INFO  o.s.m.s.b.SimpleBrokerMessageHandler - Stopped.
2026-01-16 18:35:11.200 [SpringApplicationShutdownHook] INFO  o.s.o.j.LocalContainerEntityManagerFactoryBean - Closing JPA EntityManagerFactory for persistence unit 'default'
2026-01-16 18:35:11.210 [SpringApplicationShutdownHook] INFO  com.zaxxer.hikari.HikariDataSource - HikariPool-1 - Shutdown initiated...
2026-01-16 18:35:11.221 [SpringApplicationShutdownHook] INFO  com.zaxxer.hikari.HikariDataSource - HikariPool-1 - Shutdown completed.
2026-01-16 18:35:11.229 [SpringApplicationShutdownHook] INFO  o.s.o.j.LocalContainerEntityManagerFactoryBean - Closing JPA EntityManagerFactory for persistence unit 'default'
2026-01-16 18:35:11.230 [SpringApplicationShutdownHook] INFO  com.zaxxer.hikari.HikariDataSource - HikariPool-2 - Shutdown initiated...
2026-01-16 18:35:11.232 [SpringApplicationShutdownHook] INFO  com.zaxxer.hikari.HikariDataSource - HikariPool-2 - Shutdown completed.
2026-01-16 18:35:11.237 [SpringApplicationShutdownHook] INFO  o.s.m.s.b.SimpleBrokerMessageHandler - Stopping...
2026-01-16 18:35:11.238 [SpringApplicationShutdownHook] INFO  o.s.m.s.b.SimpleBrokerMessageHandler - BrokerAvailabilityEvent[available=false, SimpleBrokerMessageHandler [org.springframework.messaging.simp.broker.DefaultSubscriptionRegistry@6305e191]]
2026-01-16 18:35:11.238 [SpringApplicationShutdownHook] INFO  o.s.m.s.b.SimpleBrokerMessageHandler - Stopped.
2026-01-16 18:35:11.245 [SpringApplicationShutdownHook] INFO  o.s.o.j.LocalContainerEntityManagerFactoryBean - Closing JPA EntityManagerFactory for persistence unit 'default'
2026-01-16 18:35:11.246 [SpringApplicationShutdownHook] INFO  com.zaxxer.hikari.HikariDataSource - HikariPool-3 - Shutdown initiated...
2026-01-16 18:35:11.249 [SpringApplicationShutdownHook] INFO  com.zaxxer.hikari.HikariDataSource - HikariPool-3 - Shutdown completed.
